Модель	Наименование	Категория	Цена	Артикул	Ссылка на товар	Источник
Лабораторная посуда и принадлежности из стекла/Ареометры						
АУ 1000-1050	Ареометр стеклянный, уп. 1 шт.	Лабораторная посуда и принадлежности из стекла/Ареометры	1798	21000594	https://minimed.ru/product/290/	minimed.ru
АМ 1020-1040	Ареометр для молока, уп. 1шт.	Лабораторная посуда и принадлежности из стекла/Ареометры	1798	21000503	https://minimed.ru/product/288/	minimed.ru
АМТ 1015-1040	Ареометр для молока, с термометром, уп. 1 шт	Лабораторная посуда и принадлежности из стекла/Ареометры	3516	21000504	https://minimed.ru/product/289/	minimed.ru

Лабораторная посуда и принадлежности из стекла/Банки лабораторные из светлого стекла с делениями и навинчивающейся полипропиленовой крышкой, Китай						
50 мл	Банка лабораторная стеклянная, с делениями, с навинчив. крышкой, светлое стекло, уп.10шт/кор160 шт.	Лабораторная посуда и принадлежности из стекла/Банки лабораторные из светлого стекла с делениями и навинчивающейся полипропиленовой крышкой, Китай	157	10006811	https://minimed.ru/product/299/	minimed.ru
100 мл	Банка лабораторная стеклянная, с делениями, с навинчив. крышкой, светлое стекло, уп.10/80 шт	Лабораторная посуда и принадлежности из стекла/Банки лабораторные из светлого стекла с делениями и навинчивающейся полипропиленовой крышкой, Китай	134	10006800	https://minimed.ru/product/3850/	minimed.ru
250 мл	Банка лабораторная стеклянная, с делениями, с навинчив. крышкой, светлое стекло, уп.10/60 шт	Лабораторная посуда и принадлежности из стекла/Банки лабораторные из светлого стекла с делениями и навинчивающейся полипропиленовой крышкой, Китай	175	10006801	https://minimed.ru/product/3851/	minimed.ru
500 мл	Банка лабораторная стеклянная, с делениями, с навинчив. крышкой, светлое стекло, уп.10/40 шт	Лабораторная посуда и принадлежности из стекла/Банки лабораторные из светлого стекла с делениями и навинчивающейся полипропиленовой крышкой, Китай	236	10006802	https://minimed.ru/product/3860/	minimed.ru
1 л	Банка лабораторная стеклянная, с делениями, с навинчив. крышкой, светлое стекло, уп.6/24 шт	Лабораторная посуда и принадлежности из стекла/Банки лабораторные из светлого стекла с делениями и навинчивающейся полипропиленовой крышкой, Китай	387	10006803	https://minimed.ru/product/3874/	minimed.ru
2 л	Банка лабораторная стеклянная, с делениями, с навинчив. крышкой, светлое стекло, уп.1/10 шт	Лабораторная посуда и принадлежности из стекла/Банки лабораторные из светлого стекла с делениями и навинчивающейся полипропиленовой крышкой, Китай	2218	10006813	https://minimed.ru/product/3880/	minimed.ru
3 л	Банка лабораторная стеклянная, с делениями, с навинчив. крышкой., светлое стекло, уп.1/12 шт	Лабораторная посуда и принадлежности из стекла/Банки лабораторные из светлого стекла с делениями и навинчивающейся полипропиленовой крышкой, Китай	3772	10006814	https://minimed.ru/product/3861/	minimed.ru
5 л	Банка лабораторная стеклянная, с делениями, с навинчив. крышкой, светлое стекло, уп.1/6 шт	Лабораторная посуда и принадлежности из стекла/Банки лабораторные из светлого стекла с делениями и навинчивающейся полипропиленовой крышкой, Китай	4927	10006815	https://minimed.ru/product/3882/	minimed.ru
10 л	Банка лабораторная стеклянная, с делениями, с навинчив. крышкой, светлое стекло, уп.1/2 шт	Лабораторная посуда и принадлежности из стекла/Банки лабораторные из светлого стекла с делениями и навинчивающейся полипропиленовой крышкой, Китай	7242	10006816	https://minimed.ru/product/326/	minimed.ru
20 л	Банка лабораторная стеклянная, с делениями, с навинчив. крышкой, светлое стекло	Лабораторная посуда и принадлежности из стекла/Банки лабораторные из светлого стекла с делениями и навинчивающейся полипропиленовой крышкой, Китай	9850	10006817	https://minimed.ru/product/327/	minimed.ru

Лабораторная посуда и принадлежности из стекла/Банки лабораторные из темного стекла с делениями и навинчивающейся полипропиленовой крышкой, Китай						
50 мл	Банка лабораторная стеклянная, с делениями, с навинчив. крышкой, темное стекло, уп.10/160 шт	Лабораторная посуда и принадлежности из стекла/Банки лабораторные из темного стекла с делениями и навинчивающейся полипропиленовой крышкой, Китай	190	10007209	https://minimed.ru/product/301/	minimed.ru
100 мл	Банка лабораторная стеклянная, с делениями, с навинчив. крышкой, темное стекло, уп.10/80 шт	Лабораторная посуда и принадлежности из стекла/Банки лабораторные из темного стекла с делениями и навинчивающейся полипропиленовой крышкой, Китай	174	10007205	https://minimed.ru/product/3852/	minimed.ru
250 мл	Банка лабораторная стеклянная, с делениями, с навинчив. крышкой, темное стекло, уп.10/60 шт	Лабораторная посуда и принадлежности из стекла/Банки лабораторные из темного стекла с делениями и навинчивающейся полипропиленовой крышкой, Китай	219	10007206	https://minimed.ru/product/3881/	minimed.ru
500 мл	Банка лабораторная стеклянная, с делениями, с навинчив. крышкой, темное стекло, уп.10/40 шт	Лабораторная посуда и принадлежности из стекла/Банки лабораторные из темного стекла с делениями и навинчивающейся полипропиленовой крышкой, Китай	281	10007207	https://minimed.ru/product/3853/	minimed.ru
1000 мл	Банка лабораторная стеклянная, с делениями, с навинчив. крышкой, темное стекло, уп.6/24 шт	Лабораторная посуда и принадлежности из стекла/Банки лабораторные из темного стекла с делениями и навинчивающейся полипропиленовой крышкой, Китай	473	10007208	https://minimed.ru/product/3915/	minimed.ru

Лабораторная посуда и принадлежности из стекла/Банка для хранения и транспортирования лекарственных средств и реактивов из темного стекла						
	Банка стеклянная д/реактивов 100мл, широкое горло с мет. крышкой, темное стекло, уп.144 шт	Лабораторная посуда и принадлежности из стекла/Банка для хранения и транспортирования лекарственных средств и реактивов из темного стекла	61	12002860	https://minimed.ru/product/3154/	minimed.ru
	Крышка металлическая 39 мм с резиновой прокладкой уп.126 шт	Лабораторная посуда и принадлежности из стекла/Банка для хранения и транспортирования лекарственных средств и реактивов из темного стекла	2	12002803	https://minimed.ru/product/978/	minimed.ru

Лабораторная посуда и принадлежности из стекла/Боек для ампул						
	Боек стеклянный для ампул мм, уп.100шт	Лабораторная посуда и принадлежности из стекла/Боек для ампул	293	10006102	https://minimed.ru/product/3006/	minimed.ru
	Боек стеклянный для ампул мм, уп.100шт	Лабораторная посуда и принадлежности из стекла/Боек для ампул	251	10006103	https://minimed.ru/product/4075/	minimed.ru

Лабораторная посуда и принадлежности из стекла/Бутирометры						
	Бутирометр для молока 1- 6, уп.10шт	Лабораторная посуда и принадлежности из стекла/Бутирометры	1279	12010000	https://minimed.ru/product/350/	minimed.ru
	Бутирометр для сливок 1- 40 уп.10шт.	Лабораторная посуда и принадлежности из стекла/Бутирометры	1648	12010001	https://minimed.ru/product/261/	minimed.ru

Лабораторная посуда и принадлежности из стекла/Бутылки для реактивов с завинчивающейся полипропиленовой крышкой						
БВ-1-1000	Бутылка стеклянная для реактивов узкое горло, с навинчив. крышкой,темное стекло, уп.8 шт.	Лабораторная посуда и принадлежности из стекла/Бутылки для реактивов с завинчивающейся полипропиленовой крышкой	105	10001000	https://minimed.ru/product/351/	minimed.ru

Лабораторная посуда и принадлежности из стекла/Бутылки для крови, трансфузионных и инфузионных препаратов						
ll-50-2-МТО	Бутылка стеклянная тип, для крови, трансфузионных и инфузионных препаратов по уп.180 шт	Лабораторная посуда и принадлежности из стекла/Бутылки для крови, трансфузионных и инфузионных препаратов	20	10006413	https://minimed.ru/product/374/	minimed.ru
ll-100-2-МТО	Бутылка стеклянная для крови, трансфузионных и инфузионных препаратов, уп. 120 шт.	Лабораторная посуда и принадлежности из стекла/Бутылки для крови, трансфузионных и инфузионных препаратов	27	10006410	https://minimed.ru/product/375/	minimed.ru
II-250-2-МТО	Бутылка стеклянная для крови, трансфузионных и инфузионных препаратов ГОСТ 10782-85 №, уп. 28 шт.	Лабораторная посуда и принадлежности из стекла/Бутылки для крови, трансфузионных и инфузионных препаратов	32	10006414	https://minimed.ru/product/2928/	minimed.ru
ll-450-2-МТО	Бутылка стеклянная для крови, трансфузионных и инфузионных препаратов из стекла марки МТО вместимостью 450 см3	Лабораторная посуда и принадлежности из стекла/Бутылки для крови, трансфузионных и инфузионных препаратов	35	10006412	https://minimed.ru/product/3266/	minimed.ru

Лабораторная посуда и принадлежности из стекла/Склянки-аспираторы с краном и пришлифованной пробкой (бутыль Вульфа)						
1000 мл	Склянка-аспиратор с краном и пришлифованной пробкой, (бутыль Вульфа), уп.2/12 шт	Лабораторная посуда и принадлежности из стекла/Склянки-аспираторы с краном и пришлифованной пробкой (бутыль Вульфа)	1211	10006309	https://minimed.ru/product/3849/	minimed.ru
2500 мл	Склянка-аспиратор с краном и пришлифованной пробкой (бутыль Вульфа), уп.1/6 шт	Лабораторная посуда и принадлежности из стекла/Склянки-аспираторы с краном и пришлифованной пробкой (бутыль Вульфа)	1942	10006310	https://minimed.ru/product/3827/	minimed.ru
5000 мл	Склянка-аспиратор с краном и пришлифованной пробкой (бутыль Вульфа), уп.1/6 шт	Лабораторная посуда и принадлежности из стекла/Склянки-аспираторы с краном и пришлифованной пробкой (бутыль Вульфа)	2715	10006311	https://minimed.ru/product/3748/	minimed.ru
10000 мл	Склянка-аспиратор с краном и пришлифованной пробкой (бутыль Вульфа), уп. 1шт/кор.2 шт.	Лабораторная посуда и принадлежности из стекла/Склянки-аспираторы с краном и пришлифованной пробкой (бутыль Вульфа)	4592	10006312	https://minimed.ru/product/279/	minimed.ru
20000 мл	Склянка-аспиратор с краном и пришлифованной пробкой, уп.1 шт, (бутыль Вульфа)	Лабораторная посуда и принадлежности из стекла/Склянки-аспираторы с краном и пришлифованной пробкой (бутыль Вульфа)	8368	10006313	https://minimed.ru/product/280/	minimed.ru
	Кран для склянки-аспиратора 1000 мл, уп. 1 шт	Лабораторная посуда и принадлежности из стекла/Склянки-аспираторы с краном и пришлифованной пробкой (бутыль Вульфа)	819	10006315	https://minimed.ru/product/925/	minimed.ru
	Кран для склянки-аспиратора 2500 мл,5000 мл, уп. 1 шт.	Лабораторная посуда и принадлежности из стекла/Склянки-аспираторы с краном и пришлифованной пробкой (бутыль Вульфа)	1573	10006316	https://minimed.ru/product/926/	minimed.ru
	Кран 29/32 для склянки-аспиратора10000 мл,20000 мл	Лабораторная посуда и принадлежности из стекла/Склянки-аспираторы с краном и пришлифованной пробкой (бутыль Вульфа)	2152	10006318	https://minimed.ru/product/927/	minimed.ru

Лабораторная посуда и принадлежности из стекла/Бюретки без крана, с оливой						
1-3-2-10-0	Бюретка (б/крана), ГОСТ 29251-91, уп.3шт	Лабораторная посуда и принадлежности из стекла/Бюретки без крана, с оливой	492	10000001	https://minimed.ru/product/406/	minimed.ru
1-3-2-25-0	Бюретка,(б/крана), ГОСТ 29251-91, уп.3шт	Лабораторная посуда и принадлежности из стекла/Бюретки без крана, с оливой	534	10000003	https://minimed.ru/product/407/	minimed.ru
1-3-2-50-0	Бюретка,(б/крана), ГОСТ 29251-91, уп.3шт	Лабораторная посуда и принадлежности из стекла/Бюретки без крана, с оливой	565	10000004	https://minimed.ru/product/408/	minimed.ru
1-3-2-100-0	Бюретка (б/крана), ГОСТ 29251-91, уп.3шт	Лабораторная посуда и принадлежности из стекла/Бюретки без крана, с оливой	660	10000002	https://minimed.ru/product/410/	minimed.ru

Лабораторная посуда и принадлежности из стекла/Бюретки с краном (кран с резьбовым уплотнением)						
1-1-1-10-0	Бюретка с краном, резьбовым уплотнением, ГОСТ 29251-91, 1 класс, уп. 1шт	Лабораторная посуда и принадлежности из стекла/Бюретки с краном (кран с резьбовым уплотнением)	2328	10000325A	https://minimed.ru/product/4143/	minimed.ru
1-1-1-25-0	Бюретка с краном, резьбовым уплотнением, ГОСТ 29251-91, 1 класс, уп.1шт	Лабораторная посуда и принадлежности из стекла/Бюретки с краном (кран с резьбовым уплотнением)	2586	10000035А	https://minimed.ru/product/4144/	minimed.ru
1-1-1-25-0	Бюретка,1 с ПТФЭ краном, резьбовым уплотнением, ГОСТ 29251-91, 1 класс, уп. 1шт	Лабораторная посуда и принадлежности из стекла/Бюретки с краном (кран с резьбовым уплотнением)	2955	10000039А	https://minimed.ru/product/4329/	minimed.ru
1-1-1-50-0	Бюретка с краном, резьбовым уплотнением, ГОСТ 29251-91, 1 класс, уп. 1шт	Лабораторная посуда и принадлежности из стекла/Бюретки с краном (кран с резьбовым уплотнением)	3066	10000036А	https://minimed.ru/product/4145/	minimed.ru
1-1-1-50-0	Бюретка,1 с ПТФЭ краном, резьбовым уплотнением, ГОСТ 29251-91, 1 класс, уп. 1шт	Лабораторная посуда и принадлежности из стекла/Бюретки с краном (кран с резьбовым уплотнением)	3434	10000040А	https://minimed.ru/product/4330/	minimed.ru
1-1-1-100-0	Бюретка с краном, резьбовым уплотнением, ГОСТ 29251-91, 1 класс, уп. 1шт	Лабораторная посуда и принадлежности из стекла/Бюретки с краном (кран с резьбовым уплотнением)	3369	10000326A	https://minimed.ru/product/4146/	minimed.ru
1-2-2-1-0	Бюретка (микробюретка), кран с резьбовым уплотнением, ТУ 9464-022-52876351-2016, ГОСТ 29251-91, уп.1шт	Лабораторная посуда и принадлежности из стекла/Бюретки с краном (кран с резьбовым уплотнением)	1628	10000023	https://minimed.ru/product/400/	minimed.ru
1-2-2-2-0	Бюретка (микробюретка), кран с резьбовым уплотнением, ТУ 9464-022-52876351-2016, ГОСТ 29251-91, уп. 1шт	Лабораторная посуда и принадлежности из стекла/Бюретки с краном (кран с резьбовым уплотнением)	1628	10000024	https://minimed.ru/product/401/	minimed.ru
1-2-2-5-0	Бюретка (микробюретка), кран с резьбовым уплотнением, ТУ 9464-022-52876351-2016, ГОСТ 29251-91, уп.1шт	Лабораторная посуда и принадлежности из стекла/Бюретки с краном (кран с резьбовым уплотнением)	1732	10000025	https://minimed.ru/product/402/	minimed.ru
1-1-2-10-0	Бюретка с краном, резьбовым уплотнением, ГОСТ 29251-91, уп.3шт	Лабораторная посуда и принадлежности из стекла/Бюретки с краном (кран с резьбовым уплотнением)	1040	10000026	https://minimed.ru/product/403/	minimed.ru
1-1-2-10-0	Бюретка с краном, резьбовым уплотнением, ГОСТ 29251-91, уп.5/60 шт	Лабораторная посуда и принадлежности из стекла/Бюретки с краном (кран с резьбовым уплотнением)	1047	10000031	https://minimed.ru/product/3863/	minimed.ru
1-1-2-10-0	Бюретка,05 с ПТФЭ краном, резьбовым уплотнением, ГОСТ 29251-91, уп.5/60 шт	Лабораторная посуда и принадлежности из стекла/Бюретки с краном (кран с резьбовым уплотнением)	1452	10000041	https://minimed.ru/product/4327/	minimed.ru
1-1-2-25-0	Бюретка с краном, резьбовым уплотнением, ГОСТ 29251-91, уп. 3шт	Лабораторная посуда и принадлежности из стекла/Бюретки с краном (кран с резьбовым уплотнением)	1062	10000027	https://minimed.ru/product/404/	minimed.ru
1-1-2-25-0	Бюретка с краном, резьбовым уплотнением, ГОСТ 29251-91, уп.5/60 шт	Лабораторная посуда и принадлежности из стекла/Бюретки с краном (кран с резьбовым уплотнением)	1065	10000032	https://minimed.ru/product/3864/	minimed.ru
1-1-2-25-0	Бюретка,1 с ПТФЭ краном, резьбовым уплотнением, ГОСТ 29251-91, уп.5/60 шт	Лабораторная посуда и принадлежности из стекла/Бюретки с краном (кран с резьбовым уплотнением)	1641	10000042	https://minimed.ru/product/4328/	minimed.ru
1-1-2-50-0	Бюретка с краном, резьбовым уплотнением, ГОСТ 29251-91, уп.3шт	Лабораторная посуда и принадлежности из стекла/Бюретки с краном (кран с резьбовым уплотнением)	1091	10000028	https://minimed.ru/product/405/	minimed.ru
1-1-2-100-0	Бюретка с краном, резьбовым уплотнением, ГОСТ 29251-91, уп.3шт	Лабораторная посуда и принадлежности из стекла/Бюретки с краном (кран с резьбовым уплотнением)	1234	10000029	https://minimed.ru/product/409/	minimed.ru

Лабораторная посуда и принадлежности из стекла/Воронки делительные грушевидные с делениями						
ВД-3-125	Воронка делительная, грушевидная с делениями, уп. 2/48 шт	Лабораторная посуда и принадлежности из стекла/Воронки делительные грушевидные с делениями	1028	10000401	https://minimed.ru/product/437/	minimed.ru
ВД-3-250	Воронка делительная - 250, грушевидная с делениями, уп.2/32 шт	Лабораторная посуда и принадлежности из стекла/Воронки делительные грушевидные с делениями	1170	10000402	https://minimed.ru/product/438/	minimed.ru
ВД-3-500	Воронка делительная - 500, грушевидная с делениями, уп.2/24 шт	Лабораторная посуда и принадлежности из стекла/Воронки делительные грушевидные с делениями	1679	10000403	https://minimed.ru/product/439/	minimed.ru
ВД-3-1000	Воронка делительная, грушевидная с делениями, уп.2/12 шт	Лабораторная посуда и принадлежности из стекла/Воронки делительные грушевидные с делениями	1847	10000404	https://minimed.ru/product/440/	minimed.ru
ВД-3-1000	Воронка делительная грушевидная с делениями, ПТФЭ кран, уп.2/12 шт	Лабораторная посуда и принадлежности из стекла/Воронки делительные грушевидные с делениями	2870	10000408	https://minimed.ru/product/4333/	minimed.ru

Лабораторная посуда и принадлежности из стекла/Воронки делительные грушевидные						
ВД-3-60	Воронка делительная, грушевидная, уп.2/60 шт	Лабораторная посуда и принадлежности из стекла/Воронки делительные грушевидные	723	10000332	https://minimed.ru/product/3646/	minimed.ru
ВД-3-125	Воронка делительная, грушевидная, уп.2 /48 шт	Лабораторная посуда и принадлежности из стекла/Воронки делительные грушевидные	711	10000328	https://minimed.ru/product/433/	minimed.ru
ВД-3-250	Воронка делительная, грушевидная, уп.2 /32 шт	Лабораторная посуда и принадлежности из стекла/Воронки делительные грушевидные	887	10000302	https://minimed.ru/product/434/	minimed.ru
ВД-3-500	Воронка делительная, грушевидная, уп. 2/24 шт	Лабораторная посуда и принадлежности из стекла/Воронки делительные грушевидные	1072	10000303	https://minimed.ru/product/435/	minimed.ru
ВД-3-1000	Воронка делительная, грушевидная, уп. 2/12 шт	Лабораторная посуда и принадлежности из стекла/Воронки делительные грушевидные	1540	10000301	https://minimed.ru/product/441/	minimed.ru
ВД-3-2000	Воронка делительная, грушевидная, уп.1/4 шт	Лабораторная посуда и принадлежности из стекла/Воронки делительные грушевидные	3435	10000329	https://minimed.ru/product/442/	minimed.ru
ВД-3-1000	Воронка делительная грушевидная, ПТФЭ кран, уп. 2/12 шт	Лабораторная посуда и принадлежности из стекла/Воронки делительные грушевидные	2084	10000336	https://minimed.ru/product/4334/	minimed.ru

Лабораторная посуда и принадлежности из стекла/Воронки делительные цилиндрические с делениями						
ВД-1-125	Воронка делительная, цилиндрическая, с делениями, уп. 2/48 шт	Лабораторная посуда и принадлежности из стекла/Воронки делительные цилиндрические с делениями	978	10000451	https://minimed.ru/product/3854/	minimed.ru
ВД-1-250	Воронка делительная, цилиндрическая, с делениями, уп.2/ 32 шт	Лабораторная посуда и принадлежности из стекла/Воронки делительные цилиндрические с делениями	968	10000452	https://minimed.ru/product/3908/	minimed.ru
ВД-1-500	Воронка делительная, цилиндрическая, с делениями, уп.2/24 шт	Лабораторная посуда и принадлежности из стекла/Воронки делительные цилиндрические с делениями	1192	10000453	https://minimed.ru/product/432/	minimed.ru
ВД-1-1000	Воронка делительная, цилиндрическая,с делениями, уп.2/12 шт	Лабораторная посуда и принадлежности из стекла/Воронки делительные цилиндрические с делениями	1730	10000454	https://minimed.ru/product/436/	minimed.ru
ВД-1-250	Воронка делительная цилиндрическая, с делениями, ПТФЭ кран, уп.2/ 32 шт	Лабораторная посуда и принадлежности из стекла/Воронки делительные цилиндрические с делениями	1572	10000339	https://minimed.ru/product/4332/	minimed.ru

Лабораторная посуда и принадлежности из стекла/Воронки делительные цилиндрические						
ВД-1-10	Воронка делительная, кран с резьбовым уплотнением, ГОСТ 25336-82, уп.10 шт	Лабораторная посуда и принадлежности из стекла/Воронки делительные цилиндрические	902	10000311	https://minimed.ru/product/422/	minimed.ru
ВД-1-25	Воронка делительная, кран с резьбовым уплотнением, ГОСТ 25336-82, уп.5 шт	Лабораторная посуда и принадлежности из стекла/Воронки делительные цилиндрические	943	10000312	https://minimed.ru/product/423/	minimed.ru
ВД-1-50	Воронка делительная, кран с резьбовым уплотнением, ГОСТ 25336-82, уп. 5 шт	Лабораторная посуда и принадлежности из стекла/Воронки делительные цилиндрические	984	10000313	https://minimed.ru/product/424/	minimed.ru
ВД-1-60	Воронка делительная, цилиндрическая, уп.4/48 шт	Лабораторная посуда и принадлежности из стекла/Воронки делительные цилиндрические	538	10000308	https://minimed.ru/product/425/	minimed.ru
ВД-1-125	Воронка делительная, цилиндрическая, уп.4/48 шт	Лабораторная посуда и принадлежности из стекла/Воронки делительные цилиндрические	633	10000305	https://minimed.ru/product/426/	minimed.ru
ВД-1-250	Воронка делительная, цилиндрическая, уп.4./32 шт	Лабораторная посуда и принадлежности из стекла/Воронки делительные цилиндрические	811	10000306	https://minimed.ru/product/427/	minimed.ru
ВД-1-500	Воронка делительная, цилиндрическая, уп.2/24 шт	Лабораторная посуда и принадлежности из стекла/Воронки делительные цилиндрические	977	10000307	https://minimed.ru/product/428/	minimed.ru
ВД-1-1000	Воронка делительная, цилиндрическая, уп.2/12 шт	Лабораторная посуда и принадлежности из стекла/Воронки делительные цилиндрические	1448	10000304	https://minimed.ru/product/429/	minimed.ru
ВД-1-250	Воронка делительная цилиндрическая, ПТФЭ кран, уп.4./32 шт	Лабораторная посуда и принадлежности из стекла/Воронки делительные цилиндрические	1275	10000414	https://minimed.ru/product/4331/	minimed.ru

Лабораторная посуда и принадлежности из стекла/Воронки лабораторные						
В-25-38	Воронка лабораторная, ТС, уп.24/576 шт	Лабораторная посуда и принадлежности из стекла/Воронки лабораторные	100	10000515	https://minimed.ru/product/457/	minimed.ru
В-36-50	Воронка лабораторная, ТС, уп.12/288 шт	Лабораторная посуда и принадлежности из стекла/Воронки лабораторные	100	10000507	https://minimed.ru/product/458/	minimed.ru
В-56-80	Воронка лабораторная, ТС, уп.12/288 шт	Лабораторная посуда и принадлежности из стекла/Воронки лабораторные	139	10000508	https://minimed.ru/product/459/	minimed.ru
В-75-110	Воронка лабораторная, ТС, уп.12/96 шт	Лабораторная посуда и принадлежности из стекла/Воронки лабораторные	162	10000509	https://minimed.ru/product/460/	minimed.ru
В-100-150	Воронка лабораторная, ТС, уп.8/72 шт	Лабораторная посуда и принадлежности из стекла/Воронки лабораторные	223	10000506	https://minimed.ru/product/461/	minimed.ru
В-150-230	Воронка лабор., уп.8шт	Лабораторная посуда и принадлежности из стекла/Воронки лабораторные	727	10000502	https://minimed.ru/product/462/	minimed.ru
В-150-265	Воронка лабораторная, ТС, уп.2/24 шт	Лабораторная посуда и принадлежности из стекла/Воронки лабораторные	1056	10000535	https://minimed.ru/product/3524/	minimed.ru
В-250-345	Воронка лабораторная, ТС, уп.2/8 шт	Лабораторная посуда и принадлежности из стекла/Воронки лабораторные	2715	10000511	https://minimed.ru/product/463/	minimed.ru

Лабораторная посуда и принадлежности из стекла/Дозаторы стеклянные						
1-19/26	Дозатор для изоамилового спирта,уп.8 шт.	Лабораторная посуда и принадлежности из стекла/Дозаторы стеклянные	3416	10000605	https://minimed.ru/product/497/	minimed.ru
	Дозатор к прибору для отмеривания серной кислоты 10-19/26, ГОСТ 6859-72, уп.10шт	Лабораторная посуда и принадлежности из стекла/Дозаторы стеклянные	1773	10000613	https://minimed.ru/product/498/	minimed.ru
	Дозатор 10 мл, Химлаборприбор	Лабораторная посуда и принадлежности из стекла/Дозаторы стеклянные	4180	10000602	https://minimed.ru/product/2939/	minimed.ru

Лабораторная посуда и принадлежности из стекла/Емкости стеклянные для окраски препаратов						
	Емкость стеклянная 77*57*29 мм на 10 стекол горизонтально, уп. 1 /50 шт.	Лабораторная посуда и принадлежности из стекла/Емкости стеклянные для окраски препаратов	492	12001403	https://minimed.ru/product/554/	minimed.ru
	Емкость стеклянная 50*52*86мм, на 9 стекол вертикально, уп.1/20 шт	Лабораторная посуда и принадлежности из стекла/Емкости стеклянные для окраски препаратов	514	12001409	https://minimed.ru/product/3238/	minimed.ru
	Емкость стеклянная, 32*32*86 мм на 5 стекол вертикально, уп. 1/20 шт.	Лабораторная посуда и принадлежности из стекла/Емкости стеклянные для окраски препаратов	507	12001401	https://minimed.ru/product/556/	minimed.ru
	Емкость стеклянная, внутр. разм. 150*85*80 мм,(под штатив на 60 стекол), уп. 1/10 шт.	Лабораторная посуда и принадлежности из стекла/Емкости стеклянные для окраски препаратов	1408	12001408	https://minimed.ru/product/557/	minimed.ru
	Емкость стеклянная, внутр. разм. 75*65*80мм, (под штатив на 30 стекол), уп. 1/20 шт.	Лабораторная посуда и принадлежности из стекла/Емкости стеклянные для окраски препаратов	869	12001402	https://minimed.ru/product/558/	minimed.ru

Лабораторная посуда и принадлежности из стекла/Изгибы						
	Изгиб *2К 14/23-14/23, уп.100/200 шт	Лабораторная посуда и принадлежности из стекла/Изгибы	654	12010303	https://minimed.ru/product/263/	minimed.ru
	Изгиб *2К 29/32-29/32, уп.20/100 шт	Лабораторная посуда и принадлежности из стекла/Изгибы	962	12010304	https://minimed.ru/product/264/	minimed.ru

Лабораторная посуда и принадлежности из стекла/Камеры Горяева (для счета форменных элементов крови)						
	Камера для счета форменных элементов крови (Камера Горяева) по 2-х сет., инд.уп./10/300 шт.	Лабораторная посуда и принадлежности из стекла/Камеры Горяева (для счета форменных элементов крови)	711	12001711	https://minimed.ru/product/602/	minimed.ru
	Камера для счета форменных элементов крови (Камера Горяева) по 4-х сет., инд.уп./10/300 шт.	Лабораторная посуда и принадлежности из стекла/Камеры Горяева (для счета форменных элементов крови)	1138	12001714	https://minimed.ru/product/603/	minimed.ru
	Камера для счета форменных элементов крови (Камера Горяева) по 2-х сет., исп. 1	Лабораторная посуда и принадлежности из стекла/Камеры Горяева (для счета форменных элементов крови)	4750	12001709	https://minimed.ru/product/4176/	minimed.ru
	Камера для счета форменных элементов крови (Камера Горяева) по 4-х сет., исп. 1	Лабораторная посуда и принадлежности из стекла/Камеры Горяева (для счета форменных элементов крови)	5900	12001704	https://minimed.ru/product/4177/	minimed.ru

Лабораторная посуда и принадлежности из стекла/Камера Фукса-Розенталя						
	Счетная камера с сеткой Фукса-Розенталя, инд.уп./10/500 шт	Лабораторная посуда и принадлежности из стекла/Камера Фукса-Розенталя	546	12007401	https://minimed.ru/product/605/	minimed.ru

Лабораторная посуда и принадлежности из стекла/Капельницы						
2-30	Капельница Страшейна мл, светлое стекло, с притертой пробкой- пипеткой, уп.12/288 шт	Лабораторная посуда и принадлежности из стекла/Капельницы	147	12001810	https://minimed.ru/product/607/	minimed.ru
2-30	Капельница Страшейна мл, темное стекло, с притертой пробкой- пипеткой, уп.10/120 шт	Лабораторная посуда и принадлежности из стекла/Капельницы	193	12001806	https://minimed.ru/product/608/	minimed.ru
2-60	Капельница Страшейна мл, светлое стекло, с притертой пробкой-пипеткой, уп.12/288 шт	Лабораторная посуда и принадлежности из стекла/Капельницы	176	12001811	https://minimed.ru/product/609/	minimed.ru
2-60	Капельница Страшейна мл, темное стекло, с притертой пробкой- пипеткой, уп.12/288 шт	Лабораторная посуда и принадлежности из стекла/Капельницы	220	12001807	https://minimed.ru/product/610/	minimed.ru
2-125	Капельница Страшейна мл, светлое стекло, с притертой пробкой-пипеткой, уп.12/144 шт	Лабораторная посуда и принадлежности из стекла/Капельницы	216	12001812	https://minimed.ru/product/611/	minimed.ru
2-125	Капельница Страшейна мл, темное стекло, с притертой пробкой- пипеткой, уп.12/144 шт	Лабораторная посуда и принадлежности из стекла/Капельницы	277	12001808	https://minimed.ru/product/612/	minimed.ru
	Капельница 3 ХС (Шустера), уп.40 шт	Лабораторная посуда и принадлежности из стекла/Капельницы	602	12001803	https://minimed.ru/product/618/	minimed.ru
	Капельница-дозатор 50 мл, уп.15 шт	Лабораторная посуда и принадлежности из стекла/Капельницы	295	12001805	https://minimed.ru/product/619/	minimed.ru
	Капельница-дозатор 100 мл, уп.10 шт	Лабораторная посуда и принадлежности из стекла/Капельницы	311	12001804	https://minimed.ru/product/620/	minimed.ru
	Пипетка-капельница L- 90 мм, уп.1шт/ кор.50шт.	Лабораторная посуда и принадлежности из стекла/Капельницы	246	12001800	https://minimed.ru/product/1436/	minimed.ru
	Пипетка-капельница мм, уп.1шт/ кор.50шт	Лабораторная посуда и принадлежности из стекла/Капельницы	254	12001809	https://minimed.ru/product/1437/	minimed.ru

Лабораторная посуда и принадлежности из стекла/Капилляры						
	Капилляр стеклянный 75 мм, уп.50/5000 шт	Лабораторная посуда и принадлежности из стекла/Капилляры	2	12001911	https://minimed.ru/product/623/	minimed.ru
	Капилляр стеклянный 90 мм, уп.50/5000 шт	Лабораторная посуда и принадлежности из стекла/Капилляры	2	12001914	https://minimed.ru/product/624/	minimed.ru

Лабораторная посуда и принадлежности из стекла/Каплеуловители						
КО-60	Каплеуловитель, уп.11/100 шт	Лабораторная посуда и принадлежности из стекла/Каплеуловители	813	12007508	https://minimed.ru/product/625/	minimed.ru
КО-100	Каплеуловитель, кор.100 шт	Лабораторная посуда и принадлежности из стекла/Каплеуловители	836	12007507	https://minimed.ru/product/626/	minimed.ru
КО-14/23-60	Каплеуловитель, уп.12/100 шт	Лабораторная посуда и принадлежности из стекла/Каплеуловители	893	12007505	https://minimed.ru/product/627/	minimed.ru
КО-14/23-100	Каплеуловитель, уп.7/60 шт	Лабораторная посуда и принадлежности из стекла/Каплеуловители	936	12007506	https://minimed.ru/product/628/	minimed.ru

Лабораторная посуда и принадлежности из стекла/Колбы Бунзена (с тубусом)						
1-125	Колба, с тубусом (Бунзена), ТС, уп.6/144 шт	Лабораторная посуда и принадлежности из стекла/Колбы Бунзена (с тубусом)	476	10006030	https://minimed.ru/product/3855/	minimed.ru
1-250	Колба, с тубусом (Бунзена), ТС, уп.10/ кор.60 шт	Лабораторная посуда и принадлежности из стекла/Колбы Бунзена (с тубусом)	505	10006001	https://minimed.ru/product/712/	minimed.ru
1-500	Колба 1- 500, с тубусом (Бунзена), ТС, уп.8/24 шт	Лабораторная посуда и принадлежности из стекла/Колбы Бунзена (с тубусом)	752	10006002	https://minimed.ru/product/713/	minimed.ru
1-1000	Колба, с тубусом (Бунзена), ТС, уп.2 шт,/ кор.16шт.	Лабораторная посуда и принадлежности из стекла/Колбы Бунзена (с тубусом)	1055	10006000	https://minimed.ru/product/714/	minimed.ru
1-2000	Колба, с тубусом (Бунзена),ТС, уп.2/ кор.6/12 шт.	Лабораторная посуда и принадлежности из стекла/Колбы Бунзена (с тубусом)	2237	10006014	https://minimed.ru/product/3624/	minimed.ru
1-5000	Колба, с тубусом (Бунзена), ТС, уп.1/2 шт	Лабораторная посуда и принадлежности из стекла/Колбы Бунзена (с тубусом)	3310	10006012	https://minimed.ru/product/718/	minimed.ru

Лабораторная посуда и принадлежности из стекла/Колбы Бунзена (с тубусом) со шлифом						
2-100-19/26	Колба 2- 100-19/26, с тубусом (Бунзена), ТС, уп.6/144 шт	Лабораторная посуда и принадлежности из стекла/Колбы Бунзена (с тубусом) со шлифом	449	10006023	https://minimed.ru/product/3856/	minimed.ru
2-250-29/32	Колба, ТС, с тубусом (Бунзена),ТС, уп.6/72 шт	Лабораторная посуда и принадлежности из стекла/Колбы Бунзена (с тубусом) со шлифом	722	10006020	https://minimed.ru/product/3726/	minimed.ru
2-500-29/32	Колба, с тубусом (Бунзена), ТС, уп.8/48 шт	Лабораторная посуда и принадлежности из стекла/Колбы Бунзена (с тубусом) со шлифом	892	10006021	https://minimed.ru/product/721/	minimed.ru
2-1000-29/32	Колба, с тубусом (Бунзена), ТС, уп.6/24 шт	Лабораторная посуда и принадлежности из стекла/Колбы Бунзена (с тубусом) со шлифом	1136	10006022	https://minimed.ru/product/723/	minimed.ru

Лабораторная посуда и принадлежности из стекла/Колбы лабораторные (Къельдаля: исполнение 2 - с цилиндрической горловиной)						
2-100-22	Колба Къельдаля с цилиндрической горловиной, ТС, уп.6/96 шт	Лабораторная посуда и принадлежности из стекла/Колбы лабораторные (Къельдаля: исполнение 2 - с цилиндрической горловиной)	248	10006608	https://minimed.ru/product/778/	minimed.ru
2-250-26	Колба Къельдаля с цилиндрической горловиной, ТС, уп.2/72 шт.	Лабораторная посуда и принадлежности из стекла/Колбы лабораторные (Къельдаля: исполнение 2 - с цилиндрической горловиной)	366	10006606	https://minimed.ru/product/779/	minimed.ru
2-250-34	Колба Къельдаля с цилиндрической горловиной, ТС, уп.2/72 шт	Лабораторная посуда и принадлежности из стекла/Колбы лабораторные (Къельдаля: исполнение 2 - с цилиндрической горловиной)	390	10006613	https://minimed.ru/product/780/	minimed.ru
2-500-34	Колба Къельдаля с цилиндрической горловиной, ТС, уп.2/48шт.	Лабораторная посуда и принадлежности из стекла/Колбы лабораторные (Къельдаля: исполнение 2 - с цилиндрической горловиной)	617	10006607	https://minimed.ru/product/781/	minimed.ru
2-1000-34	Колба Къельдаля с цилиндрической горловиной, ТС, уп.2 /24 шт	Лабораторная посуда и принадлежности из стекла/Колбы лабораторные (Къельдаля: исполнение 2 - с цилиндрической горловиной)	963	10006609	https://minimed.ru/product/785/	minimed.ru

Лабораторная посуда и принадлежности из стекла/Колбы лабораторные (Къельдаля: исполнение 1 -  со шлифом)						
1-50-14/23	Колба Къельдаля со шлифом, ТС, уп.6/120 шт.	Лабораторная посуда и принадлежности из стекла/Колбы лабораторные (Къельдаля: исполнение 1 -  со шлифом)	364	10006614	https://minimed.ru/product/777/	minimed.ru
1-100-19/26	Колба Къельдаля со шлифом, ТС, уп.6/96 шт.	Лабораторная посуда и принадлежности из стекла/Колбы лабораторные (Къельдаля: исполнение 1 -  со шлифом)	355	10006615	https://minimed.ru/product/782/	minimed.ru
1-250-19/26	Колба Къельдаля со шлифом, ТС, уп.2/72 шт.	Лабораторная посуда и принадлежности из стекла/Колбы лабораторные (Къельдаля: исполнение 1 -  со шлифом)	650	10006610	https://minimed.ru/product/783/	minimed.ru
1-500-29/32	Колба Къельдаля со шлифом, ТС, уп.2/ кор. 48шт	Лабораторная посуда и принадлежности из стекла/Колбы лабораторные (Къельдаля: исполнение 1 -  со шлифом)	977	10006611	https://minimed.ru/product/784/	minimed.ru
1-1000-29/32	Колба Къельдаля со шлифом, ТС, уп.2 /24 шт	Лабораторная посуда и принадлежности из стекла/Колбы лабораторные (Къельдаля: исполнение 1 -  со шлифом)	1165	10006616	https://minimed.ru/product/786/	minimed.ru

Лабораторная посуда и принадлежности из стекла/Колбы лабораторные (Энглера, тип КРН)						
КРН-125	Колба КРН- 125 (Энглера) ТУ 9464-019-29508133-2015, уп.2 /32 шт	Лабораторная посуда и принадлежности из стекла/Колбы лабораторные (Энглера, тип КРН)	771	10006100	https://minimed.ru/product/803/	minimed.ru
КРН-250	Колба КРН- 250 (Энглера) ТУ 9464-019-29508133-2015, уп.2 /24 шт	Лабораторная посуда и принадлежности из стекла/Колбы лабораторные (Энглера, тип КРН)	876	10006101	https://minimed.ru/product/804/	minimed.ru

Лабораторная посуда и принадлежности из стекла/Колбы лабораторные (конические: исполнение 2 - с цилиндрической горловиной, тип Кн)						
КН-2-25-22	Колба коническая с цилиндрической горловиной, б/дел., ТС, уп.24 шт	Лабораторная посуда и принадлежности из стекла/Колбы лабораторные (конические: исполнение 2 - с цилиндрической горловиной, тип Кн)	107	10000839	https://minimed.ru/product/656/	minimed.ru
КН-2-50-22	Колба коническая с цилиндрической горловиной, с/дел., ТС, уп.12 / кор. 192 шт	Лабораторная посуда и принадлежности из стекла/Колбы лабораторные (конические: исполнение 2 - с цилиндрической горловиной, тип Кн)	122	10000834	https://minimed.ru/product/673/	minimed.ru
КН-2-50-34	Колба коническая с цилиндрической горловиной, с/дел., ТС, уп.12 шт./ кор.192 шт	Лабораторная посуда и принадлежности из стекла/Колбы лабораторные (конические: исполнение 2 - с цилиндрической горловиной, тип Кн)	151	10000811	https://minimed.ru/product/674/	minimed.ru
КН-2-100-22	Колба коническая с цилиндрической горловиной, с/дел., ТС, уп.12 шт./ кор.192 шт	Лабораторная посуда и принадлежности из стекла/Колбы лабораторные (конические: исполнение 2 - с цилиндрической горловиной, тип Кн)	147	10000830	https://minimed.ru/product/695/	minimed.ru
КН-2-100-34	Колба коническая с цилиндрической горловиной, с/дел., ТС, уп.12 /кор.192 шт	Лабораторная посуда и принадлежности из стекла/Колбы лабораторные (конические: исполнение 2 - с цилиндрической горловиной, тип Кн)	154	10000838	https://minimed.ru/product/696/	minimed.ru
КН-2-250-34	Колба коническая с цилиндрической горловиной, с/дел., ТС, уп.12 / кор.72 шт	Лабораторная посуда и принадлежности из стекла/Колбы лабораторные (конические: исполнение 2 - с цилиндрической горловиной, тип Кн)	204	10000832	https://minimed.ru/product/697/	minimed.ru
КН-2-250-50	Колба коническая с цилиндрической горловиной, с/дел., ТС, уп.12 / кор.72 шт	Лабораторная посуда и принадлежности из стекла/Колбы лабораторные (конические: исполнение 2 - с цилиндрической горловиной, тип Кн)	235	10000840	https://minimed.ru/product/698/	minimed.ru
КН-2-500-34	Колба коническая с цилиндрической горловиной, с дел., ТС, уп. 8 / кор.48 шт	Лабораторная посуда и принадлежности из стекла/Колбы лабораторные (конические: исполнение 2 - с цилиндрической горловиной, тип Кн)	291	10000833	https://minimed.ru/product/699/	minimed.ru
КН-2-500-50	Колба коническая с цилиндрической горловиной, с дел., ТС, уп.8 / кор.48 шт	Лабораторная посуда и принадлежности из стекла/Колбы лабораторные (конические: исполнение 2 - с цилиндрической горловиной, тип Кн)	345	10000812	https://minimed.ru/product/700/	minimed.ru
КН-2-750-42	Колба коническая с цилиндрической горловиной, с дел., ТС, уп.6/24 шт	Лабораторная посуда и принадлежности из стекла/Колбы лабораторные (конические: исполнение 2 - с цилиндрической горловиной, тип Кн)	602	10001198	https://minimed.ru/product/4084/	minimed.ru
КН-2-1000-50	Колба коническая с цилиндрической горловиной, с дел., ТС, уп.6 / кор.24 шт	Лабораторная посуда и принадлежности из стекла/Колбы лабораторные (конические: исполнение 2 - с цилиндрической горловиной, тип Кн)	663	10000837	https://minimed.ru/product/741/	minimed.ru
КН-2-2000-50	Колба коническая с цилиндрической горловиной, с дел., ТС, уп.2/12 шт	Лабораторная посуда и принадлежности из стекла/Колбы лабораторные (конические: исполнение 2 - с цилиндрической горловиной, тип Кн)	1047	10000831	https://minimed.ru/product/742/	minimed.ru
КН-2-3000-50	Колба коническая с цилиндрической горловиной, с/дел., ТС, уп.2 / кор.8 шт	Лабораторная посуда и принадлежности из стекла/Колбы лабораторные (конические: исполнение 2 - с цилиндрической горловиной, тип Кн)	1557	10000844	https://minimed.ru/product/743/	minimed.ru
КН-2-5000-50	Колба коническая с цилиндрической горловиной, с/дел., уп.1 / кор.4 шт	Лабораторная посуда и принадлежности из стекла/Колбы лабораторные (конические: исполнение 2 - с цилиндрической горловиной, тип Кн)	2302	10000845	https://minimed.ru/product/744/	minimed.ru

Лабораторная посуда и принадлежности из стекла/Колбы лабораторные (конические: исполнение 1 - со шлифом, тип Кн)						
КН-1-25-14/23	Колба коническая со шлифом, б/дел., ТС, уп.24 /576 шт	Лабораторная посуда и принадлежности из стекла/Колбы лабораторные (конические: исполнение 1 - со шлифом, тип Кн)	313	10000821	https://minimed.ru/product/670/	minimed.ru
КН-1-50-14/23	Колба коническая со шлифом, с дел., ТС, уп.12 / кор.192 шт	Лабораторная посуда и принадлежности из стекла/Колбы лабораторные (конические: исполнение 1 - со шлифом, тип Кн)	313	10000835	https://minimed.ru/product/671/	minimed.ru
КН-1-50-29/32	Колба коническая со шлифом, с дел., ТС, уп.12 /192 шт	Лабораторная посуда и принадлежности из стекла/Колбы лабораторные (конические: исполнение 1 - со шлифом, тип Кн)	373	10000800	https://minimed.ru/product/672/	minimed.ru
КН-1-100-29/32	Колба коническая со шлифом, с дел., ТС, уп.12 шт./кор.192 шт	Лабораторная посуда и принадлежности из стекла/Колбы лабораторные (конические: исполнение 1 - со шлифом, тип Кн)	428	10000820	https://minimed.ru/product/692/	minimed.ru
КН-1-250-29/32	Колба коническая со шлифом, с дел., ТС, уп.12 / кор.72 шт.	Лабораторная посуда и принадлежности из стекла/Колбы лабораторные (конические: исполнение 1 - со шлифом, тип Кн)	527	10000825	https://minimed.ru/product/693/	minimed.ru
КН-1-500-29/32	Колба коническая со шлифом, с дел., ТС, уп.8 / кор.48 шт	Лабораторная посуда и принадлежности из стекла/Колбы лабораторные (конические: исполнение 1 - со шлифом, тип Кн)	621	10000827	https://minimed.ru/product/694/	minimed.ru
КН-1-1000-29/32	Колба коническая со шлифом, с/дел., ТС, уп.6 / кор. 24 шт	Лабораторная посуда и принадлежности из стекла/Колбы лабораторные (конические: исполнение 1 - со шлифом, тип Кн)	842	10000824	https://minimed.ru/product/738/	minimed.ru
КН-1-2000-29/32	Колба коническая со шлифом, с дел., ТС, уп.2 /12 шт	Лабораторная посуда и принадлежности из стекла/Колбы лабораторные (конические: исполнение 1 - со шлифом, тип Кн)	1395	10000836	https://minimed.ru/product/739/	minimed.ru
КН-1-5000-45/40	Колба коническая со шлифом, с дел., ТС, уп.1/4 шт	Лабораторная посуда и принадлежности из стекла/Колбы лабораторные (конические: исполнение 1 - со шлифом, тип Кн)	3603	10000822	https://minimed.ru/product/740/	minimed.ru

Лабораторная посуда и принадлежности из стекла/Колбы лабораторные (круглодонные: исполнение 2 - с цилиндрической горловиной, тип К)						
К-2-50-22	Колба круглодонная с цилиндрической горловиной, ТС, уп.12 / 192 шт	Лабораторная посуда и принадлежности из стекла/Колбы лабораторные (круглодонные: исполнение 2 - с цилиндрической горловиной, тип К)	165	10000906	https://minimed.ru/product/762/	minimed.ru
К-2-100-22	Колба круглодонная с цилиндрической горловиной, ТС, уп.12 / кор.192 шт	Лабораторная посуда и принадлежности из стекла/Колбы лабораторные (круглодонные: исполнение 2 - с цилиндрической горловиной, тип К)	171	10000920	https://minimed.ru/product/766/	minimed.ru
К-2-100-34	Колба круглодонная с цилиндрической горловиной, ТС, уп.12 / кор.192 шт	Лабораторная посуда и принадлежности из стекла/Колбы лабораторные (круглодонные: исполнение 2 - с цилиндрической горловиной, тип К)	168	10000926	https://minimed.ru/product/767/	minimed.ru
К-2-250-34	Колба круглодонная с цилиндрической горловиной, ТС, уп.12 шт./ кор.72 шт	Лабораторная посуда и принадлежности из стекла/Колбы лабораторные (круглодонные: исполнение 2 - с цилиндрической горловиной, тип К)	215	10000902	https://minimed.ru/product/768/	minimed.ru
К-2-500-34	Колба круглодонная с цилиндрической горловиной, ТС, уп.8 / 48 шт	Лабораторная посуда и принадлежности из стекла/Колбы лабораторные (круглодонные: исполнение 2 - с цилиндрической горловиной, тип К)	359	10000903	https://minimed.ru/product/769/	minimed.ru
К-2-1000-42	Колба круглодонная с цилиндрической горловиной, ТС, уп.6 / 24 шт	Лабораторная посуда и принадлежности из стекла/Колбы лабораторные (круглодонные: исполнение 2 - с цилиндрической горловиной, тип К)	621	10000901	https://minimed.ru/product/774/	minimed.ru
К-2-2000-50	Колба круглодонная с цилиндрической горловиной, ТС, уп.1 /12 шт	Лабораторная посуда и принадлежности из стекла/Колбы лабораторные (круглодонные: исполнение 2 - с цилиндрической горловиной, тип К)	1188	10000909	https://minimed.ru/product/775/	minimed.ru

Лабораторная посуда и принадлежности из стекла/Колбы лабораторные (круглодонные: исполнение 1 - со шлифом, тип К)						
К-1-50-29/32	Колба круглодонная со шлифом, ТС, уп.12/192 шт	Лабораторная посуда и принадлежности из стекла/Колбы лабораторные (круглодонные: исполнение 1 - со шлифом, тип К)	464	10000910	https://minimed.ru/product/761/	minimed.ru
К-1-100-29/32	Колба круглодонная со шлифом, ТС, уп.12/192 шт	Лабораторная посуда и принадлежности из стекла/Колбы лабораторные (круглодонные: исполнение 1 - со шлифом, тип К)	468	10000915	https://minimed.ru/product/763/	minimed.ru
К-1-250-29/32	Колба круглодонная со шлифом, ТС, уп.12/72 шт	Лабораторная посуда и принадлежности из стекла/Колбы лабораторные (круглодонные: исполнение 1 - со шлифом, тип К)	576	10000916	https://minimed.ru/product/764/	minimed.ru
К-1-500-29/32	Колба круглодонная со шлифом, ТС, уп.8/48 шт	Лабораторная посуда и принадлежности из стекла/Колбы лабораторные (круглодонные: исполнение 1 - со шлифом, тип К)	680	10000917	https://minimed.ru/product/765/	minimed.ru
К-1-1000-29/32	Колба круглодонная со шлифом, ТС, уп.6/24 шт	Лабораторная посуда и принадлежности из стекла/Колбы лабораторные (круглодонные: исполнение 1 - со шлифом, тип К)	860	10000918	https://minimed.ru/product/770/	minimed.ru
К-1-2000-29/32	Колба круглодонная со шлифом, ТС, уп.1/12 шт	Лабораторная посуда и принадлежности из стекла/Колбы лабораторные (круглодонные: исполнение 1 - со шлифом, тип К)	1295	10000911	https://minimed.ru/product/771/	minimed.ru
К-1-4000-45/40	Колба круглодонная со шлифом, уп.1/6 шт	Лабораторная посуда и принадлежности из стекла/Колбы лабораторные (круглодонные: исполнение 1 - со шлифом, тип К)	2467	10000919	https://minimed.ru/product/772/	minimed.ru
К-1-6000-45/40	Колба круглодонная со шлифом, уп.1/4 шт	Лабораторная посуда и принадлежности из стекла/Колбы лабораторные (круглодонные: исполнение 1 - со шлифом, тип К)	3104	10000927	https://minimed.ru/product/773/	minimed.ru
К-1-10000-45/40	Колба круглодонная со шлифом, ТС, уп.1/2 шт	Лабораторная посуда и принадлежности из стекла/Колбы лабораторные (круглодонные: исполнение 1 - со шлифом, тип К)	8226	10000912	https://minimed.ru/product/776/	minimed.ru

Лабораторная посуда и принадлежности из стекла/Колбы лабораторные (круглодонные: исполнение 1 - со шлифом и двумя горловинами, тип КГУ-2)						
КГУ-2-1-100-19/26-14/23	Колба круглодонная со шлифом и двумя горловинами, ТС, уп.2/192 шт.	Лабораторная посуда и принадлежности из стекла/Колбы лабораторные (круглодонные: исполнение 1 - со шлифом и двумя горловинами, тип КГУ-2)	769	10000921	https://minimed.ru/product/3875/	minimed.ru
КГУ-2-1-250-29/32-19/26	Колба круглодонная со шлифом и двумя горловинами, ТС, уп.2/72 шт	Лабораторная посуда и принадлежности из стекла/Колбы лабораторные (круглодонные: исполнение 1 - со шлифом и двумя горловинами, тип КГУ-2)	1181	10000922	https://minimed.ru/product/3737/	minimed.ru
КГУ-2-1-500-29/32-19/26	Колба круглодонная со шлифом и двумя горловинами, ТС, уп.2/48 шт	Лабораторная посуда и принадлежности из стекла/Колбы лабораторные (круглодонные: исполнение 1 - со шлифом и двумя горловинами, тип КГУ-2)	1390	10000923	https://minimed.ru/product/3774/	minimed.ru
КГУ-2-1-1000-29/32-19/26	Колба круглодонная со шлифом и двумя горловинами, ТС, уп.6/ кор.24 шт	Лабораторная посуда и принадлежности из стекла/Колбы лабораторные (круглодонные: исполнение 1 - со шлифом и двумя горловинами, тип КГУ-2)	1716	10000924	https://minimed.ru/product/733/	minimed.ru
КГУ-2-1-2000-29/32-19/26	Колба круглодонная со шлифом и двумя горловинами, ТС, уп.1/12 шт	Лабораторная посуда и принадлежности из стекла/Колбы лабораторные (круглодонные: исполнение 1 - со шлифом и двумя горловинами, тип КГУ-2)	2140	10000925	https://minimed.ru/product/734/	minimed.ru

Лабораторная посуда и принадлежности из стекла/Колбы лабораторные (круглодонные: исполнение 1 - со шлифом и тремя горловинами, тип КГУ-3)						
КГУ-3-1-100-19/26-14/23	Колба КГУ -3-1-100-19/26-14/23 ТУ 9464-019-29508133-2015, ТС, уп.2/96 шт	Лабораторная посуда и принадлежности из стекла/Колбы лабораторные (круглодонные: исполнение 1 - со шлифом и тремя горловинами, тип КГУ-3)	1176	10000930	https://minimed.ru/product/4336/	minimed.ru
КГУ-3-1-250-29/32-19/26	Колба КГУ -3-1-250-29/32-19/26 ТУ 9464-019-29508133-2015, ТС, уп.2/48 шт	Лабораторная посуда и принадлежности из стекла/Колбы лабораторные (круглодонные: исполнение 1 - со шлифом и тремя горловинами, тип КГУ-3)	1587	10000931	https://minimed.ru/product/731/	minimed.ru
КГУ-3-1-500-29/32-19/26	Колба КГУ -3-1-500-29/32-19/26 ТУ 9464-019-29508133-2015, ТС, уп.2/24 шт	Лабораторная посуда и принадлежности из стекла/Колбы лабораторные (круглодонные: исполнение 1 - со шлифом и тремя горловинами, тип КГУ-3)	1775	10000932	https://minimed.ru/product/732/	minimed.ru
КГУ-3-1-1000-29/32-29/32	Колба КГУ -3-1-1000-29/32-29/32 ТУ 9464-019-29508133-2015, ТС, уп.2/6 шт	Лабораторная посуда и принадлежности из стекла/Колбы лабораторные (круглодонные: исполнение 1 - со шлифом и тремя горловинами, тип КГУ-3)	2244	10000933	https://minimed.ru/product/735/	minimed.ru
КГУ-3-1-2000-29/32-19/26	Колба КГУ -3-1-2000-29/32-19/26 ТУ 9464-019-29508133-2015, ТС, уп.1/6 шт	Лабораторная посуда и принадлежности из стекла/Колбы лабораторные (круглодонные: исполнение 1 - со шлифом и тремя горловинами, тип КГУ-3)	2880	10000934	https://minimed.ru/product/736/	minimed.ru
КГУ-3-1-2000-29/32-29/32	Колба КГУ -3-1-2000-29/32-29/32 ТУ 9464-019-29508133-2015, ТС, уп.1/12 шт	Лабораторная посуда и принадлежности из стекла/Колбы лабораторные (круглодонные: исполнение 1 - со шлифом и тремя горловинами, тип КГУ-3)	3253	10000935	https://minimed.ru/product/737/	minimed.ru

Лабораторная посуда и принадлежности из стекла/Колбы лабораторные ( мерные: исполнение 1 - с одной меткой и цилиндрической горловиной)						
1-5-2	Колба мерная с одной меткой и цилиндрической горловиной, уп.12/24/288 шт	Лабораторная посуда и принадлежности из стекла/Колбы лабораторные ( мерные: исполнение 1 - с одной меткой и цилиндрической горловиной)	333	10001141	https://minimed.ru/product/3709/	minimed.ru
1-10-2	Колба мерная с одной меткой и цилиндрической горловиной, уп.12 / кор. 288 шт	Лабораторная посуда и принадлежности из стекла/Колбы лабораторные ( мерные: исполнение 1 - с одной меткой и цилиндрической горловиной)	225	10001125	https://minimed.ru/product/657/	minimed.ru
1-25-2	Колба мерная с одной меткой и цилиндрической горловиной, уп.12 шт./ кор.288 шт	Лабораторная посуда и принадлежности из стекла/Колбы лабораторные ( мерные: исполнение 1 - с одной меткой и цилиндрической горловиной)	243	10001129	https://minimed.ru/product/658/	minimed.ru
1-50-2	Колба мерная с одной меткой и цилиндрической горловиной, уп.12 шт./ кор.288 шт	Лабораторная посуда и принадлежности из стекла/Колбы лабораторные ( мерные: исполнение 1 - с одной меткой и цилиндрической горловиной)	250	10001131	https://minimed.ru/product/659/	minimed.ru
1-100-2	Колба мерная с одной меткой и цилиндрической горловиной, уп.6/144 шт	Лабораторная посуда и принадлежности из стекла/Колбы лабораторные ( мерные: исполнение 1 - с одной меткой и цилиндрической горловиной)	287	10001124	https://minimed.ru/product/676/	minimed.ru
1-200-2	Колба мерная с одной меткой и цилиндрической горловиной, уп.2 / кор.72 шт	Лабораторная посуда и принадлежности из стекла/Колбы лабораторные ( мерные: исполнение 1 - с одной меткой и цилиндрической горловиной)	421	10001127	https://minimed.ru/product/677/	minimed.ru
1-250-2	Колба мерная с одной меткой и цилиндрической горловиной, уп.2 / кор.72 шт	Лабораторная посуда и принадлежности из стекла/Колбы лабораторные ( мерные: исполнение 1 - с одной меткой и цилиндрической горловиной)	436	10001128	https://minimed.ru/product/678/	minimed.ru
1-500-2	Колба мерная с одной меткой и цилиндрической горловиной, уп.2 / кор.48 шт	Лабораторная посуда и принадлежности из стекла/Колбы лабораторные ( мерные: исполнение 1 - с одной меткой и цилиндрической горловиной)	554	10001130	https://minimed.ru/product/679/	minimed.ru
1-1000-2	Колба мерная с одной меткой и цилиндрической горловиной, уп.2 / кор.24 шт	Лабораторная посуда и принадлежности из стекла/Колбы лабораторные ( мерные: исполнение 1 - с одной меткой и цилиндрической горловиной)	713	10001123	https://minimed.ru/product/3627/	minimed.ru
1-2000-2	Колба мерная с одной меткой и цилиндрической горловиной, уп.2 шт./ кор.12 шт	Лабораторная посуда и принадлежности из стекла/Колбы лабораторные ( мерные: исполнение 1 - с одной меткой и цилиндрической горловиной)	1140	10001126	https://minimed.ru/product/3628/	minimed.ru

Лабораторная посуда и принадлежности из стекла/Колбы лабораторные ( мерные: исполнение 2 - с одной меткой и пришлифованной пробкой)						
2-5-2	Колба мерная, с пришлифованной пробкой 7/16, ТУ 9464-013-52876351-2014, ГОСТ 1770-74, уп.25/кор.100 шт	Лабораторная посуда и принадлежности из стекла/Колбы лабораторные ( мерные: исполнение 2 - с одной меткой и пришлифованной пробкой)	342	10001140	https://minimed.ru/product/655/	minimed.ru
2-10-2	Колба мерная, с пришлифованной пробкой 7/16, ТУ 9464-013-52876351-2014, ГОСТ 1770-74, уп.12/288	Лабораторная посуда и принадлежности из стекла/Колбы лабораторные ( мерные: исполнение 2 - с одной меткой и пришлифованной пробкой)	347	10001146	https://minimed.ru/product/4116/	minimed.ru
2-10-2	Колба мерная, с пришлифованной пробкой 10/19, ТУ 9464-013-52876351-2014, ГОСТ 1770-74, уп.12/ кор. 288 шт	Лабораторная посуда и принадлежности из стекла/Колбы лабораторные ( мерные: исполнение 2 - с одной меткой и пришлифованной пробкой)	256	10001147	https://minimed.ru/product/661/	minimed.ru
2-25-2	Колба мерная, с пришлифованной пробкой 10/19, ТУ 9464-013-52876351-2014, ГОСТ 1770-74, уп.12 шт./ кор.288 шт	Лабораторная посуда и принадлежности из стекла/Колбы лабораторные ( мерные: исполнение 2 - с одной меткой и пришлифованной пробкой)	287	10001137	https://minimed.ru/product/662/	minimed.ru
2-50-2	Колба мерная, с пришлифованной пробкой 10/19, ТУ 9464-013-52876351-2014, ГОСТ 1770-74, уп.12/ кор.288 шт	Лабораторная посуда и принадлежности из стекла/Колбы лабораторные ( мерные: исполнение 2 - с одной меткой и пришлифованной пробкой)	292	10001139	https://minimed.ru/product/664/	minimed.ru
2-100-2	Колба мерная, с пришлифованной пробкой 10/19, ТУ 9464-013-52876351-2014, ГОСТ 1770-74, уп.6 / кор.144 шт	Лабораторная посуда и принадлежности из стекла/Колбы лабораторные ( мерные: исполнение 2 - с одной меткой и пришлифованной пробкой)	325	10001133	https://minimed.ru/product/680/	minimed.ru
2-200-2	Колба мерная, с пришлифованной пробкой 14/23, ТУ 9464-013-52876351-2014, ГОСТ 1770-74, уп.2 / кор.72 шт	Лабораторная посуда и принадлежности из стекла/Колбы лабораторные ( мерные: исполнение 2 - с одной меткой и пришлифованной пробкой)	428	10001135	https://minimed.ru/product/683/	minimed.ru
2-250-2	Колба мерная, с пришлифованной пробкой 14/23, ТУ 9464-013-52876351-2014, ГОСТ 1770-74, уп.2 шт./ кор.72 шт	Лабораторная посуда и принадлежности из стекла/Колбы лабораторные ( мерные: исполнение 2 - с одной меткой и пришлифованной пробкой)	445	10001136	https://minimed.ru/product/684/	minimed.ru
2-500-2	Колба мерная, с пришлифованной пробкой14/23, ТУ 9464-013-52876351-2014, ГОСТ 1770-74, уп.2 / кор.48 шт	Лабораторная посуда и принадлежности из стекла/Колбы лабораторные ( мерные: исполнение 2 - с одной меткой и пришлифованной пробкой)	590	10001138	https://minimed.ru/product/685/	minimed.ru
2-1000-2	Колба мерная, с пришлифованной пробкой 19/26, ТУ 9464-013-52876351-2014, ГОСТ 1770-74, уп.2 / кор.24 шт	Лабораторная посуда и принадлежности из стекла/Колбы лабораторные ( мерные: исполнение 2 - с одной меткой и пришлифованной пробкой)	738	10001132	https://minimed.ru/product/3339/	minimed.ru
2-2000-2	Колба мерная, с пришлифованной пробкой 29/32, ТУ 9464-013-52876351-2014, ГОСТ 1770-74, уп.2/12 шт	Лабораторная посуда и принадлежности из стекла/Колбы лабораторные ( мерные: исполнение 2 - с одной меткой и пришлифованной пробкой)	1233	10001134	https://minimed.ru/product/3340/	minimed.ru

Лабораторная посуда и принадлежности из стекла/Колбы лабораторные ( мерные: исполнение 2а - с одной меткой и пластмассовой пробкой)						
2а-25-2	Колба мерная с одной меткой и пластмассовой пробкой, уп.12 / кор.288 шт	Лабораторная посуда и принадлежности из стекла/Колбы лабораторные ( мерные: исполнение 2а - с одной меткой и пластмассовой пробкой)	287	10001142	https://minimed.ru/product/667/	minimed.ru
2а-50-2	Колба мерная с одной меткой и пластмассовой пробкой, уп.12 / кор. 288 шт	Лабораторная посуда и принадлежности из стекла/Колбы лабораторные ( мерные: исполнение 2а - с одной меткой и пластмассовой пробкой)	292	10001113	https://minimed.ru/product/668/	minimed.ru
2а-100-2	Колба мерная с одной меткой и пластмассовой пробкой, уп.6 шт./кор.144 шт	Лабораторная посуда и принадлежности из стекла/Колбы лабораторные ( мерные: исполнение 2а - с одной меткой и пластмассовой пробкой)	317	10001110	https://minimed.ru/product/687/	minimed.ru
2а-200-2	Колба мерная с одной меткой и пластмассовой пробкой, уп.2 шт./кор.72 шт	Лабораторная посуда и принадлежности из стекла/Колбы лабораторные ( мерные: исполнение 2а - с одной меткой и пластмассовой пробкой)	388	10001143	https://minimed.ru/product/689/	minimed.ru
2а-250-2	Колба мерная с одной меткой и пластмассовой пробкой, уп.2 шт./кор.72 шт	Лабораторная посуда и принадлежности из стекла/Колбы лабораторные ( мерные: исполнение 2а - с одной меткой и пластмассовой пробкой)	416	10001111	https://minimed.ru/product/690/	minimed.ru
2а-500-2	Колба мерная с одной меткой и пластмассовой пробкой, уп.2 / кор.48 шт	Лабораторная посуда и принадлежности из стекла/Колбы лабораторные ( мерные: исполнение 2а - с одной меткой и пластмассовой пробкой)	551	10001112	https://minimed.ru/product/691/	minimed.ru
2а-1000-2	Колба мерная с одной меткой и пластмассовой пробкой, уп.2/ кор.24 шт	Лабораторная посуда и принадлежности из стекла/Колбы лабораторные ( мерные: исполнение 2а - с одной меткой и пластмассовой пробкой)	728	10001109	https://minimed.ru/product/3629/	minimed.ru
2а-2000-2	Колба мерная с одной меткой и пластмассовой пробкой, уп.2/ кор.12 шт	Лабораторная посуда и принадлежности из стекла/Колбы лабораторные ( мерные: исполнение 2а - с одной меткой и пластмассовой пробкой)	1119	10001108	https://minimed.ru/product/3630/	minimed.ru

Лабораторная посуда и принадлежности из стекла/Колбы лабораторные  ( мерные: исполнение 1 - с одной меткой и цилиндрической горловиной) 1 класс						
1-10-1	Колба мерная, 1 класс, ГОСТ 1770-74, инд.уп./144шт.	Лабораторная посуда и принадлежности из стекла/Колбы лабораторные  ( мерные: исполнение 1 - с одной меткой и цилиндрической горловиной) 1 класс	683	10001100А	https://minimed.ru/product/3735/	minimed.ru
1-25-1	Колба мерная, 1 класс, ГОСТ 1770-74, инд.уп./144 шт	Лабораторная посуда и принадлежности из стекла/Колбы лабораторные  ( мерные: исполнение 1 - с одной меткой и цилиндрической горловиной) 1 класс	710	10001101А	https://minimed.ru/product/3764/	minimed.ru
1-50-1	Колба мерная, 1 класс, ГОСТ 1770-74, инд.уп./144шт	Лабораторная посуда и принадлежности из стекла/Колбы лабораторные  ( мерные: исполнение 1 - с одной меткой и цилиндрической горловиной) 1 класс	719	10001102А	https://minimed.ru/product/3765/	minimed.ru
1-100-1	Колба мерная, 1 класс, ГОСТ 1770-74, инд.уп./72 шт.	Лабораторная посуда и принадлежности из стекла/Колбы лабораторные  ( мерные: исполнение 1 - с одной меткой и цилиндрической горловиной) 1 класс	810	10001103А	https://minimed.ru/product/3766/	minimed.ru
1-200-1	Колба мерная, 1 класс, ГОСТ 1770-74, инд.уп./48шт.	Лабораторная посуда и принадлежности из стекла/Колбы лабораторные  ( мерные: исполнение 1 - с одной меткой и цилиндрической горловиной) 1 класс	856	10001177А	https://minimed.ru/product/3767/	minimed.ru
1-250-1	Колба мерная, 1 класс, ГОСТ 1770-74, инд.уп./48шт.	Лабораторная посуда и принадлежности из стекла/Колбы лабораторные  ( мерные: исполнение 1 - с одной меткой и цилиндрической горловиной) 1 класс	1002	10001104А	https://minimed.ru/product/3768/	minimed.ru
1-500-1	Колба мерная, 1 класс, ГОСТ 1770-74, инд.уп./32шт.	Лабораторная посуда и принадлежности из стекла/Колбы лабораторные  ( мерные: исполнение 1 - с одной меткой и цилиндрической горловиной) 1 класс	1411	10001105А	https://minimed.ru/product/3769/	minimed.ru
1-1000-1	Колба мерная, 1 класс, ГОСТ 1770-74, инд.уп./24 шт.	Лабораторная посуда и принадлежности из стекла/Колбы лабораторные  ( мерные: исполнение 1 - с одной меткой и цилиндрической горловиной) 1 класс	2604	10001106А	https://minimed.ru/product/3770/	minimed.ru
1-2000-1	Колба мерная, 1 класс, ГОСТ 1770-74, инд.уп./12шт.	Лабораторная посуда и принадлежности из стекла/Колбы лабораторные  ( мерные: исполнение 1 - с одной меткой и цилиндрической горловиной) 1 класс	4125	10001107А	https://minimed.ru/product/3771/	minimed.ru

Лабораторная посуда и принадлежности из стекла/Колбы лабораторные ( мерные: исполнение 2 - с одной меткой и пришлифованной пробкой) 1 класс						
2-10-1	Колба мерная, с пришлифованной пробкой 7/16, 1 класс, ГОСТ 1770-74, инд.уп./ 144шт.	Лабораторная посуда и принадлежности из стекла/Колбы лабораторные ( мерные: исполнение 2 - с одной меткой и пришлифованной пробкой) 1 класс	865	10001160А	https://minimed.ru/product/3736/	minimed.ru
2-25-1	Колба мерная, с пришлифованной пробкой 10/19, 1 класс, ГОСТ 1770-74, инд.уп./ 144шт.	Лабораторная посуда и принадлежности из стекла/Колбы лабораторные ( мерные: исполнение 2 - с одной меткой и пришлифованной пробкой) 1 класс	892	10001161А	https://minimed.ru/product/3758/	minimed.ru
2-50-1	Колба мерная, с пришлифованной пробкой 10/19, 1 класс, ГОСТ 1770-74, инд.уп./144шт.	Лабораторная посуда и принадлежности из стекла/Колбы лабораторные ( мерные: исполнение 2 - с одной меткой и пришлифованной пробкой) 1 класс	929	10001162А	https://minimed.ru/product/3759/	minimed.ru
2-100-1	Колба мерная, с пришлифованной пробкой 10/19, 1 класс, ГОСТ 1770-74, инд.уп./72 шт.	Лабораторная посуда и принадлежности из стекла/Колбы лабораторные ( мерные: исполнение 2 - с одной меткой и пришлифованной пробкой) 1 класс	956	10001163А	https://minimed.ru/product/3760/	minimed.ru
2-200-1	Колба мерная, с пришлифованной пробкой 14/23, 1 класс, ГОСТ 1770-74, инд.уп./48 шт.	Лабораторная посуда и принадлежности из стекла/Колбы лабораторные ( мерные: исполнение 2 - с одной меткой и пришлифованной пробкой) 1 класс	1002	10001164А	https://minimed.ru/product/3761/	minimed.ru
2-250-1	Колба мерная, с пришлифованной пробкой 14/23, 1 класс, ГОСТ 1770-74, инд.уп./48 шт.	Лабораторная посуда и принадлежности из стекла/Колбы лабораторные ( мерные: исполнение 2 - с одной меткой и пришлифованной пробкой) 1 класс	1138	10001165А	https://minimed.ru/product/3762/	minimed.ru
2-500-1	Колба мерная, с пришлифованной пробкой 14/23, 1 класс, ГОСТ 1770-74, инд.уп./32 шт	Лабораторная посуда и принадлежности из стекла/Колбы лабораторные ( мерные: исполнение 2 - с одной меткой и пришлифованной пробкой) 1 класс	1593	10001166А	https://minimed.ru/product/3763/	minimed.ru
2-1000-1	Колба мерная, с пришлифованной пробкой 19/26, 1 класс, ГОСТ 1770-74, инд.уп./24 шт.	Лабораторная посуда и принадлежности из стекла/Колбы лабораторные ( мерные: исполнение 2 - с одной меткой и пришлифованной пробкой) 1 класс	2959	10001167А	https://minimed.ru/product/3772/	minimed.ru
2-2000-1	Колба мерная, с пришлифованной пробкой 29/32, 1 класс, ГОСТ 1770-74, инд.уп./12 шт.	Лабораторная посуда и принадлежности из стекла/Колбы лабораторные ( мерные: исполнение 2 - с одной меткой и пришлифованной пробкой) 1 класс	4416	10001168А	https://minimed.ru/product/3773/	minimed.ru

Лабораторная посуда и принадлежности из стекла/Колбы лабораторные ( мерные: исполнение 2а - с одной меткой и пластмассовой пробкой) 1 класс						
2а-25-1	Колба мерная, с пробкой, 1 класс, инд.уп./144 шт	Лабораторная посуда и принадлежности из стекла/Колбы лабораторные ( мерные: исполнение 2а - с одной меткой и пластмассовой пробкой) 1 класс	847	10001115А	https://minimed.ru/product/3919/	minimed.ru
2а-50-1	Колба мерная, с пробкой, 1 класс, инд.уп./144 шт	Лабораторная посуда и принадлежности из стекла/Колбы лабораторные ( мерные: исполнение 2а - с одной меткой и пластмассовой пробкой) 1 класс	892	10001116А	https://minimed.ru/product/3920/	minimed.ru
2а-100-1	Колба мерная, с пробкой, 1 класс, инд.уп./72 шт	Лабораторная посуда и принадлежности из стекла/Колбы лабораторные ( мерные: исполнение 2а - с одной меткой и пластмассовой пробкой) 1 класс	920	10001114А	https://minimed.ru/product/3921/	minimed.ru
2а-200-1	Колба мерная, с пробкой, 1 класс, инд.уп./48 шт	Лабораторная посуда и принадлежности из стекла/Колбы лабораторные ( мерные: исполнение 2а - с одной меткой и пластмассовой пробкой) 1 класс	956	10001118А	https://minimed.ru/product/3922/	minimed.ru
2а-250-1	Колба мерная, с пробкой, 1 класс, инд.уп./48 шт	Лабораторная посуда и принадлежности из стекла/Колбы лабораторные ( мерные: исполнение 2а - с одной меткой и пластмассовой пробкой) 1 класс	1084	10001119А	https://minimed.ru/product/3923/	minimed.ru
2а-500-1	Колба мерная, с пробкой, 1 класс, инд.уп./32 шт.	Лабораторная посуда и принадлежности из стекла/Колбы лабораторные ( мерные: исполнение 2а - с одной меткой и пластмассовой пробкой) 1 класс	1521	10001120А	https://minimed.ru/product/3924/	minimed.ru
2а-1000-1	Колба мерная, с пробкой, 1 класс, инд.уп./24 шт	Лабораторная посуда и принадлежности из стекла/Колбы лабораторные ( мерные: исполнение 2а - с одной меткой и пластмассовой пробкой) 1 класс	2823	10001121А	https://minimed.ru/product/3925/	minimed.ru
2а-2000-1	Колба мерная, с пробкой, 1 класс, инд.уп./12 шт	Лабораторная посуда и принадлежности из стекла/Колбы лабораторные ( мерные: исполнение 2а - с одной меткой и пластмассовой пробкой) 1 класс	4234	10001122А	https://minimed.ru/product/3926/	minimed.ru

Лабораторная посуда и принадлежности из стекла/Колбы лабораторные (плоскодонные: исполнение 2 - с цилиндрической горловиной, тип П)						
П-2-50-22	Колба плоскодонная с цилиндрической горловиной, ТС, уп.12 / кор.192 шт	Лабораторная посуда и принадлежности из стекла/Колбы лабораторные (плоскодонные: исполнение 2 - с цилиндрической горловиной, тип П)	140	10005904	https://minimed.ru/product/675/	minimed.ru
П-2-100-22	Колба плоскодонная с цилиндрической горловиной, ТС, уп.12 /192 шт	Лабораторная посуда и принадлежности из стекла/Колбы лабораторные (плоскодонные: исполнение 2 - с цилиндрической горловиной, тип П)	143	10005918	https://minimed.ru/product/707/	minimed.ru
П-2-100-34	Колба плоскодонная с цилиндрической горловиной, ТС, уп.12 шт./кор.192 шт	Лабораторная посуда и принадлежности из стекла/Колбы лабораторные (плоскодонные: исполнение 2 - с цилиндрической горловиной, тип П)	156	10005906	https://minimed.ru/product/708/	minimed.ru
П-2-250-34	Колба плоскодонная с цилиндрической горловиной, ТС, уп.12 / кор.72 шт	Лабораторная посуда и принадлежности из стекла/Колбы лабораторные (плоскодонные: исполнение 2 - с цилиндрической горловиной, тип П)	210	10005908	https://minimed.ru/product/709/	minimed.ru
П-2-500-34	Колба плоскодонная с цилиндрической горловиной, ТС, уп.8 /48 шт	Лабораторная посуда и принадлежности из стекла/Колбы лабораторные (плоскодонные: исполнение 2 - с цилиндрической горловиной, тип П)	337	10005909	https://minimed.ru/product/710/	minimed.ru
П-2-1000-42	Колба плоскодонная с цилиндрической горловиной, ТС, уп.6 /24 шт	Лабораторная посуда и принадлежности из стекла/Колбы лабораторные (плоскодонные: исполнение 2 - с цилиндрической горловиной, тип П)	635	10005905	https://minimed.ru/product/787/	minimed.ru
П-2-2000-50	Колба плоскодонная с цилиндрической горловиной, ТС, уп.1 шт./ кор.12 шт	Лабораторная посуда и принадлежности из стекла/Колбы лабораторные (плоскодонные: исполнение 2 - с цилиндрической горловиной, тип П)	1137	10005907	https://minimed.ru/product/788/	minimed.ru
П-2-3000-50	Колба плоскодонная с цилиндрической горловиной, ТС, уп.1/8 шт	Лабораторная посуда и принадлежности из стекла/Колбы лабораторные (плоскодонные: исполнение 2 - с цилиндрической горловиной, тип П)	1786	10005911	https://minimed.ru/product/4244/	minimed.ru
П-2-4000-50	Колба плоскодонная с цилиндрической горловиной, ТС, уп.1 шт./кор.4/6 шт	Лабораторная посуда и принадлежности из стекла/Колбы лабораторные (плоскодонные: исполнение 2 - с цилиндрической горловиной, тип П)	2146	10001209	https://minimed.ru/product/790/	minimed.ru
П-2-5000-50	Колба плоскодонная с цилиндрической горловиной, ТС, уп.1 /4 шт	Лабораторная посуда и принадлежности из стекла/Колбы лабораторные (плоскодонные: исполнение 2 - с цилиндрической горловиной, тип П)	2875	10005910	https://minimed.ru/product/791/	minimed.ru
П-2-6000-65	Колба плоскодонная с цилиндрической горловиной, ТС, уп.1 шт./кор.4 шт	Лабораторная посуда и принадлежности из стекла/Колбы лабораторные (плоскодонные: исполнение 2 - с цилиндрической горловиной, тип П)	2903	10001213	https://minimed.ru/product/792/	minimed.ru
П-2-10000	Колба плоскодонная с цилиндрической горловиной	Лабораторная посуда и принадлежности из стекла/Колбы лабораторные (плоскодонные: исполнение 2 - с цилиндрической горловиной, тип П)	5074	10005921	https://minimed.ru/product/3678/	minimed.ru

Лабораторная посуда и принадлежности из стекла/Колбы лабораторные (плоскодонные: исполнение 1 - со шлифом, тип П)						
П-1-50-19/26	Колба плоскодонная со шлифом, ТС, уп.12 /192 шт	Лабораторная посуда и принадлежности из стекла/Колбы лабораторные (плоскодонные: исполнение 1 - со шлифом, тип П)	338	10005916	https://minimed.ru/product/793/	minimed.ru
П-1-50-29/32	Колба плоскодонная со шлифом, ТС, уп.12 /192 шт	Лабораторная посуда и принадлежности из стекла/Колбы лабораторные (плоскодонные: исполнение 1 - со шлифом, тип П)	455	10005912	https://minimed.ru/product/794/	minimed.ru
П-1-100-29/32	Колба плоскодонная со шлифом, ТС, уп.12 / кор.192 шт	Лабораторная посуда и принадлежности из стекла/Колбы лабораторные (плоскодонные: исполнение 1 - со шлифом, тип П)	470	10005901	https://minimed.ru/product/795/	minimed.ru
П-1-250-29/32	Колба плоскодонная со шлифом, ТС, уп.12шт./ кор.72	Лабораторная посуда и принадлежности из стекла/Колбы лабораторные (плоскодонные: исполнение 1 - со шлифом, тип П)	491	10005902	https://minimed.ru/product/796/	minimed.ru
П-1-500-29/32	Колба плоскодонная со шлифом, ТС, уп.8 / кор.48 шт	Лабораторная посуда и принадлежности из стекла/Колбы лабораторные (плоскодонные: исполнение 1 - со шлифом, тип П)	592	10005903	https://minimed.ru/product/797/	minimed.ru
П-1-1000-29/32	Колба плоскодонная со шлифом, ТС, уп.6 /24 шт	Лабораторная посуда и принадлежности из стекла/Колбы лабораторные (плоскодонные: исполнение 1 - со шлифом, тип П)	765	10005900	https://minimed.ru/product/798/	minimed.ru
П-1-2000-29/32	Колба плоскодонная со шлифом, ТС, уп.1 / кор.12 шт	Лабораторная посуда и принадлежности из стекла/Колбы лабораторные (плоскодонные: исполнение 1 - со шлифом, тип П)	1297	10005913	https://minimed.ru/product/799/	minimed.ru
П-1-4000-45/40	Колба плоскодонная со шлифом, уп.1/4/6 шт	Лабораторная посуда и принадлежности из стекла/Колбы лабораторные (плоскодонные: исполнение 1 - со шлифом, тип П)	2824	10005919	https://minimed.ru/product/800/	minimed.ru
П-1-6000-45/40	Колба плоскодонная со шлифом, уп.1/4 шт	Лабораторная посуда и принадлежности из стекла/Колбы лабораторные (плоскодонные: исполнение 1 - со шлифом, тип П)	3699	10005920	https://minimed.ru/product/801/	minimed.ru
П-1-10000-45/40	Колба плоскодонная со шлифом, ТС, уп.1 шт,/кор. 2шт	Лабораторная посуда и принадлежности из стекла/Колбы лабораторные (плоскодонные: исполнение 1 - со шлифом, тип П)	7821	10005917	https://minimed.ru/product/802/	minimed.ru

Лабораторная посуда и принадлежности из стекла/Кюветы для фотометрии из стекла К-8						
MF 1020	Кювета стеклянная 20х42х13 мм, уп.5шт	Лабораторная посуда и принадлежности из стекла/Кюветы для фотометрии из стекла К-8	1164	12002328	https://minimed.ru/product/992/	minimed.ru
	Кювета для БИЛИМЕТА	Лабораторная посуда и принадлежности из стекла/Кюветы для фотометрии из стекла К-8	3770	12002312	https://minimed.ru/product/994/	minimed.ru
	Кювета для мм, уп. 10шт	Лабораторная посуда и принадлежности из стекла/Кюветы для фотометрии из стекла К-8	762	12002313	https://minimed.ru/product/995/	minimed.ru
	Кювета для КФК 1 мм,уп.25 шт	Лабораторная посуда и принадлежности из стекла/Кюветы для фотометрии из стекла К-8	488	12002350	https://minimed.ru/product/996/	minimed.ru
	Кювета для мм, уп. 10 шт	Лабораторная посуда и принадлежности из стекла/Кюветы для фотометрии из стекла К-8	799	12002324	https://minimed.ru/product/997/	minimed.ru
	Кювета для КФК 3 мм,уп.20 шт	Лабораторная посуда и принадлежности из стекла/Кюветы для фотометрии из стекла К-8	488	12002351	https://minimed.ru/product/998/	minimed.ru
	Кювета для мм, уп. 10 шт	Лабораторная посуда и принадлежности из стекла/Кюветы для фотометрии из стекла К-8	869	12002326	https://minimed.ru/product/999/	minimed.ru
	Кювета для КФК 5 мм, уп.14 шт	Лабораторная посуда и принадлежности из стекла/Кюветы для фотометрии из стекла К-8	419	12002352	https://minimed.ru/product/1000/	minimed.ru
	Кювета для мм, уп. 10 шт	Лабораторная посуда и принадлежности из стекла/Кюветы для фотометрии из стекла К-8	922	12002314	https://minimed.ru/product/1001/	minimed.ru
	Кювета для КФК 10 мм,уп.9 шт	Лабораторная посуда и принадлежности из стекла/Кюветы для фотометрии из стекла К-8	419	12002353	https://minimed.ru/product/1002/	minimed.ru
	Кювета для мм, уп. 10 шт	Лабораторная посуда и принадлежности из стекла/Кюветы для фотометрии из стекла К-8	1141	12002323	https://minimed.ru/product/1003/	minimed.ru
	Кювета для КФК 20мм,уп.5 шт	Лабораторная посуда и принадлежности из стекла/Кюветы для фотометрии из стекла К-8	594	12002354	https://minimed.ru/product/1004/	minimed.ru
	Кювета для мм, уп. 6 шт	Лабораторная посуда и принадлежности из стекла/Кюветы для фотометрии из стекла К-8	1193	12002325	https://minimed.ru/product/1005/	minimed.ru
	Кювета для КФК 30мм,уп.5 шт	Лабораторная посуда и принадлежности из стекла/Кюветы для фотометрии из стекла К-8	732	12002355	https://minimed.ru/product/1006/	minimed.ru
	Кювета для мм, уп. 4 шт	Лабораторная посуда и принадлежности из стекла/Кюветы для фотометрии из стекла К-8	1721	12002327	https://minimed.ru/product/1007/	minimed.ru
	Кювета для КФК 50 мм,уп.5 шт	Лабораторная посуда и принадлежности из стекла/Кюветы для фотометрии из стекла К-8	1051	12002356	https://minimed.ru/product/1008/	minimed.ru
КФК 100	Кювета для мм, уп. 1 шт	Лабораторная посуда и принадлежности из стекла/Кюветы для фотометрии из стекла К-8	2287	12002322	https://minimed.ru/product/1009/	minimed.ru
	Кювета для КФК 100мм,п.1 шт	Лабораторная посуда и принадлежности из стекла/Кюветы для фотометрии из стекла К-8	1942	12002357	https://minimed.ru/product/1010/	minimed.ru
	Кювета для КФК 10*5 мм (с уменьш.объемом), уп. 10 шт	Лабораторная посуда и принадлежности из стекла/Кюветы для фотометрии из стекла К-8	1418	12002316	https://minimed.ru/product/1011/	minimed.ru
	Кювета для КФК 10*10 мм, стекл, прозрачные стенки, уп.10 шт	Лабораторная посуда и принадлежности из стекла/Кюветы для фотометрии из стекла К-8	1061	12002300	https://minimed.ru/product/1012/	minimed.ru
	Кювета для мм,уп.10 шт	Лабораторная посуда и принадлежности из стекла/Кюветы для фотометрии из стекла К-8	244	12002358	https://minimed.ru/product/1013/	minimed.ru
	Кювета для КФК 10*10 мм, уп. 10 шт	Лабораторная посуда и принадлежности из стекла/Кюветы для фотометрии из стекла К-8	1061	12002318	https://minimed.ru/product/1014/	minimed.ru

Лабораторная посуда и принадлежности из стекла/Кюветы кварцевые для спектрофотометрии						
	Кювета 1 мм, кварцевая, уп. 10 шт	Лабораторная посуда и принадлежности из стекла/Кюветы кварцевые для спектрофотометрии	1787	12002310	https://minimed.ru/product/979/	minimed.ru
	Кювета 3 мм, кварцевая, уп. 10 шт	Лабораторная посуда и принадлежности из стекла/Кюветы кварцевые для спектрофотометрии	1787	12002306	https://minimed.ru/product/980/	minimed.ru
	Кювета 5 мм, кварцевая, уп. 10 шт	Лабораторная посуда и принадлежности из стекла/Кюветы кварцевые для спектрофотометрии	1787	12002308	https://minimed.ru/product/981/	minimed.ru
	Кювета 10 мм, кварцевая, уп. 10 шт	Лабораторная посуда и принадлежности из стекла/Кюветы кварцевые для спектрофотометрии	2025	12002301	https://minimed.ru/product/982/	minimed.ru
	Кювета 20мм, кварцевая, уп. 10 шт	Лабораторная посуда и принадлежности из стекла/Кюветы кварцевые для спектрофотометрии	2484	12002305	https://minimed.ru/product/983/	minimed.ru
	Кювета 30мм, кварцевая, уп. 6 шт	Лабораторная посуда и принадлежности из стекла/Кюветы кварцевые для спектрофотометрии	2664	12002307	https://minimed.ru/product/984/	minimed.ru
	Кювета 50 мм, кварцевая, уп. 4 шт	Лабораторная посуда и принадлежности из стекла/Кюветы кварцевые для спектрофотометрии	3590	12002309	https://minimed.ru/product/985/	minimed.ru
	Кювета 100 мм, кварцевая, уп. 1 шт	Лабораторная посуда и принадлежности из стекла/Кюветы кварцевые для спектрофотометрии	4779	12002304	https://minimed.ru/product/986/	minimed.ru
	Кювета 10*10 мм, кварцевая, уп.10 шт.(д/Минигема), уп. 10 шт	Лабораторная посуда и принадлежности из стекла/Кюветы кварцевые для спектрофотометрии	3402	12002303	https://minimed.ru/product/987/	minimed.ru
	Кювета 10*10 мм, кварцевая, прозр. стенки, уп. 10 шт	Лабораторная посуда и принадлежности из стекла/Кюветы кварцевые для спектрофотометрии	3443	12002315	https://minimed.ru/product/993/	minimed.ru

Лабораторная посуда и принадлежности из стекла/Лопаточки						
	Лопаточка стеклянная мм, уп.50/1000 шт	Лабораторная посуда и принадлежности из стекла/Лопаточки	42	12002501	https://minimed.ru/product/1051/	minimed.ru

Лабораторная посуда и принадлежности из стекла/Мензурки						
50 мл	Мензурка ТУ 9464-013-52876351-2014, ГОСТ 1770-74, уп.12 шт	Лабораторная посуда и принадлежности из стекла/Мензурки	235	10001504	https://minimed.ru/product/1084/	minimed.ru
100 мл	Мензурка ТУ 9464-013-52876351-2014, ГОСТ 1770-74, уп.12шт	Лабораторная посуда и принадлежности из стекла/Мензурки	270	10001501	https://minimed.ru/product/1085/	minimed.ru
250 мл	Мензурка ТУ 9464-013-52876351-2014, ГОСТ 1770-74, уп.24шт	Лабораторная посуда и принадлежности из стекла/Мензурки	371	10001503	https://minimed.ru/product/1086/	minimed.ru
500 мл	Мензурка ТУ 9464-013-52876351-2014, ГОСТ 1770-74, уп.12шт	Лабораторная посуда и принадлежности из стекла/Мензурки	544	10001507	https://minimed.ru/product/3945/	minimed.ru
500 мл	Мензурка ТУ 9464-013-52876351-2014, ГОСТ 1770-74, уп.8/32 шт	Лабораторная посуда и принадлежности из стекла/Мензурки	626	10001505	https://minimed.ru/product/3381/	minimed.ru
1000 мл	Мензурка ТУ 9464-013-52876351-2014, ГОСТ 1770-74, уп.2/20 шт	Лабораторная посуда и принадлежности из стекла/Мензурки	1078	10001502	https://minimed.ru/product/3382/	minimed.ru
1000 мл	Мензурка ТУ 9464-013-52876351-2014, ГОСТ 1770-74, уп.6шт	Лабораторная посуда и принадлежности из стекла/Мензурки	648	10001508	https://minimed.ru/product/3946/	minimed.ru

Лабораторная посуда и принадлежности из стекла/Насадки						
Н1-14/23-14/23-14/23	Насадка Вюрца, уп. 1 шт.	Лабораторная посуда и принадлежности из стекла/Насадки	1043	21004813	https://minimed.ru/product/1158/	minimed.ru
Н1-29/32-29/32-29/32	Насадка Вюрца	Лабораторная посуда и принадлежности из стекла/Насадки	1573	21004814	https://minimed.ru/product/1159/	minimed.ru

Лабораторная посуда и принадлежности из стекла/Палочка стеклянная						
	Палочка стеклянная, длина 220 мм, уп.100/600 шт	Лабораторная посуда и принадлежности из стекла/Палочка стеклянная	25	12005601	https://minimed.ru/product/1212/	minimed.ru

Лабораторная посуда и принадлежности из стекла/Переходы						
П1-2-14/23-19/26	Переход	Лабораторная посуда и принадлежности из стекла/Переходы	977	10002900	https://minimed.ru/product/2973/	minimed.ru
П1-2-19/26-24/29	Переход	Лабораторная посуда и принадлежности из стекла/Переходы	720	10002901	https://minimed.ru/product/267/	minimed.ru
П1-2-19/26-29/32	Переход	Лабораторная посуда и принадлежности из стекла/Переходы	1117	10002902	https://minimed.ru/product/268/	minimed.ru

Лабораторная посуда и принадлежности из стекла/Пикнометры ПЖ2						
ПЖ2-1-КШ 5/13	Пикнометр, ГОСТ 22524-77, уп.10 шт	Лабораторная посуда и принадлежности из стекла/Пикнометры ПЖ2	1463	10006902	https://minimed.ru/product/1331/	minimed.ru
ПЖ2-2-КШ 5/13	Пикнометр, ГОСТ 22524-77, уп. 10 шт	Лабораторная посуда и принадлежности из стекла/Пикнометры ПЖ2	1463	10006905	https://minimed.ru/product/1332/	minimed.ru
ПЖ2-3-КШ 5/13	Пикнометр, ГОСТ 22524-77, уп.10шт	Лабораторная посуда и принадлежности из стекла/Пикнометры ПЖ2	1463	10006906	https://minimed.ru/product/1333/	minimed.ru
ПЖ2-5-КШ 7/16	Пикнометр, ГОСТ 22524-77, уп. 10 шт	Лабораторная посуда и принадлежности из стекла/Пикнометры ПЖ2	1463	10006909	https://minimed.ru/product/1334/	minimed.ru
ПЖ2-10-КШ 7/16	Пикнометр, ГОСТ 22524-77, уп. 10 шт	Лабораторная посуда и принадлежности из стекла/Пикнометры ПЖ2	1463	10006901	https://minimed.ru/product/1335/	minimed.ru
ПЖ2-25-КШ 7/16	Пикнометр, ГОСТ 22524-77, уп.10 шт	Лабораторная посуда и принадлежности из стекла/Пикнометры ПЖ2	1463	10006904	https://minimed.ru/product/1336/	minimed.ru
ПЖ2-25-КШ 10/19	Пикнометр, ГОСТ 22524-77, уп.10 шт	Лабораторная посуда и принадлежности из стекла/Пикнометры ПЖ2	1463	10006903	https://minimed.ru/product/1337/	minimed.ru
ПЖ2-50-КШ 7/16	Пикнометр, ГОСТ 22524-77, уп.15шт	Лабораторная посуда и принадлежности из стекла/Пикнометры ПЖ2	1463	10006908	https://minimed.ru/product/1338/	minimed.ru
ПЖ2-50-КШ 10/19	Пикнометр, ГОСТ 22524-77, уп.15 шт	Лабораторная посуда и принадлежности из стекла/Пикнометры ПЖ2	1463	10006907	https://minimed.ru/product/1339/	minimed.ru
ПЖ2-50-КШ 10/19	Пикнометр	Лабораторная посуда и принадлежности из стекла/Пикнометры ПЖ2	1823	10006915	https://minimed.ru/product/3702/	minimed.ru
ПЖ2-100-КШ 10/19	Пикнометр, ГОСТ 22524-77, уп.10 шт	Лабораторная посуда и принадлежности из стекла/Пикнометры ПЖ2	1630	10006900	https://minimed.ru/product/1340/	minimed.ru
ПЖ2-100-КШ 10/19	Пикнометр, уп. 10 шт	Лабораторная посуда и принадлежности из стекла/Пикнометры ПЖ2	1864	10006916	https://minimed.ru/product/3703/	minimed.ru

Лабораторная посуда и принадлежности из стекла/Пипетка Панченкова (к СОЭ-метру)						
СОЭ-0	Пипетка стеклянная к СОЭ-метру ПС/,ТУ 9443-005-52876351-2002, уп.100/800шт	Лабораторная посуда и принадлежности из стекла/Пипетка Панченкова (к СОЭ-метру)	28	10002001	https://minimed.ru/product/1374/	minimed.ru

Лабораторная посуда и принадлежности из стекла/Пипетки прямые стеклянные (типа Сали)						
ППС-01-20	Пипетка прямая стеклянная (типа САЛИ) ТУ 9464-013-52876351-2014, уп.100/800 шт	Лабораторная посуда и принадлежности из стекла/Пипетки прямые стеклянные (типа Сали)	32	10001901	https://minimed.ru/product/1413/	minimed.ru

Лабораторная посуда и принадлежности из стекла/Пипетки с одной отметкой (Мора)						
2-2-1	Пипетка с одной отметкой (Мора) ТУ 9464-013-52876351-2014, ГОСТ 29169-91, уп.10 шт/ кор.160 шт	Лабораторная посуда и принадлежности из стекла/Пипетки с одной отметкой (Мора)	198	10001801	https://minimed.ru/product/1375/	minimed.ru
2-2-2	Пипетка с одной отметкой (Мора) ТУ 9464-013-52876351-2014, ГОСТ 29169-91, уп.10 шт/ кор.160шт	Лабораторная посуда и принадлежности из стекла/Пипетки с одной отметкой (Мора)	208	10001805	https://minimed.ru/product/1376/	minimed.ru
2-2-5	Пипетка с одной отметкой (Мора) ТУ 9464-013-52876351-2014, ГОСТ 29169-91, уп.10 шт	Лабораторная посуда и принадлежности из стекла/Пипетки с одной отметкой (Мора)	240	10001808	https://minimed.ru/product/1377/	minimed.ru
2-2-10	Пипетка с одной отметкой (Мора) ТУ 9464-013-52876351-2014, ГОСТ 29169-91, уп.10 шт	Лабораторная посуда и принадлежности из стекла/Пипетки с одной отметкой (Мора)	247	10001802	https://minimed.ru/product/1378/	minimed.ru
2-2-10	Пипетка с одной отметкой (Мора) ТУ 9464-013-52876351-2014, ГОСТ 29169-91, уп.10 шт	Лабораторная посуда и принадлежности из стекла/Пипетки с одной отметкой (Мора)	260	10001803	https://minimed.ru/product/1379/	minimed.ru
2-2-20	Пипетка с одной отметкой (Мора) ТУ 9464-013-52876351-2014, ГОСТ 29169-91, уп.5 шт	Лабораторная посуда и принадлежности из стекла/Пипетки с одной отметкой (Мора)	349	10001806	https://minimed.ru/product/1380/	minimed.ru
2-2-25	Пипетка с одной отметкой (Мора) ТУ 9464-013-52876351-2014, ГОСТ 29169-91, уп.5 шт	Лабораторная посуда и принадлежности из стекла/Пипетки с одной отметкой (Мора)	373	10001807	https://minimed.ru/product/1381/	minimed.ru
2-2-50	Пипетка с одной отметкой (Мора) ТУ 9464-013-52876351-2014, ГОСТ 29169-91, уп.2 шт	Лабораторная посуда и принадлежности из стекла/Пипетки с одной отметкой (Мора)	395	10001809	https://minimed.ru/product/1382/	minimed.ru
2-2-100	Пипетка с одной отметкой (Мора) ТУ 9464-013-52876351-2014, ГОСТ 29169-91, уп.2 шт	Лабораторная посуда и принадлежности из стекла/Пипетки с одной отметкой (Мора)	401	10001804	https://minimed.ru/product/1383/	minimed.ru

Лабораторная посуда и принадлежности из стекла/Пипетки глазные						
	Пипетка офтальмологическая в футляре, инд.уп/уп.50шт/800 шт	Лабораторная посуда и принадлежности из стекла/Пипетки глазные	15	12006673	https://minimed.ru/product/3138/	minimed.ru

Лабораторная посуда и принадлежности из стекла/Пипетки градуированные (тип 1 - от верхней нулевой отметки до любой отметки)						
1-1-2-1	Пипетка градуированная ТУ 9464-013-52876351-2014, ГОСТ 29228-91, уп.10 шт/ кор.80шт	Лабораторная посуда и принадлежности из стекла/Пипетки градуированные (тип 1 - от верхней нулевой отметки до любой отметки)	202	10006804	https://minimed.ru/product/1357/	minimed.ru
1-1-2-2	Пипетка градуированная ТУ 9464-013-52876351-2014, ГОСТ 29228-91, уп. 10шт/ кор.80шт	Лабораторная посуда и принадлежности из стекла/Пипетки градуированные (тип 1 - от верхней нулевой отметки до любой отметки)	211	10006805	https://minimed.ru/product/1358/	minimed.ru
1-1-2-5	Пипетка градуированная ТУ 9464-013-52876351-2014, ГОСТ 29228-91, уп.10 шт/ кор. 80 шт	Лабораторная посуда и принадлежности из стекла/Пипетки градуированные (тип 1 - от верхней нулевой отметки до любой отметки)	216	10006806	https://minimed.ru/product/1359/	minimed.ru
1-2-2-10	Пипетка градуированная ТУ 9464-013-52876351-2014, ГОСТ 29228-91, уп.10 шт/ кор.70 шт	Лабораторная посуда и принадлежности из стекла/Пипетки градуированные (тип 1 - от верхней нулевой отметки до любой отметки)	224	10006807	https://minimed.ru/product/1360/	minimed.ru
1-2-2-25	Пипетка градуированная ТУ 9464-013-52876351-2014, ГОСТ 29228-91, уп.5 шт/ кор. 20 шт	Лабораторная посуда и принадлежности из стекла/Пипетки градуированные (тип 1 - от верхней нулевой отметки до любой отметки)	233	10006808	https://minimed.ru/product/1361/	minimed.ru

Лабораторная посуда и принадлежности из стекла/Пипетки градуированные (тип 2 - от любой отметки до сливного кончика)						
2-1-2-0	Пипетка градуированная ТУ 9464-013-52876351-2014, ГОСТ 29228-91, уп.10 шт/ кор.80шт	Лабораторная посуда и принадлежности из стекла/Пипетки градуированные (тип 2 - от любой отметки до сливного кончика)	237	10001701	https://minimed.ru/product/1362/	minimed.ru
2-1-2-0	Пипетка градуированная ТУ 9464-013-52876351-2014, ГОСТ 29228-91, уп.10шт/кор. 80шт	Лабораторная посуда и принадлежности из стекла/Пипетки градуированные (тип 2 - от любой отметки до сливного кончика)	237	10001702	https://minimed.ru/product/1363/	minimed.ru
2-1-2-1	Пипетка градуированная ТУ 9464-013-52876351-2014, ГОСТ 29228-91, уп.10шт / кор. 80шт	Лабораторная посуда и принадлежности из стекла/Пипетки градуированные (тип 2 - от любой отметки до сливного кончика)	204	10001703	https://minimed.ru/product/1364/	minimed.ru
2-1-2-1	Пипетка градуированная ТУ 9464-013-52876351-2014, ГОСТ 29228-91, уп.10шт / кор. 80шт	Лабораторная посуда и принадлежности из стекла/Пипетки градуированные (тип 2 - от любой отметки до сливного кончика)	214	10001700	https://minimed.ru/product/3690/	minimed.ru
2-1-2-2	Пипетка градуированная ТУ 9464-013-52876351-2014, ГОСТ 29228-91, уп.10 шт / кор.80шт	Лабораторная посуда и принадлежности из стекла/Пипетки градуированные (тип 2 - от любой отметки до сливного кончика)	204	10001704	https://minimed.ru/product/1365/	minimed.ru
2-1-2-2	Пипетка градуированная ТУ 9464-013-52876351-2014, ГОСТ 29228-91, уп.10 шт / кор.80шт	Лабораторная посуда и принадлежности из стекла/Пипетки градуированные (тип 2 - от любой отметки до сливного кончика)	214	10001714	https://minimed.ru/product/3691/	minimed.ru
2-1-2-5	Пипетка градуированная ТУ 9464-013-52876351-2014, ГОСТ 29228-91, уп. 10шт / кор.80шт	Лабораторная посуда и принадлежности из стекла/Пипетки градуированные (тип 2 - от любой отметки до сливного кончика)	205	10001707	https://minimed.ru/product/1366/	minimed.ru
2-2-2-10	Пипетка градуированная ТУ 9464-013-52876351-2014, ГОСТ 29228-91, уп.10 шт/ кор.70 шт	Лабораторная посуда и принадлежности из стекла/Пипетки градуированные (тип 2 - от любой отметки до сливного кончика)	214	10001705	https://minimed.ru/product/1367/	minimed.ru
2-2-2-10	Пипетка градуированная ТУ 9464-013-52876351-2014, ГОСТ 29228-91, уп.10 шт/ кор.60 шт	Лабораторная посуда и принадлежности из стекла/Пипетки градуированные (тип 2 - от любой отметки до сливного кончика)	224	10001715	https://minimed.ru/product/3692/	minimed.ru
2-2-2-25	Пипетка градуированная ТУ 9464-013-52876351-2014, ГОСТ 29228-91, уп.5 шт/ кор.20шт	Лабораторная посуда и принадлежности из стекла/Пипетки градуированные (тип 2 - от любой отметки до сливного кончика)	220	10001706	https://minimed.ru/product/1368/	minimed.ru

Лабораторная посуда и принадлежности из стекла/Пипетки градуированные (тип 3 - от верхней нулевой отметки до сливного кончика)						
3-1-2-1	Пипетка градуированная ТУ 9464-013-52876351-2014, ГОСТ 29228-91, уп. 10шт/ кор.80шт	Лабораторная посуда и принадлежности из стекла/Пипетки градуированные (тип 3 - от верхней нулевой отметки до сливного кончика)	202	10001708	https://minimed.ru/product/1369/	minimed.ru
3-1-2-2	Пипетка градуированная ТУ 9464-013-52876351-2014, ГОСТ 29228-91, уп. 10шт/ кор. 80 шт	Лабораторная посуда и принадлежности из стекла/Пипетки градуированные (тип 3 - от верхней нулевой отметки до сливного кончика)	211	10001709	https://minimed.ru/product/1370/	minimed.ru
3-1-2-5	Пипетка градуированная ТУ 9464-013-52876351-2014, ГОСТ 29228-91, уп. 10шт/ кор. 80шт	Лабораторная посуда и принадлежности из стекла/Пипетки градуированные (тип 3 - от верхней нулевой отметки до сливного кончика)	216	10001710	https://minimed.ru/product/1371/	minimed.ru
3-2-2-10	Пипетка градуированная ТУ 9464-013-52876351-2014, ГОСТ 29228-91, уп.10 шт/ кор.70шт	Лабораторная посуда и принадлежности из стекла/Пипетки градуированные (тип 3 - от верхней нулевой отметки до сливного кончика)	224	10001711	https://minimed.ru/product/1372/	minimed.ru
3-2-2-25	Пипетка градуированная ТУ 9464-013-52876351-2014, ГОСТ 29228-91, уп.5шт / кор. 20 шт	Лабораторная посуда и принадлежности из стекла/Пипетки градуированные (тип 3 - от верхней нулевой отметки до сливного кончика)	233	10001712	https://minimed.ru/product/1373/	minimed.ru

Лабораторная посуда и принадлежности из стекла/Пипетки градуированные (тип 1 - от верхней нулевой отметки до любой отметки) 1 класс						
1-1-1-1	Пипетка градуированная, уп.10/кор.80шт	Лабораторная посуда и принадлежности из стекла/Пипетки градуированные (тип 1 - от верхней нулевой отметки до любой отметки) 1 класс	428	10008050А	https://minimed.ru/product/4180/	minimed.ru
1-1-1-2	Пипетка градуированная, уп.10/кор.80шт	Лабораторная посуда и принадлежности из стекла/Пипетки градуированные (тип 1 - от верхней нулевой отметки до любой отметки) 1 класс	437	10008051А	https://minimed.ru/product/4181/	minimed.ru
1-1-1-5	Пипетка градуированная, уп.10/кор.80шт	Лабораторная посуда и принадлежности из стекла/Пипетки градуированные (тип 1 - от верхней нулевой отметки до любой отметки) 1 класс	464	10008055А	https://minimed.ru/product/4182/	minimed.ru
1-2-1-5	Пипетка градуированная, уп.10/кор.80шт	Лабораторная посуда и принадлежности из стекла/Пипетки градуированные (тип 1 - от верхней нулевой отметки до любой отметки) 1 класс	464	10008052А	https://minimed.ru/product/4183/	minimed.ru
1-2-1-10	Пипетка градуированная, уп.10/кор.70шт	Лабораторная посуда и принадлежности из стекла/Пипетки градуированные (тип 1 - от верхней нулевой отметки до любой отметки) 1 класс	473	10008053А	https://minimed.ru/product/4184/	minimed.ru
1-2-1-25	Пипетка градуированная, уп.5шт	Лабораторная посуда и принадлежности из стекла/Пипетки градуированные (тип 1 - от верхней нулевой отметки до любой отметки) 1 класс	562	10008054А	https://minimed.ru/product/4185/	minimed.ru

Лабораторная посуда и принадлежности из стекла/Пипетки градуированные (тип 2 - от любой отметки до сливного кончика) 1 класс						
2-1-1-1	Пипетка градуированная, 1 класс, ГОСТ 29228-91, уп.10/80 шт	Лабораторная посуда и принадлежности из стекла/Пипетки градуированные (тип 2 - от любой отметки до сливного кончика) 1 класс	428	10008021А	https://minimed.ru/product/3777/	minimed.ru
2-1-1-2	Пипетка градуированная, 1 класс, ГОСТ 29228-91, уп.10/80 шт	Лабораторная посуда и принадлежности из стекла/Пипетки градуированные (тип 2 - от любой отметки до сливного кончика) 1 класс	437	10008022А	https://minimed.ru/product/3778/	minimed.ru
2-2-1-5	Пипетка градуированная, 1 класс, ГОСТ 29228-91, уп.10/80 шт	Лабораторная посуда и принадлежности из стекла/Пипетки градуированные (тип 2 - от любой отметки до сливного кончика) 1 класс	464	10008026А	https://minimed.ru/product/3779/	minimed.ru
2-2-1-10	Пипетка градуированная, 1 класс, ГОСТ 29228-91, уп.10/60шт	Лабораторная посуда и принадлежности из стекла/Пипетки градуированные (тип 2 - от любой отметки до сливного кончика) 1 класс	474	10008024А	https://minimed.ru/product/3780/	minimed.ru
2-2-1-25	Пипетка градуированная, 1 класс, ГОСТ 29228-91, инд.уп.	Лабораторная посуда и принадлежности из стекла/Пипетки градуированные (тип 2 - от любой отметки до сливного кончика) 1 класс	563	10008025А	https://minimed.ru/product/3781/	minimed.ru

Лабораторная посуда и принадлежности из стекла/Пипетки Пастера стеклянные						
1 мл	Пипетка Пастера, L=150 мм открытого типа, с хлопком, стеклянная, уп.250/2000 шт	Лабораторная посуда и принадлежности из стекла/Пипетки Пастера стеклянные	6	12006659	https://minimed.ru/product/1386/	minimed.ru
1 мл	Пипетка Пастера, L=150 мм открытого типа, стеклянная, уп.250/2000 шт	Лабораторная посуда и принадлежности из стекла/Пипетки Пастера стеклянные	5	12006658	https://minimed.ru/product/1387/	minimed.ru
3 мл	Пипетка Пастера, L=230 мм открытого типа, с хлопком, стеклянная, уп.250/2000 шт	Лабораторная посуда и принадлежности из стекла/Пипетки Пастера стеклянные	6	12006660	https://minimed.ru/product/1399/	minimed.ru
3 мл	Пипетка Пастера, L=230 мм открытого типа, стеклянная, уп.250/2000 шт	Лабораторная посуда и принадлежности из стекла/Пипетки Пастера стеклянные	5	12006656	https://minimed.ru/product/1400/	minimed.ru

Лабораторная посуда и принадлежности из стекла/Приборы стеклянные						
	Аппарат Къельдаля на шлифах	Лабораторная посуда и принадлежности из стекла/Приборы стеклянные	9013	10006612	https://minimed.ru/product/260/	minimed.ru
	Колба к прибору для отмеривания серной кислоты,500мл, уп. 2 шт	Лабораторная посуда и принадлежности из стекла/Приборы стеклянные	2943	21001615	https://minimed.ru/product/265/	minimed.ru

Лабораторная посуда и принадлежности из стекла/Пробирки из боросиликатного стекла						
5мл, 12x75 мм	Пробирка медицинская стеклянная по ТУ 32.50.50-039-29508133-2023 с завинчивающейся крышкой, 5мл, уп.250 / 1000 шт.	Лабораторная посуда и принадлежности из стекла/Пробирки из боросиликатного стекла	30	10005002	https://minimed.ru/product/3990/	minimed.ru
7мл, 13x100мм	Пробирка медицинская стеклянная по ТУ 32.50.50-039-29508133-2023 с завинчивающейся крышкой, 7мл, уп.250 / 1000 шт.	Лабораторная посуда и принадлежности из стекла/Пробирки из боросиликатного стекла	32	10005003	https://minimed.ru/product/3991/	minimed.ru
10 мл, 16x100 мм	Пробирка медицинская стеклянная по ТУ 32.50.50-039-29508133-2023 с завинчивающейся крышкой, 10мл, уп.100 / 1000 шт.	Лабораторная посуда и принадлежности из стекла/Пробирки из боросиликатного стекла	39	10005000	https://minimed.ru/product/3951/	minimed.ru
15 мл, 16x150 мм	Пробирка медицинская стеклянная по ТУ 32.50.50-039-29508133-2023 с завинчивающейся крышкой, 15мл, уп.100/1000 шт	Лабораторная посуда и принадлежности из стекла/Пробирки из боросиликатного стекла	42	10005004	https://minimed.ru/product/3952/	minimed.ru
30 мл, 20x150 мм	Пробирка медицинская стеклянная по ТУ 32.50.50-039-29508133-2023 с завинчивающейся крышкой, 30мл, уп.100/600 шт	Лабораторная посуда и принадлежности из стекла/Пробирки из боросиликатного стекла	53	10005009	https://minimed.ru/product/3953/	minimed.ru
6 мл, 12x75 мм	Пробирка лабораторная, боросиликатное стекло БСС, 12*75мм, 6 мл, уп.250/1000 шт	Лабораторная посуда и принадлежности из стекла/Пробирки из боросиликатного стекла	24	21002907	https://minimed.ru/product/4322/	minimed.ru

Лабораторная посуда и принадлежности из стекла/Пробирки медицинские (Уленгута, ПУ)						
ПМ-10	Пробирка медицинская стеклянная по ТУ 32.50.50-039-29508133-2023: Пробирка-поплавок микробиологическая 10х30, уп.250шт/кор.1000шт	Лабораторная посуда и принадлежности из стекла/Пробирки медицинские (Уленгута, ПУ)	7	12005501	https://minimed.ru/product/3196/	minimed.ru
ПУ-40	Пробирка медицинская стеклянная по ТУ 32.50.50-039-29508133-2023: Уленгута уп. 250шт/кор.1000 шт	Лабораторная посуда и принадлежности из стекла/Пробирки медицинские (Уленгута, ПУ)	5	10002201	https://minimed.ru/product/3205/	minimed.ru
ПУ-60	Пробирка медицинская стеклянная по ТУ 32.50.50-039-29508133-2023: Уленгута уп.125 шт/ кор.500 шт	Лабораторная посуда и принадлежности из стекла/Пробирки медицинские (Уленгута, ПУ)	5	10002200	https://minimed.ru/product/3206/	minimed.ru
ПУ-90	Пробирка медицинская стеклянная по ТУ 32.50.50-039-29508133-2023: Уленгута, уп.125шт/кор.500 шт	Лабораторная посуда и принадлежности из стекла/Пробирки медицинские (Уленгута, ПУ)	6	10002204	https://minimed.ru/product/3207/	minimed.ru
ПУ-120	Пробирка медицинская стеклянная по ТУ 32.50.50-039-29508133-2023: Уленгута, уп. 400 шт	Лабораторная посуда и принадлежности из стекла/Пробирки медицинские (Уленгута, ПУ)	6	10002202	https://minimed.ru/product/3208/	minimed.ru

Лабораторная посуда и принадлежности из стекла/Пробирки медицинские (Видаля, ПВБ2)						
ПВБ2-10x80	Пробирка медицинская стеклянная по ТУ 32.50.50-039-29508133-2023: Видаля, уп.450 шт	Лабораторная посуда и принадлежности из стекла/Пробирки медицинские (Видаля, ПВБ2)	4	10002305	https://minimed.ru/product/3180/	minimed.ru
ПВБ2-10x90	Пробирка медицинская стеклянная по ТУ 32.50.50-039-29508133-2023: Видаля, уп.450 шт	Лабораторная посуда и принадлежности из стекла/Пробирки медицинские (Видаля, ПВБ2)	4	10002306	https://minimed.ru/product/3181/	minimed.ru

Лабораторная посуда и принадлежности из стекла/Пробирки медицинские (мерные со шлифом, ПМ2)						
ПМ2-5-10/19	Пробирка медицинская стеклянная по ТУ 32.50.50-039-29508133-2023: Пробирка мерная со шлифом, уп.10 шт/кор.60шт	Лабораторная посуда и принадлежности из стекла/Пробирки медицинские (мерные со шлифом, ПМ2)	76	10002411	https://minimed.ru/product/3173/	minimed.ru
ПМ2-5-14/23	Пробирка медицинская стеклянная по ТУ 32.50.50-039-29508133-2023: Пробирка мерная со шлифом, уп.10шт/кор.60 шт	Лабораторная посуда и принадлежности из стекла/Пробирки медицинские (мерные со шлифом, ПМ2)	76	10002410	https://minimed.ru/product/3174/	minimed.ru
ПМ2-10-14/23	Пробирка медицинская стеклянная по ТУ 32.50.50-039-29508133-2023: Пробирка мерная со шлифом, уп.10 шт/кор.60шт	Лабораторная посуда и принадлежности из стекла/Пробирки медицинские (мерные со шлифом, ПМ2)	95	10002406	https://minimed.ru/product/3175/	minimed.ru
ПМ2-15-14/23	Пробирка медицинская стеклянная по ТУ 32.50.50-039-29508133-2023: Пробирка мерная со шлифом, уп.10шт/кор.60 шт	Лабораторная посуда и принадлежности из стекла/Пробирки медицинские (мерные со шлифом, ПМ2)	110	10002407	https://minimed.ru/product/3176/	minimed.ru
ПМ2-20-14/23	Пробирка медицинская стеклянная по ТУ 32.50.50-039-29508133-2023: Пробирка мерная со шлифом, уп.10шт/кор.60 шт	Лабораторная посуда и принадлежности из стекла/Пробирки медицинские (мерные со шлифом, ПМ2)	116	10002408	https://minimed.ru/product/3177/	minimed.ru
ПМ2-25-14/23	Пробирка медицинская стеклянная по ТУ 32.50.50-039-29508133-2023: Пробирка мерная со шлифом, уп. 10 / кор. 60 шт	Лабораторная посуда и принадлежности из стекла/Пробирки медицинские (мерные со шлифом, ПМ2)	125	10002409	https://minimed.ru/product/3178/	minimed.ru
ПМ2-5-10/19	Пробирка медицинская стеклянная по ТУ 32.50.50-039-29508133-2023: Пробирка мерная со шлифом и пробкой, уп.10 шт/кор.60шт	Лабораторная посуда и принадлежности из стекла/Пробирки медицинские (мерные со шлифом, ПМ2)	188	10002412	https://minimed.ru/product/3182/	minimed.ru
ПМ2-5-14/23	Пробирка медицинская стеклянная по ТУ 32.50.50-039-29508133-2023: Пробирка мерная со шлифом и пробкой, уп. 10 шт/кор.60шт	Лабораторная посуда и принадлежности из стекла/Пробирки медицинские (мерные со шлифом, ПМ2)	207	10002401	https://minimed.ru/product/3183/	minimed.ru
ПМ2-10-14/23	Пробирка медицинская стеклянная по ТУ 32.50.50-039-29508133-2023: Пробирка мерная со шлифом и пробкой, уп. 10 шт/кор.60шт	Лабораторная посуда и принадлежности из стекла/Пробирки медицинские (мерные со шлифом, ПМ2)	225	10002402	https://minimed.ru/product/3184/	minimed.ru
ПМ2-15-14/23	Пробирка медицинская стеклянная по ТУ 32.50.50-039-29508133-2023: Пробирка мерная со шлифом и пробкой, уп.10 шт/кор.60шт	Лабораторная посуда и принадлежности из стекла/Пробирки медицинские (мерные со шлифом, ПМ2)	234	10002403	https://minimed.ru/product/3185/	minimed.ru
ПМ2-20-14/23	Пробирка медицинская стеклянная по ТУ 32.50.50-039-29508133-2023: Пробирка мерная со шлифом и пробкой, уп.10 шт/кор.60шт	Лабораторная посуда и принадлежности из стекла/Пробирки медицинские (мерные со шлифом, ПМ2)	247	10002404	https://minimed.ru/product/3186/	minimed.ru
ПМ2-25-14/23	Пробирка медицинская стеклянная по ТУ 32.50.50-039-29508133-2023: Пробирка мерная со шлифом и пробкой, уп.10 шт/ кор.60шт	Лабораторная посуда и принадлежности из стекла/Пробирки медицинские (мерные со шлифом, ПМ2)	261	10002405	https://minimed.ru/product/3187/	minimed.ru

Лабораторная посуда и принадлежности из стекла/Пробирки медицинские (серологические, ПС2)						
ПС2-10x120	Пробирка медицинская стеклянная по ТУ 32.50.50-039-29508133-2023: Серологическая, уп.400 шт	Лабораторная посуда и принадлежности из стекла/Пробирки медицинские (серологические, ПС2)	5	10002506	https://minimed.ru/product/3202/	minimed.ru
ПС2-12x120	Пробирка медицинская стеклянная по ТУ 32.50.50-039-29508133-2023: Серологическая, уп.250 шт	Лабораторная посуда и принадлежности из стекла/Пробирки медицинские (серологические, ПС2)	5	10002507	https://minimed.ru/product/3203/	minimed.ru
ПС2-12x100	Пробирка медицинская стеклянная по ТУ 32.50.50-039-29508133-2023: Серологическая, уп.250 шт	Лабораторная посуда и принадлежности из стекла/Пробирки медицинские (серологические, ПС2)	5	10002503	https://minimed.ru/product/3204/	minimed.ru

Лабораторная посуда и принадлежности из стекла/Пробирки медицинские диам. 14 мм						
ПБ2-14x120	Пробирка медицинская стеклянная по ТУ 32.50.50-039-29508133-2023: Биологическая, уп.100 шт	Лабораторная посуда и принадлежности из стекла/Пробирки медицинские диам. 14 мм	6	10002812	https://minimed.ru/product/3188/	minimed.ru
ПБ2-14x120	Пробирка медицинская стеклянная по ТУ 32.50.50-039-29508133-2023: Биологическая, уп.500 шт	Лабораторная посуда и принадлежности из стекла/Пробирки медицинские диам. 14 мм	6	10002813	https://minimed.ru/product/3189/	minimed.ru
ПБ2-14x100	Пробирка медицинская стеклянная по ТУ 32.50.50-039-29508133-2023: Биологическая (Вассермана), уп.500 шт	Лабораторная посуда и принадлежности из стекла/Пробирки медицинские диам. 14 мм	6	10002811	https://minimed.ru/product/3190/	minimed.ru
ПХ1-14x120	Пробирка медицинская стеклянная по ТУ 32.50.50-039-29508133-2023: Химическая, уп.100 шт	Лабораторная посуда и принадлежности из стекла/Пробирки медицинские диам. 14 мм	6	10002815	https://minimed.ru/product/3197/	minimed.ru
ПХ1-14x120	Пробирка медицинская стеклянная по ТУ 32.50.50-039-29508133-2023: Химическая, уп.500 шт	Лабораторная посуда и принадлежности из стекла/Пробирки медицинские диам. 14 мм	6	10002814	https://minimed.ru/product/3198/	minimed.ru

Лабораторная посуда и принадлежности из стекла/Пробирки медицинские диам. 16 мм						
ПБ2-16x150	Пробирка медицинская стеклянная по ТУ 32.50.50-039-29508133-2023: Биологическая, уп.100 шт	Лабораторная посуда и принадлежности из стекла/Пробирки медицинские диам. 16 мм	8	10005114	https://minimed.ru/product/3191/	minimed.ru
ПБ2-16x150	Пробирка медицинская стеклянная по ТУ 32.50.50-039-29508133-2023: Биологическая, уп.500 шт	Лабораторная посуда и принадлежности из стекла/Пробирки медицинские диам. 16 мм	7	10005117	https://minimed.ru/product/3192/	minimed.ru
ПБХ2-16x120	Пробирка медицинская стеклянная по ТУ 32.50.50-039-29508133-2023: Биохимическая, уп.100 шт	Лабораторная посуда и принадлежности из стекла/Пробирки медицинские диам. 16 мм	8	10005107	https://minimed.ru/product/3194/	minimed.ru
ПБХ2-16x120	Пробирка медицинская стеклянная по ТУ 32.50.50-039-29508133-2023: Биохимическая, уп.500 шт	Лабораторная посуда и принадлежности из стекла/Пробирки медицинские диам. 16 мм	8	10005108	https://minimed.ru/product/3195/	minimed.ru
ПХ1-16x150	Пробирка медицинская стеклянная по ТУ 32.50.50-039-29508133-2023: Химическая, уп.100 шт	Лабораторная посуда и принадлежности из стекла/Пробирки медицинские диам. 16 мм	8	10005115	https://minimed.ru/product/3199/	minimed.ru
ПХ1-16x150	Пробирка медицинская стеклянная по ТУ 32.50.50-039-29508133-2023: Химическая, уп.500 шт	Лабораторная посуда и принадлежности из стекла/Пробирки медицинские диам. 16 мм	7	10005116	https://minimed.ru/product/3200/	minimed.ru

Лабораторная посуда и принадлежности из стекла/Пробирки медицинские диам. 21 мм						
ПБ2-21x200	Пробирка медицинская стеклянная по ТУ 32.50.50-039-29508133-2023: Биологическая, уп.100 шт	Лабораторная посуда и принадлежности из стекла/Пробирки медицинские диам. 21 мм	19	10005205	https://minimed.ru/product/3649/	minimed.ru
ПХ1-21x200	Пробирка медицинская стеклянная по ТУ 32.50.50-039-29508133-2023: Химическая, уп.100 шт	Лабораторная посуда и принадлежности из стекла/Пробирки медицинские диам. 21 мм	19	10005204	https://minimed.ru/product/3657/	minimed.ru

Лабораторная посуда и принадлежности из стекла/Пробирки медицинские (Флоринского, ПФХ)						
ПФХ1-12x60	Пробирка медицинская стеклянная по ТУ 32.50.50-039-29508133-2023: Флоринского, уп. 450 шт	Лабораторная посуда и принадлежности из стекла/Пробирки медицинские (Флоринского, ПФХ)	4	10002707	https://minimed.ru/product/3210/	minimed.ru
ПФХ1-14x60	Пробирка медицинская стеклянная по ТУ 32.50.50-039-29508133-2023: Флоринского, уп.300 шт	Лабораторная посуда и принадлежности из стекла/Пробирки медицинские (Флоринского, ПФХ)	4	10002708	https://minimed.ru/product/3211/	minimed.ru

Лабораторная посуда и принадлежности из стекла/Пробирки медицинские (конические центрифужные градуированные)						
П-1-10-0	Пробирка медицинская стеклянная по ТУ 32.50.50-039-29508133-2023: Центрифужная градуированная, ПЦГ, уп.100 шт	Лабораторная посуда и принадлежности из стекла/Пробирки медицинские (конические центрифужные градуированные)	20	10005302	https://minimed.ru/product/3179/	minimed.ru

Лабораторная посуда и принадлежности из стекла/Пробирки медицинские (конические центрифужные неградуированные)						
П-1-10	Пробирка медицинская стеклянная по ТУ 32.50.50-039-29508133-2023: Центрифужная неградуированная ПЦНГ:, уп.100 шт	Лабораторная посуда и принадлежности из стекла/Пробирки медицинские (конические центрифужные неградуированные)	12	10005006	https://minimed.ru/product/3215/	minimed.ru
П-1-10	Пробирка медицинская стеклянная по ТУ 32.50.50-039-29508133-2023: Центрифужная неградуированная ПЦНГ, уп.500 шт	Лабораторная посуда и принадлежности из стекла/Пробирки медицинские (конические центрифужные неградуированные)	11	10005005	https://minimed.ru/product/3216/	minimed.ru
П-1-10	Пробирка медицинская стеклянная по ТУ 32.50.50-039-29508133-2023: Центрифужная неградуированная ПЦНГ, ТС, уп.500 шт	Лабораторная посуда и принадлежности из стекла/Пробирки медицинские (конические центрифужные неградуированные)	13	10005008	https://minimed.ru/product/3218/	minimed.ru

Лабораторная посуда и принадлежности из стекла/Пробки стеклянные						
КШ-7/16	Пробка стеклянная, массивная, уп.20/1000 шт	Лабораторная посуда и принадлежности из стекла/Пробки стеклянные	63	12003071	https://minimed.ru/product/3847/	minimed.ru
КШ-10/19	Пробка стеклянная, массивная, уп.100/ кор. (300/ 500/600) шт	Лабораторная посуда и принадлежности из стекла/Пробки стеклянные	95	12003061	https://minimed.ru/product/3225/	minimed.ru
КШ-14/23	Пробка стеклянная,массивная, уп. 200 шт.	Лабораторная посуда и принадлежности из стекла/Пробки стеклянные	106	12003070	https://minimed.ru/product/3787/	minimed.ru
КШ-19/26	Пробка стеклянная, массивная, уп.250/500 шт	Лабораторная посуда и принадлежности из стекла/Пробки стеклянные	99	12002992	https://minimed.ru/product/2876/	minimed.ru
КШ-29/32	Пробка стеклянная, массивная, уп.100/ кор.200 шт	Лабораторная посуда и принадлежности из стекла/Пробки стеклянные	171	12002993	https://minimed.ru/product/1970/	minimed.ru
КШ-29/32	Пробка стеклянная пустотелая, уп.10 /100шт.	Лабораторная посуда и принадлежности из стекла/Пробки стеклянные	148	12002926	https://minimed.ru/product/1971/	minimed.ru
КШ-45/40	Пробка стеклянная, массивная, уп.25/50 шт	Лабораторная посуда и принадлежности из стекла/Пробки стеклянные	861	12003150	https://minimed.ru/product/1972/	minimed.ru

Лабораторная посуда и принадлежности из стекла/Склянки для реактивов из светлого стекла с узкой горловиной и притертой пробкой						
30 мл	Склянка лабораторная из светлого стекла с узкой горловиной и притертой пробкой, уп.12/144 шт	Лабораторная посуда и принадлежности из стекла/Склянки для реактивов из светлого стекла с узкой горловиной и притертой пробкой	131	10003008	https://minimed.ru/product/2054/	minimed.ru
60 мл	Склянка лабораторная из светлого стекла с узкой горловиной и притертой пробкой, уп. 12/144 шт	Лабораторная посуда и принадлежности из стекла/Склянки для реактивов из светлого стекла с узкой горловиной и притертой пробкой	152	10003005	https://minimed.ru/product/2057/	minimed.ru
125 мл	Склянка лабораторная из светлого стекла с узкой горловиной и притертой пробкой, уп.12 /144 шт	Лабораторная посуда и принадлежности из стекла/Склянки для реактивов из светлого стекла с узкой горловиной и притертой пробкой	166	10003004	https://minimed.ru/product/2061/	minimed.ru
250 мл	Склянка лабораторная из светлого стекла с узкой горловиной и притертой пробкой, уп.6/72 шт.	Лабораторная посуда и принадлежности из стекла/Склянки для реактивов из светлого стекла с узкой горловиной и притертой пробкой	213	10003003	https://minimed.ru/product/2065/	minimed.ru
500 мл	Склянка лабораторная из светлого стекла с узкой горловиной и притертой пробкой, уп.6/48 шт	Лабораторная посуда и принадлежности из стекла/Склянки для реактивов из светлого стекла с узкой горловиной и притертой пробкой	257	10003002	https://minimed.ru/product/2069/	minimed.ru
1000 мл	Склянка лабораторная из светлого стекла с узкой горловиной и притертой пробкой, уп.6 /24 шт	Лабораторная посуда и принадлежности из стекла/Склянки для реактивов из светлого стекла с узкой горловиной и притертой пробкой	409	10003001	https://minimed.ru/product/2074/	minimed.ru
2500 мл	Склянка лабораторная из светлого стекла с узкой горловиной и притертой пробкой, уп.2/6 шт	Лабораторная посуда и принадлежности из стекла/Склянки для реактивов из светлого стекла с узкой горловиной и притертой пробкой	795	10003006	https://minimed.ru/product/2078/	minimed.ru
5000 мл	Склянка лабораторная из светлого стекла с узкой горловиной и притертой пробкой, уп.2/6 шт	Лабораторная посуда и принадлежности из стекла/Склянки для реактивов из светлого стекла с узкой горловиной и притертой пробкой	1515	10003007	https://minimed.ru/product/2082/	minimed.ru
10000 мл	Склянка лабораторная из светлого стекла, с узкой горловиной и притертой пробкой, уп.1/2 шт	Лабораторная посуда и принадлежности из стекла/Склянки для реактивов из светлого стекла с узкой горловиной и притертой пробкой	3187	10003009	https://minimed.ru/product/2086/	minimed.ru
20000 мл	Склянка лабораторная из светлого стекла, с узкой горловиной и притертой пробкой, уп.1 шт	Лабораторная посуда и принадлежности из стекла/Склянки для реактивов из светлого стекла с узкой горловиной и притертой пробкой	5506	10003010	https://minimed.ru/product/2087/	minimed.ru

Лабораторная посуда и принадлежности из стекла/Склянки для реактивов из светлого стекла с широкой горловиной и притертой пробкой						
30 мл	Склянка лабораторная из светлого стекла с широкой горловиной и притертой пробкой, уп.12/144 шт	Лабораторная посуда и принадлежности из стекла/Склянки для реактивов из светлого стекла с широкой горловиной и притертой пробкой	142	10003108	https://minimed.ru/product/2055/	minimed.ru
60 мл	Склянка лабораторная из светлого стекла с широкой горловиной и притертой пробкой, уп.12/144 шт	Лабораторная посуда и принадлежности из стекла/Склянки для реактивов из светлого стекла с широкой горловиной и притертой пробкой	168	10003107	https://minimed.ru/product/2059/	minimed.ru
125 мл	Склянка лабораторная из светлого стекла с широкой горловиной и притертой пробкой, уп.12/72 шт	Лабораторная посуда и принадлежности из стекла/Склянки для реактивов из светлого стекла с широкой горловиной и притертой пробкой	183	10003105	https://minimed.ru/product/2063/	minimed.ru
250 мл	Склянка лабораторная из светлого стекла с широкой горловиной и притертой пробкой, уп.6/ кор.72 шт.	Лабораторная посуда и принадлежности из стекла/Склянки для реактивов из светлого стекла с широкой горловиной и притертой пробкой	218	10003102	https://minimed.ru/product/2068/	minimed.ru
500 мл	Склянка лабораторная из светлого стекла с широкой горловиной и притертой пробкой, уп.6 /48 шт	Лабораторная посуда и принадлежности из стекла/Склянки для реактивов из светлого стекла с широкой горловиной и притертой пробкой	277	10003104	https://minimed.ru/product/2071/	minimed.ru
1000 мл	Склянка лабораторная из светлого стекла с широкой горловиной и притертой пробкой, уп.6 /24 шт	Лабораторная посуда и принадлежности из стекла/Склянки для реактивов из светлого стекла с широкой горловиной и притертой пробкой	468	10003101	https://minimed.ru/product/2075/	minimed.ru
2500 мл	Склянка лабораторная из светлого стекла с широкой горловиной и притертой пробкой, уп. 2/ кор.6 шт.	Лабораторная посуда и принадлежности из стекла/Склянки для реактивов из светлого стекла с широкой горловиной и притертой пробкой	1084	10003109	https://minimed.ru/product/2079/	minimed.ru
5000 мл	Склянка лабораторная из светлого стекла с широкой горловиной и притертой пробкой, уп.1/6 шт	Лабораторная посуда и принадлежности из стекла/Склянки для реактивов из светлого стекла с широкой горловиной и притертой пробкой	1697	10003110	https://minimed.ru/product/2083/	minimed.ru
10000 мл	Склянка лабораторная из светлого стекла с широкой горловиной и притертой пробкой, уп 1/2шт.	Лабораторная посуда и принадлежности из стекла/Склянки для реактивов из светлого стекла с широкой горловиной и притертой пробкой	4110	10003111	https://minimed.ru/product/3685/	minimed.ru

Лабораторная посуда и принадлежности из стекла/Склянки для реактивов из темного стекла с узкой горловиной и притертой пробкой						
30 мл	Склянка лабораторная из темного стекла с узкой горловиной и притертой пробкой, уп. 12/144 шт	Лабораторная посуда и принадлежности из стекла/Склянки для реактивов из темного стекла с узкой горловиной и притертой пробкой	151	10003201	https://minimed.ru/product/2053/	minimed.ru
60 мл	Склянка лабораторная из темного стекла с узкой горловиной и притертой пробкой, уп.12/144 шт	Лабораторная посуда и принадлежности из стекла/Склянки для реактивов из темного стекла с узкой горловиной и притертой пробкой	174	10003202	https://minimed.ru/product/2058/	minimed.ru
125 мл	Склянка лабораторная из темного стекла с узкой горловиной и притертой пробкой, уп. 12/144, 48 шт	Лабораторная посуда и принадлежности из стекла/Склянки для реактивов из темного стекла с узкой горловиной и притертой пробкой	195	10003203	https://minimed.ru/product/2062/	minimed.ru
250 мл	Склянка лабораторная из темного стекла с узкой горловиной и притертой пробкой уп.6/72шт.	Лабораторная посуда и принадлежности из стекла/Склянки для реактивов из темного стекла с узкой горловиной и притертой пробкой	233	10003204	https://minimed.ru/product/2066/	minimed.ru
500 мл	Склянка лабораторная из темного стекла с узкой горловиной и притертой пробкой, уп.6шт./ кор.48шт	Лабораторная посуда и принадлежности из стекла/Склянки для реактивов из темного стекла с узкой горловиной и притертой пробкой	389	10003205	https://minimed.ru/product/2070/	minimed.ru
1000 мл	Склянка лабораторная из темного стекла с узкой горловиной и притертой пробкой, уп.6 / кор.24шт	Лабораторная посуда и принадлежности из стекла/Склянки для реактивов из темного стекла с узкой горловиной и притертой пробкой	561	10003206	https://minimed.ru/product/2073/	minimed.ru
2500 мл	Склянка лабораторная из темного стекла с узкой горловиной и притертой пробкой,уп.2/6 шт.	Лабораторная посуда и принадлежности из стекла/Склянки для реактивов из темного стекла с узкой горловиной и притертой пробкой	1308	10003207	https://minimed.ru/product/2077/	minimed.ru
5000 мл	Склянка лабораторная из темного стекла с узкой горловиной и притертой пробкой, уп.1/6 шт	Лабораторная посуда и принадлежности из стекла/Склянки для реактивов из темного стекла с узкой горловиной и притертой пробкой	2334	10003208	https://minimed.ru/product/3960/	minimed.ru
10000 мл	Склянка лабораторная из темного стекла с узкой горловиной и притертой пробкой, уп. 1шт/кор.2 шт.	Лабораторная посуда и принадлежности из стекла/Склянки для реактивов из темного стекла с узкой горловиной и притертой пробкой	5131	10003209	https://minimed.ru/product/2085/	minimed.ru
20000 мл	Склянка лабораторная из темного стекла с узкой горловиной и притертой пробкой, уп 1/1шт	Лабораторная посуда и принадлежности из стекла/Склянки для реактивов из темного стекла с узкой горловиной и притертой пробкой	9557	10003309	https://minimed.ru/product/3687/	minimed.ru

Лабораторная посуда и принадлежности из стекла/Склянки для реактивов из темного стекла с широкой горловиной и притертой пробкой						
30 мл	Склянка лабораторная из темного стекла с широкой горловиной и притертой пробкой, уп. 12/ кор.144 шт	Лабораторная посуда и принадлежности из стекла/Склянки для реактивов из темного стекла с широкой горловиной и притертой пробкой	161	10003305	https://minimed.ru/product/2056/	minimed.ru
60 мл	Склянка лабораторная из темного стекла с широкой горловиной и притертой пробкой, уп.12 /144 шт	Лабораторная посуда и принадлежности из стекла/Склянки для реактивов из темного стекла с широкой горловиной и притертой пробкой	192	10003308	https://minimed.ru/product/2060/	minimed.ru
125 мл	Склянка лабораторная из темного стекла с широкой горловиной и притертой пробкой, уп. 12/ кор.72 шт	Лабораторная посуда и принадлежности из стекла/Склянки для реактивов из темного стекла с широкой горловиной и притертой пробкой	223	10003302	https://minimed.ru/product/2064/	minimed.ru
250 мл	Склянка лабораторная из темного стекла с широкой горловиной и притертой пробкой, уп.6/72, 48 шт	Лабораторная посуда и принадлежности из стекла/Склянки для реактивов из темного стекла с широкой горловиной и притертой пробкой	272	10003304	https://minimed.ru/product/2067/	minimed.ru
500 мл	Склянка лабораторная из темного стекла с широкой горловиной и притертой пробкой, уп.6 шт. / кор.48шт.	Лабораторная посуда и принадлежности из стекла/Склянки для реактивов из темного стекла с широкой горловиной и притертой пробкой	401	10003307	https://minimed.ru/product/2072/	minimed.ru
1000 мл	Склянка лабораторная из темного стекла с широкой горловиной и притертой пробкой, уп.2/24 шт	Лабораторная посуда и принадлежности из стекла/Склянки для реактивов из темного стекла с широкой горловиной и притертой пробкой	727	10003301	https://minimed.ru/product/4044/	minimed.ru
2500 мл	Склянка лабораторная из темного стекла с широкой горловиной и притертой пробкой, уп.2/6 шт	Лабораторная посуда и принадлежности из стекла/Склянки для реактивов из темного стекла с широкой горловиной и притертой пробкой	1366	10003303	https://minimed.ru/product/2080/	minimed.ru
5000 мл	Склянка лабораторная из темного стекла с широкой горловиной и притертой пробкой, уп. 1/6 шт	Лабораторная посуда и принадлежности из стекла/Склянки для реактивов из темного стекла с широкой горловиной и притертой пробкой	2333	10003306	https://minimed.ru/product/2084/	minimed.ru
10000 мл	Склянка лабораторная из темного стекла с широкой горловиной и притертой пробкой, уп. 1шт/кор.2 шт.	Лабораторная посуда и принадлежности из стекла/Склянки для реактивов из темного стекла с широкой горловиной и притертой пробкой	5803	10003310	https://minimed.ru/product/3686/	minimed.ru
20000 мл	Склянка лабораторная из темного стекла с широкой горловиной и притертой пробкой	Лабораторная посуда и принадлежности из стекла/Склянки для реактивов из темного стекла с широкой горловиной и притертой пробкой	10372	10003311	https://minimed.ru/product/3688/	minimed.ru

Лабораторная посуда и принадлежности из стекла/Склянки для инкубации при определении БПК						
БПК-100-29/22-14/15	Склянка, уп.4 шт	Лабораторная посуда и принадлежности из стекла/Склянки для инкубации при определении БПК	1473	10003410	https://minimed.ru/product/2048/	minimed.ru
БПК-150-29/22-14/15	Склянка, уп. 4 шт	Лабораторная посуда и принадлежности из стекла/Склянки для инкубации при определении БПК	1564	10003411	https://minimed.ru/product/2049/	minimed.ru
БПК-250-29/22-14/15	Склянка, уп. 4 шт	Лабораторная посуда и принадлежности из стекла/Склянки для инкубации при определении БПК	1614	10003412	https://minimed.ru/product/2050/	minimed.ru

Лабораторная посуда и принадлежности из стекла/Склянки Дрекселя						
250 мл	Склянка Дрекселя, уп.1/16 шт	Лабораторная посуда и принадлежности из стекла/Склянки Дрекселя	1113	10003418	https://minimed.ru/product/2051/	minimed.ru
500 мл	Склянка Дрекселя, уп.1/12 шт	Лабораторная посуда и принадлежности из стекла/Склянки Дрекселя	1421	10003419	https://minimed.ru/product/2052/	minimed.ru

Лабораторная посуда и принадлежности из стекла/Сосуды для музейных препаратов						
	Сосуд для музейных препаратов, D=90 мм,Н=120 мм, 500мл, уп.6/24 шт	Лабораторная посуда и принадлежности из стекла/Сосуды для музейных препаратов	809	12005902	https://minimed.ru/product/2092/	minimed.ru
	Сосуд для музейных препаратов,D=120 мм,Н=300 мм, 3400 мл, уп.1/8 шт	Лабораторная посуда и принадлежности из стекла/Сосуды для музейных препаратов	1944	12005900	https://minimed.ru/product/2093/	minimed.ru
	Сосуд для музейных препаратов,D=150 мм,Н=400 мм, 7000 мл, уп.1/6 шт	Лабораторная посуда и принадлежности из стекла/Сосуды для музейных препаратов	2801	12005901	https://minimed.ru/product/2094/	minimed.ru

Лабораторная посуда и принадлежности из стекла/Спиртовки						
СЛ-1-М-Т	Спиртовка с тубусом, 100 мл, уп.1/15шт	Лабораторная посуда и принадлежности из стекла/Спиртовки	1316	12003104	https://minimed.ru/product/2109/	minimed.ru
СЛ-1-1	Спиртовка, 40 мл, уп.1/68 шт	Лабораторная посуда и принадлежности из стекла/Спиртовки	443	12003102	https://minimed.ru/product/2111/	minimed.ru
СЛ-1	Спиртовка, 100 мл, уп.1/15 шт	Лабораторная посуда и принадлежности из стекла/Спиртовки	443	12003101	https://minimed.ru/product/2110/	minimed.ru
СЛ-2	Спиртовка стеклянная (на 100 мл с металл. оправой), уп.1/20 шт	Лабораторная посуда и принадлежности из стекла/Спиртовки	443	12003100	https://minimed.ru/product/2112/	minimed.ru

Лабораторная посуда и принадлежности из стекла/Стаканчики для взвешивания низкие						
	Стаканчик для взвешивания низкий 40*25, шлиф 36/9, уп.12/288 шт	Лабораторная посуда и принадлежности из стекла/Стаканчики для взвешивания низкие	188	10003501	https://minimed.ru/product/2208/	minimed.ru
	Стаканчик для взвешивания низкий 50*30, шлиф 45/10, уп.12/288 шт	Лабораторная посуда и принадлежности из стекла/Стаканчики для взвешивания низкие	233	10003502	https://minimed.ru/product/2209/	minimed.ru
	Стаканчик для взвешивания низкий 60*30, шлиф 54/9, уп.12/144 шт	Лабораторная посуда и принадлежности из стекла/Стаканчики для взвешивания низкие	319	10003503	https://minimed.ru/product/2210/	minimed.ru
	Стаканчик для взвешивания низкий 70*35, шлиф 65/11, уп.12/144 шт	Лабораторная посуда и принадлежности из стекла/Стаканчики для взвешивания низкие	452	10003504	https://minimed.ru/product/2211/	minimed.ru

Лабораторная посуда и принадлежности из стекла/Стаканчики для взвешивания высокие						
	Стаканчик д/взвешивания высокий 20*35, уп.12/288 шт	Лабораторная посуда и принадлежности из стекла/Стаканчики для взвешивания высокие	104	10003601	https://minimed.ru/product/2201/	minimed.ru
	Стаканчик д/взвешивания высокий 25*45, уп.12/ кор. 144/288 шт	Лабораторная посуда и принадлежности из стекла/Стаканчики для взвешивания высокие	120	10003603	https://minimed.ru/product/2202/	minimed.ru
	Стаканчик д/взвешивания высокий 40*70, уп.12/144 шт	Лабораторная посуда и принадлежности из стекла/Стаканчики для взвешивания высокие	223	10003604	https://minimed.ru/product/2203/	minimed.ru
СВ 14/8	Стаканчик, уп.10/100 шт	Лабораторная посуда и принадлежности из стекла/Стаканчики для взвешивания высокие	218	10003600	https://minimed.ru/product/2204/	minimed.ru
СВ 19/9	Стаканчик, уп. 50шт	Лабораторная посуда и принадлежности из стекла/Стаканчики для взвешивания высокие	229	10003605	https://minimed.ru/product/2205/	minimed.ru
СВ 24/10	Стаканчик, уп.50шт	Лабораторная посуда и принадлежности из стекла/Стаканчики для взвешивания высокие	239	10003607	https://minimed.ru/product/2206/	minimed.ru
СВ 34/12	Стаканчик, уп.10/120шт	Лабораторная посуда и принадлежности из стекла/Стаканчики для взвешивания высокие	339	10003608	https://minimed.ru/product/2207/	minimed.ru

Лабораторная посуда и принадлежности из стекла/Стаканы лабораторные (тип В, высокие с делениями и носиком), ТС						
В-1-25	Стакан с делением, ТС, уп.12шт/кор.192 шт	Лабораторная посуда и принадлежности из стекла/Стаканы лабораторные (тип В, высокие с делениями и носиком), ТС	47	10003843	https://minimed.ru/product/3650/	minimed.ru
В-1-50	Стакан ТУ 9464-019-29508133-2015 с делением, ТС, уп. 20шт	Лабораторная посуда и принадлежности из стекла/Стаканы лабораторные (тип В, высокие с делениями и носиком), ТС	73	10003811	https://minimed.ru/product/2140/	minimed.ru
В-1-100	Стакан ТУ 9464-019-29508133-2015 с делением, ТС, уп.16шт	Лабораторная посуда и принадлежности из стекла/Стаканы лабораторные (тип В, высокие с делениями и носиком), ТС	80	10003812	https://minimed.ru/product/2155/	minimed.ru
В-1-150	Стакан ТУ 9464-019-29508133-2015 с делением, ТС, уп.12 шт	Лабораторная посуда и принадлежности из стекла/Стаканы лабораторные (тип В, высокие с делениями и носиком), ТС	95	10003816	https://minimed.ru/product/2156/	minimed.ru
В-1-250	Стакан ТУ 9464-019-29508133-2015 с делением, ТС, уп.8 шт/кор 72 шт	Лабораторная посуда и принадлежности из стекла/Стаканы лабораторные (тип В, высокие с делениями и носиком), ТС	98	10003803	https://minimed.ru/product/2157/	minimed.ru
В-1-400	Стакан ТУ 9464-019-29508133-2015 с делением,ТС, уп.8 шт/кор.72 шт	Лабораторная посуда и принадлежности из стекла/Стаканы лабораторные (тип В, высокие с делениями и носиком), ТС	129	10003804	https://minimed.ru/product/2158/	minimed.ru
В-1-600	Стакан ТУ 9464-019-29508133-2015 с делением, ТС, уп.8шт/кор.48 шт	Лабораторная посуда и принадлежности из стекла/Стаканы лабораторные (тип В, высокие с делениями и носиком), ТС	189	10003805	https://minimed.ru/product/2159/	minimed.ru
В-1-800	Стакан ТУ 9464-019-29508133-2015 с делением,ТС, уп.6шт/кор.36 шт	Лабораторная посуда и принадлежности из стекла/Стаканы лабораторные (тип В, высокие с делениями и носиком), ТС	253	10003831	https://minimed.ru/product/2160/	minimed.ru
В-1-1000	Стакан ТУ 9464-019-29508133-2015 с делением,ТС, уп.6шт/кор.24 шт	Лабораторная посуда и принадлежности из стекла/Стаканы лабораторные (тип В, высокие с делениями и носиком), ТС	275	10003801	https://minimed.ru/product/2185/	minimed.ru
В-1-2000	Стакан ТУ 9464-019-29508133-2015 с делением,ТС, уп.2шт/кор.12/16шт	Лабораторная посуда и принадлежности из стекла/Стаканы лабораторные (тип В, высокие с делениями и носиком), ТС	851	10003802	https://minimed.ru/product/2186/	minimed.ru
В-1-3000	Стакан ТУ 9464-019-29508133-2015 с делением, ТС, уп.1шт/кор.6 шт	Лабораторная посуда и принадлежности из стекла/Стаканы лабораторные (тип В, высокие с делениями и носиком), ТС	1211	10003836	https://minimed.ru/product/2187/	minimed.ru

Лабораторная посуда и принадлежности из стекла/Стаканы лабораторные (тип Н, низкие с делениями и носиком), ТС						
Н-1-25	Стакан ТУ 9464-019-29508133-2015 с дел.,ТС, уп.20шт	Лабораторная посуда и принадлежности из стекла/Стаканы лабораторные (тип Н, низкие с делениями и носиком), ТС	52	10003817	https://minimed.ru/product/2141/	minimed.ru
Н-1-50	Стакан ТУ 9464-019-29508133-2015 с делением,ТС, уп. 20шт	Лабораторная посуда и принадлежности из стекла/Стаканы лабораторные (тип Н, низкие с делениями и носиком), ТС	67	10003813	https://minimed.ru/product/2142/	minimed.ru
Н-1-100	Стакан ТУ 9464-019-29508133-2015 с делением,ТС, уп.16 шт	Лабораторная посуда и принадлежности из стекла/Стаканы лабораторные (тип Н, низкие с делениями и носиком), ТС	74	10003814	https://minimed.ru/product/2162/	minimed.ru
Н-1-150	Стакан ТУ 9464-019-29508133-2015 с делением,ТС, уп.12 шт/ кор.192 шт	Лабораторная посуда и принадлежности из стекла/Стаканы лабораторные (тип Н, низкие с делениями и носиком), ТС	84	10003815	https://minimed.ru/product/2163/	minimed.ru
Н-1-250	Стакан ТУ 9464-019-29508133-2015 с делением,ТС, уп.8 шт/ кор.144 шт	Лабораторная посуда и принадлежности из стекла/Стаканы лабораторные (тип Н, низкие с делениями и носиком), ТС	86	10003808	https://minimed.ru/product/2164/	minimed.ru
Н-1-400	Стакан ТУ 9464-019-29508133-2015 с делением,ТС, уп.8 шт/ кор.72 шт	Лабораторная посуда и принадлежности из стекла/Стаканы лабораторные (тип Н, низкие с делениями и носиком), ТС	121	10003809	https://minimed.ru/product/2165/	minimed.ru
Н-1-600	Стакан ТУ 9464-019-29508133-2015 с делением,ТС, уп.8 шт/ кор.48 шт	Лабораторная посуда и принадлежности из стекла/Стаканы лабораторные (тип Н, низкие с делениями и носиком), ТС	175	10003810	https://minimed.ru/product/2166/	minimed.ru
Н-1-800	Стакан ТУ 9464-019-29508133-2015 с делением,ТС, уп.6 шт/кор.36 шт	Лабораторная посуда и принадлежности из стекла/Стаканы лабораторные (тип Н, низкие с делениями и носиком), ТС	210	10003839	https://minimed.ru/product/2167/	minimed.ru
Н-1-1000	Стакан ТУ 9464-019-29508133-2015 с делением,ТС, уп.6 шт/ кор.24 шт	Лабораторная посуда и принадлежности из стекла/Стаканы лабораторные (тип Н, низкие с делениями и носиком), ТС	249	10003806	https://minimed.ru/product/2188/	minimed.ru
Н-1-2000	Стакан ТУ 9464-019-29508133-2015 с делением,ТС, уп.2шт/кор.12 шт	Лабораторная посуда и принадлежности из стекла/Стаканы лабораторные (тип Н, низкие с делениями и носиком), ТС	757	10003807	https://minimed.ru/product/2189/	minimed.ru
Н-1-3000	Стакан ТУ 9464-019-29508133-2015 с делением,ТС, уп.1шт/ кор.8 шт	Лабораторная посуда и принадлежности из стекла/Стаканы лабораторные (тип Н, низкие с делениями и носиком), ТС	1157	10003837	https://minimed.ru/product/2190/	minimed.ru
Н-1-5000	Стакан ТУ 9464-019-29508133-2015 с делением,ТС, уп.1шт/кор.6 шт	Лабораторная посуда и принадлежности из стекла/Стаканы лабораторные (тип Н, низкие с делениями и носиком), ТС	1791	10003838	https://minimed.ru/product/2191/	minimed.ru

Лабораторная посуда и принадлежности из стекла/Стекло для микропрепаратов (матовое для замешивания), 70х95х4 мм						
	Стекло для микропрепаратов по матовое для замешивания без лунки, 70*95*4 мм, МиниЛаб, уп.10шт/ кор.120 шт	Лабораторная посуда и принадлежности из стекла/Стекло для микропрепаратов (матовое для замешивания), 70х95х4 мм	31	12003501	https://minimed.ru/product/2218/	minimed.ru
	Стекло для микропрепаратов по матовое для замешивания, с 1-й лункой, 70*95*4 мм, МиниЛаб, уп.10шт/ кор.120шт	Лабораторная посуда и принадлежности из стекла/Стекло для микропрепаратов (матовое для замешивания), 70х95х4 мм	52	12003502	https://minimed.ru/product/2224/	minimed.ru
	Стекло для микропрепаратов по матовое для замешивания, с 2-мя лунками, 70*95*4 мм, МиниЛаб, уп.10 шт/кор.120шт	Лабораторная посуда и принадлежности из стекла/Стекло для микропрепаратов (матовое для замешивания), 70х95х4 мм	59	12003503	https://minimed.ru/product/2225/	minimed.ru
	Стекло для микропрепаратов по матовое замешивания, с 3-мя лунками, 70*95*4 мм, МиниЛаб, уп.10 шт/кор.120шт	Лабораторная посуда и принадлежности из стекла/Стекло для микропрепаратов (матовое для замешивания), 70х95х4 мм	69	12003504	https://minimed.ru/product/2226/	minimed.ru

Лабораторная посуда и принадлежности из стекла/Стекло для микропрепаратов (для копрограмм)						
	Стекло для микропрепаратов по ТУ 9464-012-52876859-2014, для копрограмм 52*52*2,0 мм, МиниЛаб, уп.100шт/ кор.400 шт	Лабораторная посуда и принадлежности из стекла/Стекло для микропрепаратов (для копрограмм)	16	12003610	https://minimed.ru/product/2217/	minimed.ru
	Стекло для микропрепаратов по ТУ 9464-012-52876859-2014, для копрограмм, 100*100*2,0 мм, МиниЛаб, уп.10шт/ кор.200 шт	Лабораторная посуда и принадлежности из стекла/Стекло для микропрепаратов (для копрограмм)	37	12003609	https://minimed.ru/product/2216/	minimed.ru

Лабораторная посуда и принадлежности из стекла/Стекло для микропрепаратов (предметное, СП)						
СП-2	Стекло для микропрепаратов по ТУ 9464-012-52876859-2014, предметное, Люкс для растяжки мазков со шлиф.краями и фаской, 26×76 мм, толщ.1,0 мм, МиниЛаб, уп.72 шт/ кор.1440 шт	Лабораторная посуда и принадлежности из стекла/Стекло для микропрепаратов (предметное, СП)	15	12003412	https://minimed.ru/product/2095/	minimed.ru
СП-7101	Стекло для микропрепаратов по ТУ 9464-012-52876859-2014, предметное, со шлиф.краями, 26*76 мм, толщ.1,0 мм, уп.72/3600 шт, МиниЛаб	Лабораторная посуда и принадлежности из стекла/Стекло для микропрепаратов (предметное, СП)	2	12003416	https://minimed.ru/product/2096/	minimed.ru
СП-7102	Стекло для микропрепаратов по ТУ 9464-012-52876859-2014, предметное, с необработанными краями, 26*76 мм, толщ.1,0 мм, МиниЛаб, уп.72/3600 шт	Лабораторная посуда и принадлежности из стекла/Стекло для микропрепаратов (предметное, СП)	2	12003417	https://minimed.ru/product/2097/	minimed.ru
СП-7103	Стекло для микропрепаратов по ТУ 9464-012-52876859-2014, предметное, с 1-й лункой, 26*76 мм, толщина 1,0 мм, уп.50 шт/2500 шт. МиниЛаб	Лабораторная посуда и принадлежности из стекла/Стекло для микропрепаратов (предметное, СП)	18	12003418	https://minimed.ru/product/2098/	minimed.ru
СП-7103А	Стекло для микропрепаратов по ТУ 9464-012-52876859-2014, предметное, с 3-мя лунками, 26*76 мм, толщ.1,0 мм, уп.50/2500 шт, МиниЛаб	Лабораторная посуда и принадлежности из стекла/Стекло для микропрепаратов (предметное, СП)	63	12003425	https://minimed.ru/product/2099/	minimed.ru
СП-7104	Стекло для микропрепаратов по ТУ 9464-012-52876859-2014, предметное, с 2-мя лунками, 26*76 мм, толщ.1,0 мм, уп.50/2500 шт, МиниЛаб	Лабораторная посуда и принадлежности из стекла/Стекло для микропрепаратов (предметное, СП)	34	12003419	https://minimed.ru/product/2100/	minimed.ru
СП-7105	Стекло для микропрепаратов по ТУ 9464-012-52876859-2014, предметное со шлиф. краями и полосой для записи, 26*76 мм, толщ.1,0 мм, уп.72/3600 шт, МиниЛаб	Лабораторная посуда и принадлежности из стекла/Стекло для микропрепаратов (предметное, СП)	3	12003421	https://minimed.ru/product/2101/	minimed.ru
СП-7107	Стекло предметное 76*26 мм,толщ.1,0 мм, с шлиф.краями, с 2-х сторонней полосой, уп.72/3600 шт	Лабораторная посуда и принадлежности из стекла/Стекло для микропрепаратов (предметное, СП)	3	12003407	https://minimed.ru/product/2102/	minimed.ru
СП-7109	Стекло для микропрепаратов по ТУ 9464-012-52876859-2014, предметное с полиров. краями и белой полосой, 26*76 мм, толщ.1,0 мм, уп.50/2500 шт, МиниЛаб	Лабораторная посуда и принадлежности из стекла/Стекло для микропрепаратов (предметное, СП)	6	12003435	https://minimed.ru/product/2103/	minimed.ru
СП-7109	Стекло для микропрепаратов по ТУ 9464-012-52876859-2014, предметное с полиров. краями и желтой полосой, 26*76 мм, толщ.1,0 мм, уп.50/2500 шт, МиниЛаб	Лабораторная посуда и принадлежности из стекла/Стекло для микропрепаратов (предметное, СП)	6	12003430	https://minimed.ru/product/2104/	minimed.ru
СП-7109	Стекло для микропрепаратов по ТУ 9464-012-52876859-2014, предметное с полиров. краями и зелёной полосой, 26*76 мм, толщ.1,0 мм, уп. 50/2500 шт, МиниЛаб	Лабораторная посуда и принадлежности из стекла/Стекло для микропрепаратов (предметное, СП)	6	12003431	https://minimed.ru/product/2105/	minimed.ru
СП-7109	Стекло для микропрепаратов по ТУ 9464-012-52876859-2014, предметное с полиров. краями и оранжевой полосой, 26*76мм, толщ. 1,0 мм, уп. 50/2500 шт, МиниЛаб	Лабораторная посуда и принадлежности из стекла/Стекло для микропрепаратов (предметное, СП)	6	12003432	https://minimed.ru/product/2106/	minimed.ru
СП-7109	Стекло для микропрепаратов по ТУ 9464-012-52876859-2014, предметное с полиров. краями и розовой полосой, 26*76 мм, толщ. 1,0 мм, уп.50/2500 шт, МиниЛаб	Лабораторная посуда и принадлежности из стекла/Стекло для микропрепаратов (предметное, СП)	6	12003433	https://minimed.ru/product/2107/	minimed.ru
СП-7109	Стекло для микропрепаратов по ТУ 9464-012-52876859-2014, предметное с полиров. краями и синей полосой, 26*76 мм, толщ. 1,0 мм, уп.50/2500 шт, МиниЛаб	Лабораторная посуда и принадлежности из стекла/Стекло для микропрепаратов (предметное, СП)	6	12003434	https://minimed.ru/product/2108/	minimed.ru
	Стекло для микропрепаратов по предметное, СП c адгезивным электростатическим покрытием, со шлиф.краями и полосой д/записи, 26*76 мм, толщ. 1,0 мм, уп.50/2500 шт, МиниЛаб	Лабораторная посуда и принадлежности из стекла/Стекло для микропрепаратов (предметное, СП)	20	12003424	https://minimed.ru/product/2219/	minimed.ru
	Стекло для микропрепаратов по предметное, СП c адгезивным покрытием-силан, со шлиф. краями и полосой для записи, 26*76 мм, толщ. 1,0 мм, уп.50/2500 шт, МиниЛаб	Лабораторная посуда и принадлежности из стекла/Стекло для микропрепаратов (предметное, СП)	20	12003423	https://minimed.ru/product/2220/	minimed.ru

Лабораторная посуда и принадлежности из стекла/Стекло для микропрепаратов (предметное, СПО (с окошками)						
СПО-3	Стекло для микропрепаратов по ТУ 9464-012-52876859-2014, предметное, с 3-мя окошками, 26*76*2,0 мм, МиниЛаб, уп.50 шт/450 шт	Лабораторная посуда и принадлежности из стекла/Стекло для микропрепаратов (предметное, СПО (с окошками)	27	12003408	https://minimed.ru/product/2221/	minimed.ru
СПО-6	Стекло для микропрепаратов по ТУ 9464-012-52876859-2014, предметное, с 6-тью окошками, 26×76×2,0 мм, МиниЛаб, уп.50 шт/450 шт	Лабораторная посуда и принадлежности из стекла/Стекло для микропрепаратов (предметное, СПО (с окошками)	27	12003409	https://minimed.ru/product/2222/	minimed.ru
СПО-8	Стекло для микропрепаратов по ТУ 9464-012-52876859-2014, предметное, с 8-ми окошками, 26×76×2,0 мм, МиниЛаб, уп.50 шт/450 шт	Лабораторная посуда и принадлежности из стекла/Стекло для микропрепаратов (предметное, СПО (с окошками)	27	12003410	https://minimed.ru/product/2223/	minimed.ru

Лабораторная посуда и принадлежности из стекла/Стекло для микропрепаратов (предметное, СО)						
СО-2	Стекло для микропрепаратов по ТУ 9464-012-52876859-2014, для растяжки мазков со шлиф.краями и фаской, 26×76×2 мм, МиниЛаб, уп.25шт /500 шт	Лабораторная посуда и принадлежности из стекла/Стекло для микропрепаратов (предметное, СО)	20	12003402	https://minimed.ru/product/2088/	minimed.ru
СО-3	Стекло для микропрепаратов по ТУ 9464-012-52876859-2014, предметное со шлиф. краями, размер 26*76*2 мм, МиниЛаб, уп.50шт/ кор.2500	Лабораторная посуда и принадлежности из стекла/Стекло для микропрепаратов (предметное, СО)	4	12003403	https://minimed.ru/product/2089/	minimed.ru
СО-4	Стекло для микропрепаратов по ТУ 9464-012-52876859-2014, предметное с полосой для записи со шлиф. краями, размер 26*76*2 мм, уп.50/2500 шт, МиниЛаб	Лабораторная посуда и принадлежности из стекла/Стекло для микропрепаратов (предметное, СО)	4	12003405	https://minimed.ru/product/2090/	minimed.ru
	Стекло для микропрепаратов по предметное СП с необработанными краями, 26*76*2,0 мм, МиниЛаб, уп.50/2500шт.	Лабораторная посуда и принадлежности из стекла/Стекло для микропрепаратов (предметное, СО)	3	12003654	https://minimed.ru/product/3243/	minimed.ru
	Стекло для микропрепаратов по ТУ 9464-012-52876859-2014, предметное СП с необработанными краями, 26*76*2,0 мм, МиниЛаб, уп. 1000 шт	Лабораторная посуда и принадлежности из стекла/Стекло для микропрепаратов (предметное, СО)	3080	12003604	https://minimed.ru/product/2251/	minimed.ru

Лабораторная посуда и принадлежности из стекла/Стекло к Камере Горяева						
	Стекло для микропрепаратов по покровное 21*24*0,45, уп.100/500/20тыс,МиниЛаб	Лабораторная посуда и принадлежности из стекла/Стекло к Камере Горяева	2	12003301	https://minimed.ru/product/2227/	minimed.ru
	Стекло для микропрепаратов по покровное 21*31*0,45, МиниЛаб, уп.100шт. /кор.500 / тр.кор. 20тыс	Лабораторная посуда и принадлежности из стекла/Стекло к Камере Горяева	2	12003305	https://minimed.ru/product/2230/	minimed.ru

Лабораторная посуда и принадлежности из стекла/Стекло для микропрепаратов (покровное)						
	Стекло для микропрепаратов по покровное 18*18 мм, уп.1000 шт/50000, МиниЛаб, кор.50уп.	Лабораторная посуда и принадлежности из стекла/Стекло для микропрепаратов (покровное)	347	12003309	https://minimed.ru/product/2228/	minimed.ru
	Стекло для микропрепаратов по покровное 20*20 мм, уп.1000 шт/50000, МиниЛаб	Лабораторная посуда и принадлежности из стекла/Стекло для микропрепаратов (покровное)	378	12003312	https://minimed.ru/product/2229/	minimed.ru
	Стекло для микропрепаратов по покровное 22*22 мм, уп.1000 шт/ 50 000. МиниЛаб	Лабораторная посуда и принадлежности из стекла/Стекло для микропрепаратов (покровное)	468	12003314	https://minimed.ru/product/2231/	minimed.ru
	Стекло для микропрепаратов по покровное 22*32 мм, уп.1000 шт/ кор.20 уп., МиниЛаб	Лабораторная посуда и принадлежности из стекла/Стекло для микропрепаратов (покровное)	792	12003315	https://minimed.ru/product/2232/	minimed.ru
	Стекло для микропрепаратов по покровное 22*40 мм, уп.500 шт/20000 шт, МиниЛаб	Лабораторная посуда и принадлежности из стекла/Стекло для микропрепаратов (покровное)	468	12003302	https://minimed.ru/product/2233/	minimed.ru
	Стекло для микропрепаратов по покровное 22*50 мм, уп.500 шт,МиниЛаб	Лабораторная посуда и принадлежности из стекла/Стекло для микропрепаратов (покровное)	141	12003304	https://minimed.ru/product/2234/	minimed.ru
	Стекло для микропрепаратов по покровное 22*60 мм, уп.500шт/20000, МиниЛаб	Лабораторная посуда и принадлежности из стекла/Стекло для микропрепаратов (покровное)	576	12003306	https://minimed.ru/product/2235/	minimed.ru
	Стекло для микропрепаратов по покровное 24*24 мм, МиниЛаб, уп.1000 шт/ кор.50 уп	Лабораторная посуда и принадлежности из стекла/Стекло для микропрепаратов (покровное)	495	12003316	https://minimed.ru/product/2236/	minimed.ru
	Стекло для микропрепаратов по покровное 24*32 мм, уп.1000 шт/ кор.20 уп, МиниЛаб	Лабораторная посуда и принадлежности из стекла/Стекло для микропрепаратов (покровное)	801	12003332	https://minimed.ru/product/2237/	minimed.ru
	Стекло для микропрепаратов по покровное 24*36 мм, уп.500 шт/кор.50 уп, МиниЛаб	Лабораторная посуда и принадлежности из стекла/Стекло для микропрепаратов (покровное)	477	12003318	https://minimed.ru/product/2238/	minimed.ru
	Стекло для микропрепаратов по покровное 24*40 мм, уп.500 шт/кор.20 000 шт, МиниЛаб	Лабораторная посуда и принадлежности из стекла/Стекло для микропрепаратов (покровное)	530	12003303	https://minimed.ru/product/2239/	minimed.ru
	Стекло для микропрепаратов по покровное 24*48 мм, уп.500 шт/20000, МиниЛаб	Лабораторная посуда и принадлежности из стекла/Стекло для микропрепаратов (покровное)	594	12003321	https://minimed.ru/product/2240/	minimed.ru
	Стекло для микропрепаратов по покровное 24*50 мм, уп.500 шт/20000, МиниЛаб, кор.40уп.	Лабораторная посуда и принадлежности из стекла/Стекло для микропрепаратов (покровное)	612	12003322	https://minimed.ru/product/2241/	minimed.ru
	Стекло для микропрепаратов по покровное 24*55 мм, МиниЛаб, уп.500 шт/ кор.40уп	Лабораторная посуда и принадлежности из стекла/Стекло для микропрепаратов (покровное)	693	12003323	https://minimed.ru/product/2242/	minimed.ru
	Стекло для микропрепаратов по покровное 24*60 мм, МиниЛаб, уп.500 шт/ кор.20000шт./ 40уп.	Лабораторная посуда и принадлежности из стекла/Стекло для микропрепаратов (покровное)	707	12003307	https://minimed.ru/product/2243/	minimed.ru

Лабораторная посуда и принадлежности из стекла/Стекло покровное круглое						
	Стекло покровное круглое диам.12 мм,толщ.0,13-0,16 мм, уп.1000 шт.	Лабораторная посуда и принадлежности из стекла/Стекло покровное круглое	2814	12003123	https://minimed.ru/product/2244/	minimed.ru
	Стекло покровное круглое диам.13 мм,толщ.0,13-0,16 мм, уп.1000 шт.	Лабораторная посуда и принадлежности из стекла/Стекло покровное круглое	2814	12003124	https://minimed.ru/product/2245/	minimed.ru
	Стекло покровное круглое диам.14 мм,толщ.0,13-0,16 мм, уп.1000 шт.	Лабораторная посуда и принадлежности из стекла/Стекло покровное круглое	2814	12003125	https://minimed.ru/product/2246/	minimed.ru
	Стекло покровное круглое диам.18 мм,толщ.0,13-0,16 мм, уп.1000 шт.	Лабораторная посуда и принадлежности из стекла/Стекло покровное круглое	2814	12003128	https://minimed.ru/product/2247/	minimed.ru
	Стекло покровное круглое диам.20 мм,толщ.0,13-0,16 мм, уп.1000 шт.	Лабораторная посуда и принадлежности из стекла/Стекло покровное круглое	3476	12003129	https://minimed.ru/product/2248/	minimed.ru
	Стекло покровное круглое диам.22 мм,толщ.0,13-0,16 мм, уп.1000 шт/кор.50 т.шт	Лабораторная посуда и принадлежности из стекла/Стекло покровное круглое	3476	12003140	https://minimed.ru/product/2249/	minimed.ru
	Стекло покровное круглое диам.24 мм,толщ.0,13-0,16 мм, уп.1000 шт./ кор. 50 000 шт.	Лабораторная посуда и принадлежности из стекла/Стекло покровное круглое	3476	12003141	https://minimed.ru/product/2250/	minimed.ru

Лабораторная посуда и принадлежности из стекла/Стекло для микропрепаратов ("часовое")						
	Стекло для микропрепаратов по ТУ 9464-012-52876859-2014, "часовое" 45 мм, МиниЛаб, уп.10/600 шт	Лабораторная посуда и принадлежности из стекла/Стекло для микропрепаратов ("часовое")	57	12003701	https://minimed.ru/product/2252/	minimed.ru
	Стекло для микропрепаратов по ТУ 9464-012-52876859-2014, "часовое" 60 мм, МиниЛаб, уп.10/600 шт	Лабораторная посуда и принадлежности из стекла/Стекло для микропрепаратов ("часовое")	62	12003705	https://minimed.ru/product/2253/	minimed.ru
	Стекло для микропрепаратов по ТУ 9464-012-52876859-2014, "часовое" 70 мм, МиниЛаб, уп.10/600 шт	Лабораторная посуда и принадлежности из стекла/Стекло для микропрепаратов ("часовое")	73	12003706	https://minimed.ru/product/2254/	minimed.ru
	Стекло для микропрепаратов по ТУ 9464-012-52876859-2014, "часовое" 80 мм, уп.10/600 шт, МиниЛаб	Лабораторная посуда и принадлежности из стекла/Стекло для микропрепаратов ("часовое")	94	12003704	https://minimed.ru/product/2255/	minimed.ru
	Стекло для микропрепаратов по ТУ 9464-012-52876859-2014, "часовое" 90 мм, МиниЛаб, уп.10/600 шт	Лабораторная посуда и принадлежности из стекла/Стекло для микропрепаратов ("часовое")	101	12003702	https://minimed.ru/product/2256/	minimed.ru
	Стекло для микропрепаратов по ТУ 9464-012-52876859-2014, "часовое" 100 мм, уп.10/600 шт, МиниЛаб	Лабораторная посуда и принадлежности из стекла/Стекло для микропрепаратов ("часовое")	116	12003707	https://minimed.ru/product/2257/	minimed.ru
	Стекло для микропрепаратов по ТУ 9464-012-52876859-2014, "часовое" 150 мм, уп.10/200 шт, МиниЛаб	Лабораторная посуда и принадлежности из стекла/Стекло для микропрепаратов ("часовое")	163	12003708	https://minimed.ru/product/2258/	minimed.ru
	Стекло для микропрепаратов по ТУ 9464-012-52876859-2014, "часовое" 180 мм, уп.10/200 шт, МиниЛаб	Лабораторная посуда и принадлежности из стекла/Стекло для микропрепаратов ("часовое")	312	12003709	https://minimed.ru/product/3667/	minimed.ru

Лабораторная посуда и принадлежности из стекла/Стеклошарики (бусы)						
	Стеклошарики d=3мм, уп.0,1 кг / 5 кг	Лабораторная посуда и принадлежности из стекла/Стеклошарики (бусы)	1187	12001101	https://minimed.ru/product/2267/	minimed.ru
	Стеклошарики d=5мм, уп.0,1 кг / 5 кг	Лабораторная посуда и принадлежности из стекла/Стеклошарики (бусы)	1187	12001103	https://minimed.ru/product/2268/	minimed.ru

Лабораторная посуда и принадлежности из стекла/Ступки стеклянные с пестиком						
	Ступка с пестиком,D=60 мм, стеклянная, уп. 1/48 шт	Лабораторная посуда и принадлежности из стекла/Ступки стеклянные с пестиком	289	10006203	https://minimed.ru/product/3911/	minimed.ru
	Ступка с пестиком,D=75 мм, стеклянная, уп.4/48шт	Лабораторная посуда и принадлежности из стекла/Ступки стеклянные с пестиком	374	10006204	https://minimed.ru/product/2283/	minimed.ru
	Ступка с пестиком,D=90 мм, стеклянная, уп.1/48 шт	Лабораторная посуда и принадлежности из стекла/Ступки стеклянные с пестиком	452	10006205	https://minimed.ru/product/4068/	minimed.ru
	Ступка с пестиком,D=120 мм, стеклянная, уп.1 /12 шт	Лабораторная посуда и принадлежности из стекла/Ступки стеклянные с пестиком	748	10006200	https://minimed.ru/product/2285/	minimed.ru
	Ступка с пестиком,D=150 мм, стеклянная, уп.1 /12 шт	Лабораторная посуда и принадлежности из стекла/Ступки стеклянные с пестиком	1117	10006201	https://minimed.ru/product/2286/	minimed.ru
	Ступка с пестиком,D=180 мм, стеклянная, уп.1/8 шт	Лабораторная посуда и принадлежности из стекла/Ступки стеклянные с пестиком	1640	10006202	https://minimed.ru/product/2287/	minimed.ru

Лабораторная посуда и принадлежности из стекла/Флакон для расфасовки и хранения лекарственных средств						
	Флакон с гладким горлом из светлой трубки первого гидролитического класса объёмом 15 мл, уп.1170 шт.	Лабораторная посуда и принадлежности из стекла/Флакон для расфасовки и хранения лекарственных средств	5	12006009	https://minimed.ru/product/3262/	minimed.ru

Лабораторная посуда и принадлежности из стекла/Холодильники с прямой трубкой						
ХПТ-1-200-14/23-14/23	Холодильник, уп.2/48 шт	Лабораторная посуда и принадлежности из стекла/Холодильники с прямой трубкой	650	12007200	https://minimed.ru/product/2433/	minimed.ru
ХПТ-1-300-14/23-14/23	Холодильник, уп.2/24 шт	Лабораторная посуда и принадлежности из стекла/Холодильники с прямой трубкой	826	12007223	https://minimed.ru/product/2434/	minimed.ru
ХПТ-1-300-19/26-19/26	Холодильник, уп.2/24шт	Лабораторная посуда и принадлежности из стекла/Холодильники с прямой трубкой	846	12007241	https://minimed.ru/product/2435/	minimed.ru
ХПТ-1-400-14/23-14/23	Холодильник, уп.1/24 шт	Лабораторная посуда и принадлежности из стекла/Холодильники с прямой трубкой	1035	12007224	https://minimed.ru/product/2436/	minimed.ru
ХПТ-1-600-14/23-14/23	Холодильник, уп.1/16 шт	Лабораторная посуда и принадлежности из стекла/Холодильники с прямой трубкой	1342	12007225	https://minimed.ru/product/2437/	minimed.ru

Лабораторная посуда и принадлежности из стекла/Холодильники спиральные с внутренним охлаждением						
ХСВ-200-14/23-29/32	Холодильник, уп.2/48 шт	Лабораторная посуда и принадлежности из стекла/Холодильники спиральные с внутренним охлаждением	1097	12007226	https://minimed.ru/product/2438/	minimed.ru
ХСВ-300-29/32-29/32	Холодильник, уп. 2/24 шт	Лабораторная посуда и принадлежности из стекла/Холодильники спиральные с внутренним охлаждением	1458	12007232	https://minimed.ru/product/2439/	minimed.ru
ХСВ-400-14/23-29/32	Холодильник, уп.2 шт	Лабораторная посуда и принадлежности из стекла/Холодильники спиральные с внутренним охлаждением	2134	12007240	https://minimed.ru/product/2440/	minimed.ru

Лабораторная посуда и принадлежности из стекла/Холодильники спиральные с наружным охлаждением						
ХСН-200-14/23	Холодильник спиральный, уп.2/48 шт	Лабораторная посуда и принадлежности из стекла/Холодильники спиральные с наружным охлаждением	823	12007210	https://minimed.ru/product/2733/	minimed.ru
ХСН-300-29/32	Холодильник спиральный, уп.2/24 шт	Лабораторная посуда и принадлежности из стекла/Холодильники спиральные с наружным охлаждением	1063	12007207	https://minimed.ru/product/2430/	minimed.ru
ХСН-400-29/32	Холодильник спиральный, уп.1/24 шт	Лабораторная посуда и принадлежности из стекла/Холодильники спиральные с наружным охлаждением	1280	12007233	https://minimed.ru/product/2431/	minimed.ru
ХСН-600-29/32	Холодильник спиральный, уп.1/16 шт	Лабораторная посуда и принадлежности из стекла/Холодильники спиральные с наружным охлаждением	1819	12007234	https://minimed.ru/product/2432/	minimed.ru

Лабораторная посуда и принадлежности из стекла/Холодильники шариковые						
ХШ-1-200-19/26	Холодильник, уп.2/48 шт	Лабораторная посуда и принадлежности из стекла/Холодильники шариковые	785	12007235	https://minimed.ru/product/2441/	minimed.ru
ХШ-1-300-29/32	Холодильник, уп.2/24 шт	Лабораторная посуда и принадлежности из стекла/Холодильники шариковые	1078	12007214	https://minimed.ru/product/2442/	minimed.ru
ХШ-1-400-29/32	Холодильник, уп.1/24 шт	Лабораторная посуда и принадлежности из стекла/Холодильники шариковые	1290	12007229	https://minimed.ru/product/2443/	minimed.ru
ХШ-1-600-29/32	Холодильник, уп.1/16 шт	Лабораторная посуда и принадлежности из стекла/Холодильники шариковые	1765	12007236	https://minimed.ru/product/2444/	minimed.ru

Лабораторная посуда и принадлежности из стекла/Цилиндры без делений для ареометров на пластмассовом основании						
3-25/195	Цилиндр д/ареометров, уп.10шт	Лабораторная посуда и принадлежности из стекла/Цилиндры без делений для ареометров на пластмассовом основании	63	10004501	https://minimed.ru/product/2487/	minimed.ru
3-31/220	Цилиндр д/ареометров, уп. 5 шт	Лабораторная посуда и принадлежности из стекла/Цилиндры без делений для ареометров на пластмассовом основании	106	10004502	https://minimed.ru/product/2488/	minimed.ru
3-39/290	Цилиндр д/ареометров, уп.10 шт	Лабораторная посуда и принадлежности из стекла/Цилиндры без делений для ареометров на пластмассовом основании	144	10004503	https://minimed.ru/product/2489/	minimed.ru
3-49/390	Цилиндр д/ареометров, уп. 10 шт	Лабораторная посуда и принадлежности из стекла/Цилиндры без делений для ареометров на пластмассовом основании	239	10004504	https://minimed.ru/product/2490/	minimed.ru
3-47/590	Цилиндр д/ареометров, уп. 4 шт	Лабораторная посуда и принадлежности из стекла/Цилиндры без делений для ареометров на пластмассовом основании	480	10004505	https://minimed.ru/product/2491/	minimed.ru

Лабораторная посуда и принадлежности из стекла/Цилиндры лабораторные (мерные: исполнение 3 - на пластмассовом основании)						
5мл	Цилиндр 5 мл со стеклянной пришлифованной пробкой на пласт. основании, уп.10шт	Лабораторная посуда и принадлежности из стекла/Цилиндры лабораторные (мерные: исполнение 3 - на пластмассовом основании)	246	10004608	https://minimed.ru/product/4257/	minimed.ru
5мл	Цилиндр 5 мл со шлифом на пласт. основании, уп.10шт	Лабораторная посуда и принадлежности из стекла/Цилиндры лабораторные (мерные: исполнение 3 - на пластмассовом основании)	164	10004609	https://minimed.ru/product/4258/	minimed.ru
3-25-2	Цилиндр мерная на пластмассовом основании, с делением, уп.10 шт	Лабораторная посуда и принадлежности из стекла/Цилиндры лабораторные (мерные: исполнение 3 - на пластмассовом основании)	103	10004603	https://minimed.ru/product/2458/	minimed.ru
3-50-2	Цилиндр мерная на пластмассовом основании, с дел., уп.10 шт	Лабораторная посуда и принадлежности из стекла/Цилиндры лабораторные (мерные: исполнение 3 - на пластмассовом основании)	111	10004605	https://minimed.ru/product/2459/	minimed.ru
3-100-2	Цилиндр мерная на пластмассовом основании, с дел., уп.5 шт	Лабораторная посуда и принадлежности из стекла/Цилиндры лабораторные (мерные: исполнение 3 - на пластмассовом основании)	143	10004601	https://minimed.ru/product/2473/	minimed.ru
3-250-2	Цилиндр мерная на пластмассовом основании, с дел., уп.10 шт	Лабораторная посуда и принадлежности из стекла/Цилиндры лабораторные (мерные: исполнение 3 - на пластмассовом основании)	216	10004602	https://minimed.ru/product/2474/	minimed.ru
3-500-2	Цилиндр мерная на пластмассовом основании, с дел., уп.1 шт/ кор.6 шт	Лабораторная посуда и принадлежности из стекла/Цилиндры лабораторные (мерные: исполнение 3 - на пластмассовом основании)	347	10004604	https://minimed.ru/product/2475/	minimed.ru
	Цилиндр 500 мл с п/эт пробкой на п/эт основании, шлиф 34, LMS	Лабораторная посуда и принадлежности из стекла/Цилиндры лабораторные (мерные: исполнение 3 - на пластмассовом основании)	451	63322818	https://minimed.ru/product/3823/	minimed.ru

Лабораторная посуда и принадлежности из стекла/Цилиндры лабораторные (мерные: исполнение 1 - на стеклянном основании)						
1-10-2	Цилиндр с нос. и стекл. осн., ТУ 9464-013-52876351-2014, ГОСТ 1770-74, уп.12 / кор.288 шт	Лабораторная посуда и принадлежности из стекла/Цилиндры лабораторные (мерные: исполнение 1 - на стеклянном основании)	149	10004308	https://minimed.ru/product/2447/	minimed.ru
1-25-2	Цилиндр с нос. и стекл. осн., ТУ 9464-013-52876351-2014, ГОСТ 1770-74, уп.12/ кор. 144 шт	Лабораторная посуда и принадлежности из стекла/Цилиндры лабораторные (мерные: исполнение 1 - на стеклянном основании)	184	10004305	https://minimed.ru/product/2448/	minimed.ru
1-50-2	Цилиндр с нос. и стекл. осн., ТУ 9464-013-52876351-2014, ГОСТ 1770-74, уп.6/ кор. 144 шт	Лабораторная посуда и принадлежности из стекла/Цилиндры лабораторные (мерные: исполнение 1 - на стеклянном основании)	204	10004307	https://minimed.ru/product/2449/	minimed.ru
1-100-2	Цилиндр с нос. и стекл. осн., ТУ 9464-013-52876351-2014, ГОСТ 1770-74, уп.6/ кор.96 шт	Лабораторная посуда и принадлежности из стекла/Цилиндры лабораторные (мерные: исполнение 1 - на стеклянном основании)	235	10004302	https://minimed.ru/product/2464/	minimed.ru
1-250-2	Цилиндр с нос. и стекл. осн., ТУ 9464-013-52876351-2014, ГОСТ 1770-74, уп.2/ кор.48 шт	Лабораторная посуда и принадлежности из стекла/Цилиндры лабораторные (мерные: исполнение 1 - на стеклянном основании)	452	10004304	https://minimed.ru/product/2465/	minimed.ru
1-500-2	Цилиндр с нос. и стекл. осн., ТУ 9464-013-52876351-2014, ГОСТ 1770-74, уп.2/ кор.32 шт	Лабораторная посуда и принадлежности из стекла/Цилиндры лабораторные (мерные: исполнение 1 - на стеклянном основании)	688	10004306	https://minimed.ru/product/2466/	minimed.ru
1-1000-2	Цилиндр с нос. и стекл. осн., ТУ 9464-013-52876351-2014, ГОСТ 1770-74, уп.2/ кор.12 шт	Лабораторная посуда и принадлежности из стекла/Цилиндры лабораторные (мерные: исполнение 1 - на стеклянном основании)	1025	10004301	https://minimed.ru/product/2480/	minimed.ru
1-2000-2	Цилиндр с нос. и стекл. осн., ТУ 9464-013-52876351-2014, ГОСТ 1770-74, уп.1/ кор.8 шт	Лабораторная посуда и принадлежности из стекла/Цилиндры лабораторные (мерные: исполнение 1 - на стеклянном основании)	2263	10004303	https://minimed.ru/product/2481/	minimed.ru

Лабораторная посуда и принадлежности из стекла/Цилиндры лабораторные (мерные: исполнение 2 - с пришлифованной пробкой, на стеклянном основании)						
2-10-2	Цилиндр на стекл. осн., с пришл.пробк, ТУ 9464-013-52876351-2014, ГОСТ 1770-74, уп.12/288 шт	Лабораторная посуда и принадлежности из стекла/Цилиндры лабораторные (мерные: исполнение 2 - с пришлифованной пробкой, на стеклянном основании)	347	10004407	https://minimed.ru/product/2452/	minimed.ru
2-25-2	Цилиндр на стекл. осн., с пришл.пробк., ТУ 9464-013-52876351-2014, ГОСТ 1770-74, уп.12 / кор.144шт.	Лабораторная посуда и принадлежности из стекла/Цилиндры лабораторные (мерные: исполнение 2 - с пришлифованной пробкой, на стеклянном основании)	403	10004408	https://minimed.ru/product/2453/	minimed.ru
2-50-2	Цилиндр на стекл. осн., с пришл.пробк, ТУ 9464-013-52876351-2014, ГОСТ 1770-74, уп.6/ кор.144 шт	Лабораторная посуда и принадлежности из стекла/Цилиндры лабораторные (мерные: исполнение 2 - с пришлифованной пробкой, на стеклянном основании)	508	10004406	https://minimed.ru/product/2456/	minimed.ru
2-100-2	Цилиндр на стекл. осн., с пришл.пробк, ТУ 9464-013-52876351-2014, ГОСТ 1770-74, уп.6/ кор.72 шт	Лабораторная посуда и принадлежности из стекла/Цилиндры лабораторные (мерные: исполнение 2 - с пришлифованной пробкой, на стеклянном основании)	675	10004402	https://minimed.ru/product/2467/	minimed.ru
2-250-2	Цилиндр на стекл. осн., с пришл.пробк, ТУ 9464-013-52876351-2014, ГОСТ 1770-74, уп.2/ кор. 48 шт	Лабораторная посуда и принадлежности из стекла/Цилиндры лабораторные (мерные: исполнение 2 - с пришлифованной пробкой, на стеклянном основании)	961	10004404	https://minimed.ru/product/2469/	minimed.ru
2-500-2	Цилиндр на стекл. осн., с пришл.пробк, ТУ 9464-013-52876351-2014, ГОСТ 1770-74, уп.2/ кор.24 шт	Лабораторная посуда и принадлежности из стекла/Цилиндры лабораторные (мерные: исполнение 2 - с пришлифованной пробкой, на стеклянном основании)	1255	10004405	https://minimed.ru/product/2471/	minimed.ru
2-1000-2	Цилиндр на стекл. осн., с пришл.пробк, ТУ 9464-013-52876351-2014, ГОСТ 1770-74, уп.2/12 шт	Лабораторная посуда и принадлежности из стекла/Цилиндры лабораторные (мерные: исполнение 2 - с пришлифованной пробкой, на стеклянном основании)	1535	10004401	https://minimed.ru/product/2484/	minimed.ru
2-2000-2	Цилиндр на стекл. осн., с пришл.пробк, ТУ 9464-013-52876351-2014, ГОСТ 1770-74, уп. 1/8 шт	Лабораторная посуда и принадлежности из стекла/Цилиндры лабораторные (мерные: исполнение 2 - с пришлифованной пробкой, на стеклянном основании)	3620	10004403	https://minimed.ru/product/2486/	minimed.ru

Лабораторная посуда и принадлежности из стекла/Цилиндры лабораторные (мерные: исполнение 1 - на стеклянном основании) 1 класс						
1-10-1	Цилиндр мерный с носиком на стекл. основании, 1 класс, ГОСТ 1770-74, инд.уп./144 шт.	Лабораторная посуда и принадлежности из стекла/Цилиндры лабораторные (мерные: исполнение 1 - на стеклянном основании) 1 класс	683	10001171А	https://minimed.ru/product/3788/	minimed.ru
1-25-1	Цилиндр мерный с носиком на стекл. основании, 1 класс, ГОСТ 1770-74, инд.уп./144 шт.	Лабораторная посуда и принадлежности из стекла/Цилиндры лабораторные (мерные: исполнение 1 - на стеклянном основании) 1 класс	774	10001172А	https://minimed.ru/product/3789/	minimed.ru
1-50-1	Цилиндр мерный с носиком на стекл. основании, 1 класс, ГОСТ 1770-74, инд.уп./96 шт.	Лабораторная посуда и принадлежности из стекла/Цилиндры лабораторные (мерные: исполнение 1 - на стеклянном основании) 1 класс	810	10001173А	https://minimed.ru/product/3790/	minimed.ru
1-100-1	Цилиндр мерный с носиком на стекл. основании, 1 класс, ГОСТ 1770-74, инд.уп./72 шт.	Лабораторная посуда и принадлежности из стекла/Цилиндры лабораторные (мерные: исполнение 1 - на стеклянном основании) 1 класс	865	10001174А	https://minimed.ru/product/3794/	minimed.ru
1-250-1	Цилиндр мерный с носиком на стекл. основании, 1 класс, ГОСТ 1770-74, инд.уп./32 шт.	Лабораторная посуда и принадлежности из стекла/Цилиндры лабораторные (мерные: исполнение 1 - на стеклянном основании) 1 класс	1411	10001175А	https://minimed.ru/product/3795/	minimed.ru
1-500-1	Цилиндр мерный с носиком на стекл. основании, 1 класс, ГОСТ 1770-74, инд.уп./24 шт.	Лабораторная посуда и принадлежности из стекла/Цилиндры лабораторные (мерные: исполнение 1 - на стеклянном основании) 1 класс	2140	10001176А	https://minimed.ru/product/3796/	minimed.ru
1-1000-1	Цилиндр мерный с носиком на стекл. основании, 1 класс, ГОСТ 1770-74, инд.уп./12 шт	Лабораторная посуда и принадлежности из стекла/Цилиндры лабораторные (мерные: исполнение 1 - на стеклянном основании) 1 класс	3596	10001169А	https://minimed.ru/product/3800/	minimed.ru
1-2000-1	Цилиндр мерный с носиком на стекл. основании, 1 класс, ГОСТ 1770-74, инд.уп./6 шт.	Лабораторная посуда и принадлежности из стекла/Цилиндры лабораторные (мерные: исполнение 1 - на стеклянном основании) 1 класс	5670	10001170А	https://minimed.ru/product/3801/	minimed.ru

Лабораторная посуда и принадлежности из стекла/Цилиндры лабораторные (мерные: исполнение 2 - с пришлифованной пробкой, на стеклянном основании) 1 класс						
2-10-1	Цилиндр мерный с пришлиф. пробкой на стекл. основании, 1 класс, ГОСТ 1770-74, инд.уп./144 шт.	Лабораторная посуда и принадлежности из стекла/Цилиндры лабораторные (мерные: исполнение 2 - с пришлифованной пробкой, на стеклянном основании) 1 класс	838	10001180А	https://minimed.ru/product/3791/	minimed.ru
2-25-1	Цилиндр мерный с пришлиф. пробкой на стекл. основании, 1 класс, ГОСТ 1770-74, инд.уп./144 шт.	Лабораторная посуда и принадлежности из стекла/Цилиндры лабораторные (мерные: исполнение 2 - с пришлифованной пробкой, на стеклянном основании) 1 класс	956	10001181А	https://minimed.ru/product/3792/	minimed.ru
2-50-1	Цилиндр мерный с пришлиф. пробкой на стекл. основании, 1 класс, ГОСТ 1770-74, инд.уп./96 шт.	Лабораторная посуда и принадлежности из стекла/Цилиндры лабораторные (мерные: исполнение 2 - с пришлифованной пробкой, на стеклянном основании) 1 класс	1002	10001182А	https://minimed.ru/product/3793/	minimed.ru
2-100-1	Цилиндр мерный с пришлиф. пробкой на стекл. основании, 1 класс, ГОСТ 1770-74, инд.уп./72 шт.	Лабораторная посуда и принадлежности из стекла/Цилиндры лабораторные (мерные: исполнение 2 - с пришлифованной пробкой, на стеклянном основании) 1 класс	1047	10001183А	https://minimed.ru/product/3797/	minimed.ru
2-250-1	Цилиндр мерный с пришлиф. пробкой на стекл. основании, 1 класс, ГОСТ 1770-74, инд.уп./32 шт.	Лабораторная посуда и принадлежности из стекла/Цилиндры лабораторные (мерные: исполнение 2 - с пришлифованной пробкой, на стеклянном основании) 1 класс	1684	10001184А	https://minimed.ru/product/3798/	minimed.ru
2-500-1	Цилиндр мерный с пришлиф. пробкой на стекл. основании, 1 класс, ГОСТ 1770-74, инд.уп./24 шт.	Лабораторная посуда и принадлежности из стекла/Цилиндры лабораторные (мерные: исполнение 2 - с пришлифованной пробкой, на стеклянном основании) 1 класс	2413	10001185А	https://minimed.ru/product/3799/	minimed.ru
2-1000-1	Цилиндр мерный с пришлиф. пробкой на стекл. основании, 1 класс, ГОСТ 1770-74, инд.уп./12 шт.	Лабораторная посуда и принадлежности из стекла/Цилиндры лабораторные (мерные: исполнение 2 - с пришлифованной пробкой, на стеклянном основании) 1 класс	3870	10001186А	https://minimed.ru/product/3802/	minimed.ru
2-2000-1	Цилиндр мерный с пришлиф. пробкой на стекл. основании, 1 класс, ГОСТ 1770-74, инд.уп./6 шт.	Лабораторная посуда и принадлежности из стекла/Цилиндры лабораторные (мерные: исполнение 2 - с пришлифованной пробкой, на стеклянном основании) 1 класс	6601	10001187А	https://minimed.ru/product/3803/	minimed.ru

Лабораторная посуда и принадлежности из стекла/Цилиндры прочие						
	Цилиндр б/дел. с носиком и переходником, d-2,5см	Лабораторная посуда и принадлежности из стекла/Цилиндры прочие	117	10004610	https://minimed.ru/product/2822/	minimed.ru

Лабораторная посуда и принадлежности из стекла/Часы песочные						
	Часы песочные 1 мин, уп.20 шт	Лабораторная посуда и принадлежности из стекла/Часы песочные	38	12004730	https://minimed.ru/product/2493/	minimed.ru
	Часы песочные 2 мин, инд.уп.	Лабораторная посуда и принадлежности из стекла/Часы песочные	42	12004731	https://minimed.ru/product/2495/	minimed.ru
	Часы песочные 3 мин, инд.уп.	Лабораторная посуда и принадлежности из стекла/Часы песочные	44	12004732	https://minimed.ru/product/2497/	minimed.ru
	Часы песочные 5 мин, инд.уп.	Лабораторная посуда и принадлежности из стекла/Часы песочные	40	12004733	https://minimed.ru/product/2499/	minimed.ru
	Часы песочные 10 мин, инд.уп	Лабораторная посуда и принадлежности из стекла/Часы песочные	224	12004737	https://minimed.ru/product/3870/	minimed.ru
	Часы песочные 15 мин, инд.уп	Лабораторная посуда и принадлежности из стекла/Часы песочные	232	12004738	https://minimed.ru/product/3871/	minimed.ru
	Часы песочные 20 мин, инд.уп	Лабораторная посуда и принадлежности из стекла/Часы песочные	240	12004739	https://minimed.ru/product/3872/	minimed.ru

Лабораторная посуда и принадлежности из стекла/Чаши кристаллизационные						
	Чаша кристаллизационная диам. 60 мм, уп.10/240 шт	Лабораторная посуда и принадлежности из стекла/Чаши кристаллизационные	188	10005708	https://minimed.ru/product/2526/	minimed.ru
	Чаша кристаллизационная диам. 90 мм, уп.8/120 шт	Лабораторная посуда и принадлежности из стекла/Чаши кристаллизационные	257	10005709	https://minimed.ru/product/2527/	minimed.ru
	Чаша кристаллизационная диам.100 мм, уп.6/120 шт	Лабораторная посуда и принадлежности из стекла/Чаши кристаллизационные	332	10005703	https://minimed.ru/product/2528/	minimed.ru
	Чаша кристаллизационная диам.125 мм, уп.2/48 шт	Лабораторная посуда и принадлежности из стекла/Чаши кристаллизационные	445	10005704	https://minimed.ru/product/2529/	minimed.ru
	Чаша кристаллизационная диам.150 мм, уп.2/48 шт	Лабораторная посуда и принадлежности из стекла/Чаши кристаллизационные	695	10005705	https://minimed.ru/product/2530/	minimed.ru
	Чаша кристаллизационная диам.180 мм, уп.1/24 шт	Лабораторная посуда и принадлежности из стекла/Чаши кристаллизационные	1002	10005706	https://minimed.ru/product/2531/	minimed.ru
	Чаша кристаллизационная диам.200 мм, уп.1/12шт	Лабораторная посуда и принадлежности из стекла/Чаши кристаллизационные	1249	10005710	https://minimed.ru/product/3668/	minimed.ru
	Чаша кристаллизационная диам.230 мм, уп.1/12шт	Лабораторная посуда и принадлежности из стекла/Чаши кристаллизационные	2391	10005711	https://minimed.ru/product/3669/	minimed.ru

Лабораторная посуда и принадлежности из стекла/Чаши выпарительные						
	Чаша выпарительная 60 мм, стеклянная, с плоским дном, ТС, уп.10/240 шт	Лабораторная посуда и принадлежности из стекла/Чаши выпарительные	211	10005800	https://minimed.ru/product/2522/	minimed.ru
	Чаша выпарительная 90 мм, стеклянная, с плоским дном, ТС, уп.10/120 шт	Лабораторная посуда и принадлежности из стекла/Чаши выпарительные	238	10005801	https://minimed.ru/product/2523/	minimed.ru
	Чаша выпарительная 120 мм, стеклянная, с плоским дном, ТС, уп.2/60 шт	Лабораторная посуда и принадлежности из стекла/Чаши выпарительные	297	10005802	https://minimed.ru/product/2524/	minimed.ru
	Чаша выпарительная 150 мм, стеклянная, с плоским дном, ТС, уп.2/40 шт	Лабораторная посуда и принадлежности из стекла/Чаши выпарительные	520	10005803	https://minimed.ru/product/2525/	minimed.ru

Лабораторная посуда и принадлежности из стекла/Чашки биологические (Петри)						
	Чашка микробиологическая (Петри) ЧМ,100*20 мм,толщ.ст.3 мм,НС уп.36 шт.	Лабораторная посуда и принадлежности из стекла/Чашки биологические (Петри)	82	11000245	https://minimed.ru/product/2532/	minimed.ru
	Чашка биологическая (Петри), стекло, диам.60*15 мм, Boro 3.3, уп.10/240) шт	Лабораторная посуда и принадлежности из стекла/Чашки биологические (Петри)	103	11000250	https://minimed.ru/product/2533/	minimed.ru
	Чашка биологическая (Петри),90*18 мм,толщ.ст.1,3 мм, Boro 3.3,уп.10 шт./120 шт	Лабораторная посуда и принадлежности из стекла/Чашки биологические (Петри)	137	11000253	https://minimed.ru/product/2534/	minimed.ru
	Чашка микробиологическая (Петри) ЧМ, 100*20 мм, 2-секционная, по уп.12 шт	Лабораторная посуда и принадлежности из стекла/Чашки биологические (Петри)	436	11000242	https://minimed.ru/product/2536/	minimed.ru
	Чашка стеклянная мм, 4-секционная, уп.36 шт	Лабораторная посуда и принадлежности из стекла/Чашки биологические (Петри)	406	11000244	https://minimed.ru/product/2566/	minimed.ru

Лабораторная посуда и принадлежности из стекла/Эксикаторы без крана						
2-150	Эксикатор мм, уп.1/2 шт	Лабораторная посуда и принадлежности из стекла/Эксикаторы без крана	1331	10004809	https://minimed.ru/product/2662/	minimed.ru
2-150	Эксикатор мм,темное стекло, уп.1/2 шт.	Лабораторная посуда и принадлежности из стекла/Эксикаторы без крана	2157	10004818	https://minimed.ru/product/2663/	minimed.ru
2-180	Эксикатор мм, уп.1/2 шт.	Лабораторная посуда и принадлежности из стекла/Эксикаторы без крана	1798	10004801	https://minimed.ru/product/2664/	minimed.ru
2-180	Эксикатор мм,темное стекло, уп.1/2 шт.	Лабораторная посуда и принадлежности из стекла/Эксикаторы без крана	2998	10004819	https://minimed.ru/product/2665/	minimed.ru
2-210	Эксикатор мм, уп.1 шт	Лабораторная посуда и принадлежности из стекла/Эксикаторы без крана	2342	10004802	https://minimed.ru/product/2666/	minimed.ru
2-210	Эксикатор мм,темное стекло, уп. 1 шт	Лабораторная посуда и принадлежности из стекла/Эксикаторы без крана	3601	10004820	https://minimed.ru/product/2667/	minimed.ru
2-240	Эксикатор мм, уп.1 шт	Лабораторная посуда и принадлежности из стекла/Эксикаторы без крана	3468	10004804	https://minimed.ru/product/2668/	minimed.ru
2-240	Эксикатор мм,темное стекло, уп. 1 шт	Лабораторная посуда и принадлежности из стекла/Эксикаторы без крана	6464	10004821	https://minimed.ru/product/2669/	minimed.ru
2-300	Эксикатор мм, уп.1 шт	Лабораторная посуда и принадлежности из стекла/Эксикаторы без крана	4751	10004816	https://minimed.ru/product/2670/	minimed.ru
2-300	Эксикатор мм,темное стекло,уп.1 шт.	Лабораторная посуда и принадлежности из стекла/Эксикаторы без крана	8270	10004822	https://minimed.ru/product/3670/	minimed.ru
2-400	Эксикатор мм, уп.1 шт	Лабораторная посуда и принадлежности из стекла/Эксикаторы без крана	16067	10004834	https://minimed.ru/product/3671/	minimed.ru
2-400	Эксикатор мм,темное стекло, уп.1 шт	Лабораторная посуда и принадлежности из стекла/Эксикаторы без крана	27501	10004832	https://minimed.ru/product/3672/	minimed.ru

Лабораторная посуда и принадлежности из стекла/Эксикаторы вакуумные с краном						
1-150	Эксикатор вакуумный с краном мм,темное стекло,уп.1/2шт.	Лабораторная посуда и принадлежности из стекла/Эксикаторы вакуумные с краном	3437	10004825	https://minimed.ru/product/2998/	minimed.ru
1-150	Эксикатор вакуумный с краном мм, уп.1/2 шт	Лабораторная посуда и принадлежности из стекла/Эксикаторы вакуумные с краном	2003	10004808	https://minimed.ru/product/2674/	minimed.ru
1-180	Эксикатор вакуумный с краном мм,темное стекло, уп.1/2 шт	Лабораторная посуда и принадлежности из стекла/Эксикаторы вакуумные с краном	3918	10004826	https://minimed.ru/product/2999/	minimed.ru
1-180	Эксикатор вакуумный с краном мм, уп.1/2 шт	Лабораторная посуда и принадлежности из стекла/Эксикаторы вакуумные с краном	2558	10004805	https://minimed.ru/product/2675/	minimed.ru
1-210	Эксикатор вакуумный с краном мм,темное стекло,уп.1 шт.	Лабораторная посуда и принадлежности из стекла/Эксикаторы вакуумные с краном	5996	10004827	https://minimed.ru/product/3000/	minimed.ru
1-210	Эксикатор вакуумный с краном мм, уп.1 шт.	Лабораторная посуда и принадлежности из стекла/Эксикаторы вакуумные с краном	3563	10004806	https://minimed.ru/product/2676/	minimed.ru
1-240	Эксикатор вакуумный с краном мм,темное стекло,уп.1 шт.	Лабораторная посуда и принадлежности из стекла/Эксикаторы вакуумные с краном	9068	10004828	https://minimed.ru/product/3039/	minimed.ru
1-240	Эксикатор вакуумный с краном мм, уп.1 шт	Лабораторная посуда и принадлежности из стекла/Эксикаторы вакуумные с краном	5450	10004810	https://minimed.ru/product/2677/	minimed.ru
1-300	Эксикатор вакуумный с краном мм,темное стекло,уп.1 шт.	Лабораторная посуда и принадлежности из стекла/Эксикаторы вакуумные с краном	13078	10004829	https://minimed.ru/product/3001/	minimed.ru
1-300	Эксикатор вакуумный с краном мм, уп.1 шт	Лабораторная посуда и принадлежности из стекла/Эксикаторы вакуумные с краном	7971	10004823	https://minimed.ru/product/2678/	minimed.ru

Лабораторная посуда и принадлежности из стекла/Крышки к эксикаторам						
	Крышка к эксикатору 150 мм, уп.1/2шт.	Лабораторная посуда и принадлежности из стекла/Крышки к эксикаторам	869	10004811	https://minimed.ru/product/973/	minimed.ru
	Крышка к эксикатору 180 мм,уп.1/2шт.	Лабораторная посуда и принадлежности из стекла/Крышки к эксикаторам	1175	10004812	https://minimed.ru/product/974/	minimed.ru
	Крышка к эксикатору 210 мм,уп.1/2шт.	Лабораторная посуда и принадлежности из стекла/Крышки к эксикаторам	1606	10004813	https://minimed.ru/product/975/	minimed.ru
	Крышка к эксикатору 240 мм,уп.1/2/3шт.	Лабораторная посуда и принадлежности из стекла/Крышки к эксикаторам	2044	10004814	https://minimed.ru/product/976/	minimed.ru
	Крышка к эксикатору 300 мм,уп.1/2шт.	Лабораторная посуда и принадлежности из стекла/Крышки к эксикаторам	2731	10004830	https://minimed.ru/product/977/	minimed.ru

Лабораторная посуда и принадлежности из стекла/Элементы прямые с двумя кернами						
ЭП2-14/23-120	Элемент	Лабораторная посуда и принадлежности из стекла/Элементы прямые с двумя кернами	482	10004905	https://minimed.ru/product/3674/	minimed.ru
ЭП2-14/23-75	Элемент	Лабораторная посуда и принадлежности из стекла/Элементы прямые с двумя кернами	482	10004900	https://minimed.ru/product/2681/	minimed.ru
ЭП2-29/32-165	Элемент	Лабораторная посуда и принадлежности из стекла/Элементы прямые с двумя кернами	783	10004906	https://minimed.ru/product/3675/	minimed.ru
ЭП2-29/32-85	Элемент	Лабораторная посуда и принадлежности из стекла/Элементы прямые с двумя кернами	783	10004901	https://minimed.ru/product/2682/	minimed.ru
ЭП2-29/32-95	Элемент	Лабораторная посуда и принадлежности из стекла/Элементы прямые с двумя кернами	783	10004907	https://minimed.ru/product/3676/	minimed.ru

Лабораторная посуда и принадлежности из стекла/Элементы прямые с двумя муфтами						
ЭП1-14/23-140	Элемент	Лабораторная посуда и принадлежности из стекла/Элементы прямые с двумя муфтами	711	10004902	https://minimed.ru/product/2679/	minimed.ru
ЭП1-29/32-185	Элемент,уп.100 шт	Лабораторная посуда и принадлежности из стекла/Элементы прямые с двумя муфтами	736	10004903	https://minimed.ru/product/2680/	minimed.ru

Лабораторная посуда и принадлежности из пластика/Банки для реактивов широкогорлые с делениями						
50 мл	Банка для реактивов, с дел.,широкогорлая, с крышкой, п/п, Kartell, уп.5 шт	Лабораторная посуда и принадлежности из пластика/Банки для реактивов широкогорлые с делениями	184	11001505	https://minimed.ru/product/307/	minimed.ru
100 мл	Банка для реактивов, с дел.,широкогорлая, с крышкой, п/п, Kartell, шт	Лабораторная посуда и принадлежности из пластика/Банки для реактивов широкогорлые с делениями	202	11001501	https://minimed.ru/product/308/	minimed.ru
250 мл	Банка для реактивов, с дел.,широкогорлая, с крышкой, п/п, Kartell, шт	Лабораторная посуда и принадлежности из пластика/Банки для реактивов широкогорлые с делениями	285	11001502	https://minimed.ru/product/309/	minimed.ru
500 мл	Банка для реактивов, с дел.,широкогорлая, с крышкой, п/п, Kartell, шт	Лабораторная посуда и принадлежности из пластика/Банки для реактивов широкогорлые с делениями	313	11001503	https://minimed.ru/product/310/	minimed.ru
1000 мл	Банка для реактивов, с дел.,широкогорлая, с крышкой, п/п, Kartell, шт	Лабораторная посуда и принадлежности из пластика/Банки для реактивов широкогорлые с делениями	570	11001504	https://minimed.ru/product/311/	minimed.ru
2000 мл	Банка для реактивов, с дел.,широкогорлая, с крышкой, п/п, Kartell, шт	Лабораторная посуда и принадлежности из пластика/Банки для реактивов широкогорлые с делениями	910	11001506	https://minimed.ru/product/312/	minimed.ru
50 мл	Банка для реактивов, с черной град., шир/горл, с крышкой, LAMAPLAST, уп.5 шт	Лабораторная посуда и принадлежности из пластика/Банки для реактивов широкогорлые с делениями	211	11001531	https://minimed.ru/product/313/	minimed.ru
100 мл	Банка д/реактивов, с черной град., шир/горл, с крышкой, п/п, LAMAPLAST, уп.5 шт	Лабораторная посуда и принадлежности из пластика/Банки для реактивов широкогорлые с делениями	179	11001532	https://minimed.ru/product/314/	minimed.ru
250 мл	Банка д/реактивов, с черной град., шир/горл, с крышкой, п/п, LAMAPLAST, шт	Лабораторная посуда и принадлежности из пластика/Банки для реактивов широкогорлые с делениями	232	11001533	https://minimed.ru/product/315/	minimed.ru
500 мл	Банка д/реактивов, с черной град., шир/горл, с крышкой, п/п, LAMAPLAST, шт	Лабораторная посуда и принадлежности из пластика/Банки для реактивов широкогорлые с делениями	298	11001534	https://minimed.ru/product/316/	minimed.ru
1000 мл	Банка д/реактивов 1 л, с черной град., шир/горл, с крышкой, п/п, LAMAPLAST, шт	Лабораторная посуда и принадлежности из пластика/Банки для реактивов широкогорлые с делениями	434	11001535	https://minimed.ru/product/317/	minimed.ru
2000 мл	Банка д/реактивов 2 л, с черной град., шир/горл, с крышкой, п/п, LAMAPLAST, шт	Лабораторная посуда и принадлежности из пластика/Банки для реактивов широкогорлые с делениями	1000	11001536	https://minimed.ru/product/318/	minimed.ru

Лабораторная посуда и принадлежности из пластика/Бутылка для промывки глаз, п/эт, Kartell						
500 мл	Бутылка для промывки глаз цельная, п/э, Кartell, шт	Лабораторная посуда и принадлежности из пластика/Бутылка для промывки глаз, п/эт, Kartell	1874	12009034	https://minimed.ru/product/378/	minimed.ru

Лабораторная посуда и принадлежности из пластика/Бутылки узкогорлые, градуированные						
50 мл	Бутылка градуированная, с узким горлом, с крышкой, п/п, Кartell, уп.10 шт	Лабораторная посуда и принадлежности из пластика/Бутылки узкогорлые, градуированные	166	12009031	https://minimed.ru/product/354/	minimed.ru
50 мл	Бутылка градуированная, с узким горлом, с крышкой, п/эт, LAMAPLAST, уп.10шт	Лабораторная посуда и принадлежности из пластика/Бутылки узкогорлые, градуированные	80	12009078	https://minimed.ru/product/355/	minimed.ru
100 мл	Бутылка градуированная, с узким горлом, с крышкой, п/п, Кartell, шт	Лабораторная посуда и принадлежности из пластика/Бутылки узкогорлые, градуированные	176	12009032	https://minimed.ru/product/356/	minimed.ru
125 мл	Бутылка градуированная, с узким горлом, с крышкой, п/эт, LAMAPLAST, уп.10шт	Лабораторная посуда и принадлежности из пластика/Бутылки узкогорлые, градуированные	92	12009079	https://minimed.ru/product/357/	minimed.ru
250 мл	Бутылка градуированная, с узким горлом, с крышкой, п/п, Кartell, шт	Лабораторная посуда и принадлежности из пластика/Бутылки узкогорлые, градуированные	258	11001511	https://minimed.ru/product/359/	minimed.ru
250 мл	Бутылка градуированная, с узким горлом, с крышкой, п/эт, LAMAPLAST, шт	Лабораторная посуда и принадлежности из пластика/Бутылки узкогорлые, градуированные	113	12009092	https://minimed.ru/product/360/	minimed.ru
250 мл	Бутылка градуированная, с узким горлом, с крышкой, п/эт,Кartell, шт	Лабораторная посуда и принадлежности из пластика/Бутылки узкогорлые, градуированные	122	11001509	https://minimed.ru/product/361/	minimed.ru
250 мл	Бутылка градуированная, с узким горлом, с крышкой, серая, п/эт, LAMAPLAST, шт	Лабораторная посуда и принадлежности из пластика/Бутылки узкогорлые, градуированные	141	11001529	https://minimed.ru/product/362/	minimed.ru
500 мл	Бутылка градуированная, с узким горлом, с крышкой, серая, п/эт, LAMAPLAST, шт	Лабораторная посуда и принадлежности из пластика/Бутылки узкогорлые, градуированные	143	11001546	https://minimed.ru/product/364/	minimed.ru
500 мл	Бутылка градуированная, с узким горлом, с крышкой, п/п, Кartell, шт	Лабораторная посуда и принадлежности из пластика/Бутылки узкогорлые, градуированные	290	11001512	https://minimed.ru/product/365/	minimed.ru
500 мл	Бутылка градуированная, с узким горлом, с крышкой, п/эт, LAMAPLAST, шт	Лабораторная посуда и принадлежности из пластика/Бутылки узкогорлые, градуированные	136	12009093	https://minimed.ru/product/366/	minimed.ru
500 мл	Бутылка градуированная, с узким горлом, с крышкой, п/эт, Кartell, шт	Лабораторная посуда и принадлежности из пластика/Бутылки узкогорлые, градуированные	150	11001510	https://minimed.ru/product/367/	minimed.ru
1000 мл	Бутылка градуированная, с узким горлом, с крышкой, п/п, Кartell, шт	Лабораторная посуда и принадлежности из пластика/Бутылки узкогорлые, градуированные	515	11001513	https://minimed.ru/product/369/	minimed.ru
1000 мл	Бутылка градуированная, с узким горлом, с крышкой, п/эт, LAMAPLAST, шт	Лабораторная посуда и принадлежности из пластика/Бутылки узкогорлые, градуированные	221	12009083	https://minimed.ru/product/370/	minimed.ru
1000 мл	Бутылка градуированная, с широким горлом, с крышкой, п/эт, Кartell, шт	Лабораторная посуда и принадлежности из пластика/Бутылки узкогорлые, градуированные	212	12007882	https://minimed.ru/product/371/	minimed.ru
1000 мл	Бутылка градуированная, с узким горлом, серая, с крышкой, ПЭВД, LAMAPLAST, шт	Лабораторная посуда и принадлежности из пластика/Бутылки узкогорлые, градуированные	258	12009249	https://minimed.ru/product/3264/	minimed.ru
2000 мл	Бутылка градуированная, с узким горлом, с крышкой, п/эт, LAMAPLAST, шт	Лабораторная посуда и принадлежности из пластика/Бутылки узкогорлые, градуированные	402	12009170	https://minimed.ru/product/372/	minimed.ru
2000 мл	Бутылка градуированная, с широким горлом, с крышкой, п/эт, Кartell, шт	Лабораторная посуда и принадлежности из пластика/Бутылки узкогорлые, градуированные	420	11001527	https://minimed.ru/product/373/	minimed.ru
2000 мл	Бутылка градуированная, с узким горлом, серая, с крышкой, ПЭВД, LAMAPLAST, шт	Лабораторная посуда и принадлежности из пластика/Бутылки узкогорлые, градуированные	481	12009253	https://minimed.ru/product/3309/	minimed.ru
5000 мл	Бутыль толстостенная с узким горлом 5 л с крышкой, ПЭНД, Kartell, шт	Лабораторная посуда и принадлежности из пластика/Бутылки узкогорлые, градуированные	1625	12009011	https://minimed.ru/product/395/	minimed.ru
5000 мл	Бутыль толстостенная с широким горлом 5 л с крышкой, ПЭНД, Kartell, шт	Лабораторная посуда и принадлежности из пластика/Бутылки узкогорлые, градуированные	1747	12009051	https://minimed.ru/product/397/	minimed.ru
10000 мл	Бутыль толстостенная с узким горлом 10 л с крышкой, ПЭНД, Kartell, шт	Лабораторная посуда и принадлежности из пластика/Бутылки узкогорлые, градуированные	2299	12009010	https://minimed.ru/product/396/	minimed.ru
10000 мл	Бутыль толстостенная 10 л с широким горлом, с крышкой, ПЭНД, Kartell, шт	Лабораторная посуда и принадлежности из пластика/Бутылки узкогорлые, градуированные	2667	12009131	https://minimed.ru/product/398/	minimed.ru
15000 мл	Бутыль толстостенная 15 л с широким горлом, с крышкой, ПЭНД, LAMAPLAST, уп 1шт	Лабораторная посуда и принадлежности из пластика/Бутылки узкогорлые, градуированные	2787	12009262	https://minimed.ru/product/4243/	minimed.ru
20000 мл	Бутыль толстостенная 20 л с узким горлом, с крышкой, ПЭНД, LAMAPLAST, шт	Лабораторная посуда и принадлежности из пластика/Бутылки узкогорлые, градуированные	3279	12008130	https://minimed.ru/product/3862/	minimed.ru

Лабораторная посуда и принадлежности из пластика/Емкости для общелабораторного применения (бутылки квадратные градуированные), с завинчивающейся крышкой, ПЭВП						
50 мл	Емкость для общелабораторного применения (бутылка квадратная) ., с дел., ПЭВП, уп.10/400 шт, Aptaca	Лабораторная посуда и принадлежности из пластика/Емкости для общелабораторного применения (бутылки квадратные градуированные), с завинчивающейся крышкой, ПЭВП	82	11001530	https://minimed.ru/product/529/	minimed.ru
50 мл	Емкость для общелабораторного применения-бутылка квадратная, с дел, с крышкой, ПЭВП, LAMAPLASТ, уп.10шт	Лабораторная посуда и принадлежности из пластика/Емкости для общелабораторного применения (бутылки квадратные градуированные), с завинчивающейся крышкой, ПЭВП	79	11001570	https://minimed.ru/product/530/	minimed.ru
100 мл	Емкость для общелабораторного применения (бутылка квадратная) ., с дел., ПЭВП, уп.10/600 шт, Aptaca	Лабораторная посуда и принадлежности из пластика/Емкости для общелабораторного применения (бутылки квадратные градуированные), с завинчивающейся крышкой, ПЭВП	95	11001514	https://minimed.ru/product/531/	minimed.ru
100 мл	Емкость для общелабораторного применения-бутылка квадратная, с дел, с крышкой, ПЭВП, LAMAPLASТ, уп.10шт	Лабораторная посуда и принадлежности из пластика/Емкости для общелабораторного применения (бутылки квадратные градуированные), с завинчивающейся крышкой, ПЭВП	85	11001571	https://minimed.ru/product/532/	minimed.ru
250 мл	Емкость для общелабораторного применения (бутылка квадратная) ., с дел., ПЭВП, уп.1/50/300 шт, Aptaca	Лабораторная посуда и принадлежности из пластика/Емкости для общелабораторного применения (бутылки квадратные градуированные), с завинчивающейся крышкой, ПЭВП	133	11001515	https://minimed.ru/product/533/	minimed.ru
250 мл	Емкость для общелабораторного применения квадратная, с дел, с крышкой, ПЭВП, LAMAPLASТ, шт	Лабораторная посуда и принадлежности из пластика/Емкости для общелабораторного применения (бутылки квадратные градуированные), с завинчивающейся крышкой, ПЭВП	113	11001572	https://minimed.ru/product/534/	minimed.ru
500 мл	Емкость для общелабораторного применения (бутылка квадратная) ., с дел, ПЭВП, у.1/25/150 шт, Aptaca	Лабораторная посуда и принадлежности из пластика/Емкости для общелабораторного применения (бутылки квадратные градуированные), с завинчивающейся крышкой, ПЭВП	167	11001516	https://minimed.ru/product/535/	minimed.ru
500 мл	Емкость для общелабораторного применения квадратная, с дел, с крышкой, ПЭВП, LAMAPLASТ, шт	Лабораторная посуда и принадлежности из пластика/Емкости для общелабораторного применения (бутылки квадратные градуированные), с завинчивающейся крышкой, ПЭВП	150	11001573	https://minimed.ru/product/536/	minimed.ru
1000 мл	Емкость для общелабораторного применения (бутылка квадратная) ., с дел., ПЭВП, уп.1/20/80 шт, Aptaca	Лабораторная посуда и принадлежности из пластика/Емкости для общелабораторного применения (бутылки квадратные градуированные), с завинчивающейся крышкой, ПЭВП	246	11001517	https://minimed.ru/product/549/	minimed.ru
1000 мл	Емкость для общелабораторного применения квадратная, с дел, с крышкой, ПЭВП, LAMAPLASТ, шт	Лабораторная посуда и принадлежности из пластика/Емкости для общелабораторного применения (бутылки квадратные градуированные), с завинчивающейся крышкой, ПЭВП	219	11001574	https://minimed.ru/product/550/	minimed.ru
2000 мл	Емкость для общелабораторного применения (бутылка квадратная) ., с дел., ПЭВП, у.1/20/40 шт, Aptaca	Лабораторная посуда и принадлежности из пластика/Емкости для общелабораторного применения (бутылки квадратные градуированные), с завинчивающейся крышкой, ПЭВП	461	11001518	https://minimed.ru/product/551/	minimed.ru
2000 мл	Емкость для общелабораторного применения квадратная, с дел, с крышкой, ПЭВП, LAMAPLASТ, шт	Лабораторная посуда и принадлежности из пластика/Емкости для общелабораторного применения (бутылки квадратные градуированные), с завинчивающейся крышкой, ПЭВП	391	11001575	https://minimed.ru/product/552/	minimed.ru

Лабораторная посуда и принадлежности из пластика/Бутылки-дозаторы град. объема, ПЭ/ПМП, Kartell						
250 мл	Бутылка-дозатор град. объема п/э с крышкой и контейнером ПМП 25мл, Kartell, шт	Лабораторная посуда и принадлежности из пластика/Бутылки-дозаторы град. объема, ПЭ/ПМП, Kartell	1074	11001537	https://minimed.ru/product/379/	minimed.ru
250 мл	Бутылка-дозатор град. объема п/э с крышкой и контейнером ПМП 50 мл, Kartell, шт	Лабораторная посуда и принадлежности из пластика/Бутылки-дозаторы град. объема, ПЭ/ПМП, Kartell	1350	11001540	https://minimed.ru/product/380/	minimed.ru
500 мл	Бутылка-дозатор град. объема п/э с крышкой и контейнером ПМП 25мл, Kartell, шт	Лабораторная посуда и принадлежности из пластика/Бутылки-дозаторы град. объема, ПЭ/ПМП, Kartell	1080	11001538	https://minimed.ru/product/381/	minimed.ru
500 мл	Бутылка-дозатор град. объема п/э с крышкой и контейнером ПМП 50 мл, Kartell, шт	Лабораторная посуда и принадлежности из пластика/Бутылки-дозаторы град. объема, ПЭ/ПМП, Kartell	1374	11001541	https://minimed.ru/product/382/	minimed.ru
1000 мл	Бутылка-дозатор град. объема п/э с крышкой и контейнером ПМП 25мл, Kartell, шт	Лабораторная посуда и принадлежности из пластика/Бутылки-дозаторы град. объема, ПЭ/ПМП, Kartell	1002	11001539	https://minimed.ru/product/383/	minimed.ru
1000 мл	Бутылка-дозатор град. объема п/э с крышкой и контейнером ПМП 50 мл, Kartell, шт	Лабораторная посуда и принадлежности из пластика/Бутылки-дозаторы град. объема, ПЭ/ПМП, Kartell	1504	11001542	https://minimed.ru/product/384/	minimed.ru

Лабораторная посуда и принадлежности из пластика/Емкости для общелабораторного применения (бутыли с краном), с завинчивающейся крышкой и ручкой, ПЭВП						
5 л	Бутыль с краном 5л, ПЭВП, с завинч. крышкой, с ручкой, LAMAPLAST, шт	Лабораторная посуда и принадлежности из пластика/Емкости для общелабораторного применения (бутыли с краном), с завинчивающейся крышкой и ручкой, ПЭВП	1645	11001544	https://minimed.ru/product/386/	minimed.ru
10 л	Бутыль с краном 10л, ПЭВП, с завинч. крышкой, с ручкой, LAMAPLAST, шт	Лабораторная посуда и принадлежности из пластика/Емкости для общелабораторного применения (бутыли с краном), с завинчивающейся крышкой и ручкой, ПЭВП	2115	11001545	https://minimed.ru/product/388/	minimed.ru
15л	Бутыль с краном, ПЭВП, с завинч. крышкой, с ручкой, LAMAPLAST, шт	Лабораторная посуда и принадлежности из пластика/Емкости для общелабораторного применения (бутыли с краном), с завинчивающейся крышкой и ручкой, ПЭВП	2828	11001411	https://minimed.ru/product/389/	minimed.ru
20 л	Бутыль с краном 20л, ПЭВП, с завинч. крышкой, с ручкой, LAMAPLAST, шт	Лабораторная посуда и принадлежности из пластика/Емкости для общелабораторного применения (бутыли с краном), с завинчивающейся крышкой и ручкой, ПЭВП	3508	11001412	https://minimed.ru/product/390/	minimed.ru
25 л	Бутыль 25л с краном, ПЭВП, с завинч. крышкой, с двумя ручками, LAMAPLAST, шт	Лабораторная посуда и принадлежности из пластика/Емкости для общелабораторного применения (бутыли с краном), с завинчивающейся крышкой и ручкой, ПЭВП	4762	11001413	https://minimed.ru/product/392/	minimed.ru
50 л	Бутыль 50л с краном, ПЭВП, с завинч. крышкой, с двумя ручками, LAMAPLAST, шт	Лабораторная посуда и принадлежности из пластика/Емкости для общелабораторного применения (бутыли с краном), с завинчивающейся крышкой и ручкой, ПЭВП	6475	11001414	https://minimed.ru/product/394/	minimed.ru
	Кран для бутылей, Aptaca	Лабораторная посуда и принадлежности из пластика/Емкости для общелабораторного применения (бутыли с краном), с завинчивающейся крышкой и ручкой, ПЭВП	555	11001543	https://minimed.ru/product/924/	minimed.ru

Лабораторная посуда и принадлежности из пластика/Ванночки для реактивов пластиковые, МиниМед						
30 мл	Ванночка для многоканальных дозаторов по ТУ 22.29.29-026-29508133-2017, белая, п/с, уп.15 шт / кор.300шт.	Лабораторная посуда и принадлежности из пластика/Ванночки для реактивов пластиковые, МиниМед	50	12006101	https://minimed.ru/product/411/	minimed.ru
60 мл	Ванночка для многоканальных дозаторов по ТУ 22.29.29-026-29508133-2017, белая, п/с, уп.5/30шт	Лабораторная посуда и принадлежности из пластика/Ванночки для реактивов пластиковые, МиниМед	70	12006102	https://minimed.ru/product/413/	minimed.ru

Лабораторная посуда и принадлежности из пластика/Воронки лабораторные, п/п						
	Воронка диам. 56 мм, диаметр стебля 10,4 мм,п/п, уп.1шт	Лабораторная посуда и принадлежности из пластика/Воронки лабораторные, п/п	69	11000031	https://minimed.ru/product/443/	minimed.ru
В-60-58	Воронка диам. 60 мм, высота 105 мм,п/п	Лабораторная посуда и принадлежности из пластика/Воронки лабораторные, п/п	87	11000030	https://minimed.ru/product/444/	minimed.ru
В-75-75	Воронка диам. 75 мм, высота 138 мм, п/п, уп.1/300 шт	Лабораторная посуда и принадлежности из пластика/Воронки лабораторные, п/п	108	11000013	https://minimed.ru/product/445/	minimed.ru
В-90-86	Воронка диам. 90 мм,высота 155 мм,п/п, уп.1/250 шт.	Лабораторная посуда и принадлежности из пластика/Воронки лабораторные, п/п	151	11000014	https://minimed.ru/product/446/	minimed.ru
В-120-102	Воронка диам.120 мм,высота 185 мм,п/п,уп.1/150 шт.	Лабораторная посуда и принадлежности из пластика/Воронки лабораторные, п/п	164	11000015	https://minimed.ru/product/447/	minimed.ru
В-150-105	Воронка диам.150 мм, высота 220 мм, п/п, уп.1/80 шт.	Лабораторная посуда и принадлежности из пластика/Воронки лабораторные, п/п	244	11000016	https://minimed.ru/product/448/	minimed.ru
В-180-67	Воронка лабораторная диаметр 180мм, высота стебля d-67мм, ПЭВП, LAMAPLAST, шт	Лабораторная посуда и принадлежности из пластика/Воронки лабораторные, п/п	402	11000026	https://minimed.ru/product/449/	minimed.ru
В-220-80	Воронка лабораторная диаметр 220мм, высота стебля d-80мм, ПЭВП, LAMAPLAST, шт	Лабораторная посуда и принадлежности из пластика/Воронки лабораторные, п/п	508	11000027	https://minimed.ru/product/450/	minimed.ru

Лабораторная посуда и принадлежности из пластика/Воронки для порошков, п/п, Kartell						
L-18	Воронка для порошков диам. 60мм, стебель d-15мм, мм,п/п, Kartell, шт	Лабораторная посуда и принадлежности из пластика/Воронки для порошков, п/п, Kartell	179	12009310	https://minimed.ru/product/451/	minimed.ru
L-22	Воронка для порошков диам. 80мм, стебель d-15мм, мм, п/п, Kartell, шт	Лабораторная посуда и принадлежности из пластика/Воронки для порошков, п/п, Kartell	380	12009315	https://minimed.ru/product/452/	minimed.ru
L-24	Воронка для порошков диам.100мм, стебель d-25мм, мм, п/п, Kartell, шт	Лабораторная посуда и принадлежности из пластика/Воронки для порошков, п/п, Kartell	478	12009316	https://minimed.ru/product/453/	minimed.ru
L-27	Воронка для порошков диам.120мм, стебель d-30мм, мм, п/п, Kartell, шт	Лабораторная посуда и принадлежности из пластика/Воронки для порошков, п/п, Kartell	561	12009317	https://minimed.ru/product/454/	minimed.ru
L-39	Воронка для порошков диам.150мм, стебель d-36мм, мм, п/п, Kartell, шт	Лабораторная посуда и принадлежности из пластика/Воронки для порошков, п/п, Kartell	609	12009318	https://minimed.ru/product/455/	minimed.ru
L-48	Воронка для порошков диам.180мм, стебель d-43мм, мм, п/п, Kartell, шт	Лабораторная посуда и принадлежности из пластика/Воронки для порошков, п/п, Kartell	752	12009319	https://minimed.ru/product/456/	minimed.ru

Лабораторная посуда и принадлежности из пластика/Воронки с ребрами, п/п, LAMAPLAST						
L-40	Воронка с ребрами диам. 40мм, стебель d-6мм, мм,п/п, LAMAPLAST, уп.10шт	Лабораторная посуда и принадлежности из пластика/Воронки с ребрами, п/п, LAMAPLAST	141	11000020	https://minimed.ru/product/464/	minimed.ru
L-60	Воронка с ребрами диам. 60мм, стебель d-8мм, мм,п/п, LAMAPLAST, шт	Лабораторная посуда и принадлежности из пластика/Воронки с ребрами, п/п, LAMAPLAST	260	11000021	https://minimed.ru/product/465/	minimed.ru
L-80	Воронка с ребрами диам. 80мм, стебель d-8мм, мм,п/п, LAMAPLAST, шт	Лабораторная посуда и принадлежности из пластика/Воронки с ребрами, п/п, LAMAPLAST	309	11000022	https://minimed.ru/product/466/	minimed.ru
L-100	Воронка с ребрами диам.100, стебель d-10мм, мм,п/п, LAMAPLAST, шт	Лабораторная посуда и принадлежности из пластика/Воронки с ребрами, п/п, LAMAPLAST	385	11000023	https://minimed.ru/product/467/	minimed.ru

Лабораторная посуда и принадлежности из пластика/Держатели для воронок пластиковые, Kartell						
	Держатель для воронок от 25мм до 170мм, двойной, п/п, Kartell, шт	Лабораторная посуда и принадлежности из пластика/Держатели для воронок пластиковые, Kartell	2069	12009091	https://minimed.ru/product/491/	minimed.ru
	Держатель для воронок от 25мм до 170мм, одинарный, п/п, Kartell, шт	Лабораторная посуда и принадлежности из пластика/Держатели для воронок пластиковые, Kartell	1573	12009094	https://minimed.ru/product/492/	minimed.ru
	Держатель для делительных воронок от 125мм до 1000мм в форме полукольца, п/п, Kartell, шт	Лабораторная посуда и принадлежности из пластика/Держатели для воронок пластиковые, Kartell	1016	12009090	https://minimed.ru/product/493/	minimed.ru

Лабораторная посуда и принадлежности из пластика/Пластиковые емкости - ЕЛАТ						
1-02-2	Емкость-контейнер полимерный п/п для дезинфекции и предстерилизационной обработки мед. изделий (с карманом) ЕДПО-	Лабораторная посуда и принадлежности из пластика/Пластиковые емкости - ЕЛАТ	1008	11001132	https://minimed.ru/product/537/	minimed.ru
3-02-2	Емкость-контейнер полимерный п/п для дезинфекции и предстерилизационной обработки мед. изделий (с карманом) ЕДПО-	Лабораторная посуда и принадлежности из пластика/Пластиковые емкости - ЕЛАТ	1245	11001133	https://minimed.ru/product/538/	minimed.ru
5-02-2	Емкость-контейнер полимерный п/п для дезинфекции и предстерилизационной обработки мед. изделий (с карманом) ЕДПО-	Лабораторная посуда и принадлежности из пластика/Пластиковые емкости - ЕЛАТ	1890	11001134	https://minimed.ru/product/539/	minimed.ru
ЕДПО-10-02-2	Емкость-контейнер полимерный п/п для дезинфекции и предстерилизационной обработки мед. изделий (с карманом)	Лабораторная посуда и принадлежности из пластика/Пластиковые емкости - ЕЛАТ	3330	11001135	https://minimed.ru/product/540/	minimed.ru
	Емкость для хранения термометров ЕХТ "ЕЛАТ"	Лабораторная посуда и принадлежности из пластика/Пластиковые емкости - ЕЛАТ	364	11001106	https://minimed.ru/product/553/	minimed.ru
ЕКпДХ-0	Емкость-контейнер для дезинфекции мелких стомат.инструментов растворами химич. средств, полистирол, 0,1 л ЕКп "ЕЛАТ"	Лабораторная посуда и принадлежности из пластика/Пластиковые емкости - ЕЛАТ	390	11001127	https://minimed.ru/product/559/	minimed.ru
ЕКаДХ-0	Емкость-контейнер для дезинфекции мелких стомат.инструментов растворами химич. средств, материал-армлен, 0,1л, автоклавируемый ЕКа "ЕЛАТ"	Лабораторная посуда и принадлежности из пластика/Пластиковые емкости - ЕЛАТ	485	11001128	https://minimed.ru/product/560/	minimed.ru
КДХТ-01	Контейнер полимерный для химической дезинфекции и транспортировки отработанных медицинских материалов и инструментов "ЕЛАТ"	Лабораторная посуда и принадлежности из пластика/Пластиковые емкости - ЕЛАТ	2250	11001129	https://minimed.ru/product/561/	minimed.ru
КПБ-01	Контейнер для переноса баночек для анализов (без баночек), ЕЛАТ	Лабораторная посуда и принадлежности из пластика/Пластиковые емкости - ЕЛАТ	3450	12004527	https://minimed.ru/product/839/	minimed.ru
УКТП-01	Укладка-контейнер для транспортировки пробирок и других малогабаритных изделий медицинского назначения ЕЛАТ (вариант1)	Лабораторная посуда и принадлежности из пластика/Пластиковые емкости - ЕЛАТ	4000	12004524	https://minimed.ru/product/3066/	minimed.ru
УКТП-01	Укладка-контейнер для транспортировки пробирок и других малогабаритных изделий медицинского назначения ЕЛАТ (вариант2)	Лабораторная посуда и принадлежности из пластика/Пластиковые емкости - ЕЛАТ	4230	12004516	https://minimed.ru/product/3067/	minimed.ru

Лабораторная посуда и принадлежности из пластика/Емкости для взвешивания пластиковые						
5 мл, 55x35 мм, п/с, ромбовид., цвет белый	Емкость для взвешивания V= 5 мл, 55*35 мм, ромбовидная, цвет белый, п/с, уп.250шт/кор.4уп./тр.к.20уп.	Лабораторная посуда и принадлежности из пластика/Емкости для взвешивания пластиковые	910	12007993	https://minimed.ru/product/3965/	minimed.ru
5мл, 55x35мм, п/с, ромбовидн., цвет черный	Емкость для взвешивания V= 5 мл, 55*35 мм, ромбовидная, цвет черный, п/с, уп.250шт/кор.4уп./тр.к.20уп.	Лабораторная посуда и принадлежности из пластика/Емкости для взвешивания пластиковые	952	12007996	https://minimed.ru/product/3966/	minimed.ru
7мл, 44x44мм, п/с, прямоугольн., цвет белый	Емкость для взвешивания V= 7 мл, 44*44 мм, прямоугольная, цвет белый, п/с, уп.250 шт/кор4уп./тр.к.100уп.	Лабораторная посуда и принадлежности из пластика/Емкости для взвешивания пластиковые	910	12007987	https://minimed.ru/product/3968/	minimed.ru
7мл, 44x44мм, п/с, прямоуг., цвет черный	Емкость для взвешивания V= 7 мл, 44*44 мм, прямоугольная, цвет черный, п/с, уп.250 шт/кор.4уп./тр.к.100уп	Лабораторная посуда и принадлежности из пластика/Емкости для взвешивания пластиковые	952	12007990	https://minimed.ru/product/3967/	minimed.ru
30мл, 85x65мм, п/с, ромбовидн., цвет белый	Емкость для взвешивания V= 30 мл, 85*65 мм, ромбовидная, цвет белый, п/с, уп.250 шт/кор.2уп./тр.к.20уп.	Лабораторная посуда и принадлежности из пластика/Емкости для взвешивания пластиковые	1324	12007994	https://minimed.ru/product/3969/	minimed.ru
30мл, 85x65 мм, п/с, ромбовидн., цвет черный	Емкость для взвешивания V= 30 мл, 85*65 мм, ромбовидная, цвет черный, п/с, уп.250 шт/кор.2уп./тр.к.20уп.	Лабораторная посуда и принадлежности из пластика/Емкости для взвешивания пластиковые	1407	12007997	https://minimed.ru/product/3970/	minimed.ru
100мл, 80x80мм, п/с, прямоугольн., цвет белый	Емкость для взвешивания V= 100 мл, 80*80 мм, прямоугольная, цвет белый, п/с, уп.250 шт/кор.4уп./тр.к.40уп.	Лабораторная посуда и принадлежности из пластика/Емкости для взвешивания пластиковые	2152	12007988	https://minimed.ru/product/3973/	minimed.ru
100мл, 80x80мм, п/с, прямоугольн., цвет черный	Емкость для взвешивания V= 100 мл, 80*80 мм, прямоугольная, цвет черный, п/с, уп.250 шт/кор.4уп./тр.к.40уп.	Лабораторная посуда и принадлежности из пластика/Емкости для взвешивания пластиковые	2235	12007991	https://minimed.ru/product/3974/	minimed.ru
100мл, 125x100мм, п/с, ромбовидн., цвет белый	Емкость для взвешивания V= 100 мл, 125*100 мм, ромбовидная, цвет белый, п/с, уп.125 шт/кор.2уп./тр.кор. 12уп.	Лабораторная посуда и принадлежности из пластика/Емкости для взвешивания пластиковые	1821	12007995	https://minimed.ru/product/3971/	minimed.ru
100мл, 125x100мм, п/с, ромбовидн., цвет черный	Емкость для взвешивания V= 100 мл, 125*100 мм, ромбовидная, цвет черный, п/с, уп.125 шт/кор.2уп./тр.к.12уп.	Лабораторная посуда и принадлежности из пластика/Емкости для взвешивания пластиковые	2069	12007998	https://minimed.ru/product/3972/	minimed.ru
250мл, 140x140мм, п/с, прямоугольн., цвет белый	Емкость для взвешивания V= 250 мл, 140*140 мм, прямоугольная, цвет белый, п/с,уп.250 шт/кор.4уп./тр.к16уп	Лабораторная посуда и принадлежности из пластика/Емкости для взвешивания пластиковые	4883	12007989	https://minimed.ru/product/3976/	minimed.ru
250мл, 140x140мм, п/с, прямоугольн., цвет черный	Емкость для взвешивания V= 250 мл, 140*140 мм, прямоугольная, цвет черный, п/с, уп.250 шт/кор.4уп./тр.к16уп	Лабораторная посуда и принадлежности из пластика/Емкости для взвешивания пластиковые	5215	12007992	https://minimed.ru/product/3975/	minimed.ru

Лабораторная посуда и принадлежности из пластика/Зажимы для бюреток, п/п, Greetmed						
	Зажим для бюреток на 1 место, АБС-пластик, инд.уп./100 шт	Лабораторная посуда и принадлежности из пластика/Зажимы для бюреток, п/п, Greetmed	683	11001702	https://minimed.ru/product/571/	minimed.ru
	Зажим для бюреток на 2 места, АБС-пластик, Greetmed	Лабораторная посуда и принадлежности из пластика/Зажимы для бюреток, п/п, Greetmed	774	11001703	https://minimed.ru/product/572/	minimed.ru

Лабораторная посуда и принадлежности из пластика/Зажимы для конических переходников						
	Зажим для конических переходников 10/19, ПОМ, Kartell, уп.10 шт	Лабораторная посуда и принадлежности из пластика/Зажимы для конических переходников	134	11001550	https://minimed.ru/product/573/	minimed.ru
	Зажим для конических переходников 10/19, ПОМ, инд.уп.	Лабораторная посуда и принадлежности из пластика/Зажимы для конических переходников	58	11001557	https://minimed.ru/product/3633/	minimed.ru
	Зажим для конических переходников 14/23, ПОМ, инд.уп.	Лабораторная посуда и принадлежности из пластика/Зажимы для конических переходников	58	11001558	https://minimed.ru/product/3634/	minimed.ru
	Зажим для конических переходников 19/26, ПОМ, инд.уп.	Лабораторная посуда и принадлежности из пластика/Зажимы для конических переходников	58	11001559	https://minimed.ru/product/3635/	minimed.ru
	Зажим для конических переходников 24/29, ПОМ, инд.уп.	Лабораторная посуда и принадлежности из пластика/Зажимы для конических переходников	87	11001563	https://minimed.ru/product/3636/	minimed.ru
	Зажим для конических переходников 29/32, ПОМ, инд.уп.	Лабораторная посуда и принадлежности из пластика/Зажимы для конических переходников	87	11001564	https://minimed.ru/product/3637/	minimed.ru
	Зажим для конических переходников 34/35, ПОМ, Kartell, уп.10шт	Лабораторная посуда и принадлежности из пластика/Зажимы для конических переходников	184	11001555	https://minimed.ru/product/578/	minimed.ru
	Зажим для конических переходников 34/35, ПОМ, инд.уп.	Лабораторная посуда и принадлежности из пластика/Зажимы для конических переходников	99	11001565	https://minimed.ru/product/3638/	minimed.ru
	Зажим для конических переходников 45/40, ПОМ, Kartell, уп.1шт	Лабораторная посуда и принадлежности из пластика/Зажимы для конических переходников	326	11001556	https://minimed.ru/product/579/	minimed.ru
	Зажим для конических переходников 45/40, ПОМ, инд.уп.	Лабораторная посуда и принадлежности из пластика/Зажимы для конических переходников	240	11001566	https://minimed.ru/product/3639/	minimed.ru

Лабораторная посуда и принадлежности из пластика/Камера для подсчёта клеток в биологических образцах (мочи), Aptaca						
	Камера для подсчёта клеток в биологических образцах (мочи), (слайд-планшет), уп.100/1000 шт, Aptaсa	Лабораторная посуда и принадлежности из пластика/Камера для подсчёта клеток в биологических образцах (мочи), Aptaca	109	12011400	https://minimed.ru/product/601/	minimed.ru
	Камера для подсчёта частиц в биологических образцах, ПММА, (слайд-планшет), уп.100/1000 шт, Aptaсa	Лабораторная посуда и принадлежности из пластика/Камера для подсчёта клеток в биологических образцах (мочи), Aptaca	87	12011402	https://minimed.ru/product/4306/	minimed.ru

Лабораторная посуда и принадлежности из пластика/Капельницы, п/эт						
	Капельница с пипеткой типа Ранвье, 50 мл,п/эт, Kartell, уп.10 шт	Лабораторная посуда и принадлежности из пластика/Капельницы, п/эт	332	11001202	https://minimed.ru/product/613/	minimed.ru
	Капельница с пипеткой типа Ранвье, 100 мл,п/эт, Kartell, шт	Лабораторная посуда и принадлежности из пластика/Капельницы, п/эт	349	11001203	https://minimed.ru/product/614/	minimed.ru
	Капельница с пипеткой типа Ранвье, 250 мл,п/эт, Kartell, шт	Лабораторная посуда и принадлежности из пластика/Капельницы, п/эт	441	11001205	https://minimed.ru/product/615/	minimed.ru
	Капельница с пипеткой типа Ранвье, 500 мл, п/эт, Kartell, шт	Лабораторная посуда и принадлежности из пластика/Капельницы, п/эт	528	11001204	https://minimed.ru/product/616/	minimed.ru
	Капельница с пипеткой типа Ранвье,1000 мл, п/эт, Kartell, шт	Лабораторная посуда и принадлежности из пластика/Капельницы, п/эт	550	11001206	https://minimed.ru/product/617/	minimed.ru
	Капельница-дозатор, п/эт., 50 мл,с дел.,с длинным носиком, уп.10 шт	Лабораторная посуда и принадлежности из пластика/Капельницы, п/эт	224	11001200	https://minimed.ru/product/621/	minimed.ru
	Капельница-дозатор, п/эт., 100 мл,с дел.,с длинным носиком, уп.10 шт	Лабораторная посуда и принадлежности из пластика/Капельницы, п/эт	264	11001201	https://minimed.ru/product/622/	minimed.ru

Лабораторная посуда и принадлежности из пластика/КДС-пластиковые контейнеры						
КДС-1	Контейнер полимерный с перфорированным поддоном и крышкой для предстерилизационной очистки, химической дезинфекции и стерилизации медицинских изделий	Лабораторная посуда и принадлежности из пластика/КДС-пластиковые контейнеры	925	11001107	https://minimed.ru/product/639/	minimed.ru
КДС-3	Контейнер полимерный с перфорированным поддоном и крышкой для предстерилизационной очистки, химической дезинфекции и стерилизации медицинских изделий	Лабораторная посуда и принадлежности из пластика/КДС-пластиковые контейнеры	1100	11001109	https://minimed.ru/product/640/	minimed.ru
КДС-5	Контейнер полимерный с перфорированным поддоном и крышкой для предстерилизационной очистки, химической дезинфекции и стерилизации медицинских изделий	Лабораторная посуда и принадлежности из пластика/КДС-пластиковые контейнеры	1700	11001110	https://minimed.ru/product/641/	minimed.ru
КДС-10	Контейнер полимерный с перфорированным поддоном и крышкой для предстерилизационной очистки, химической дезинфекции и стерилизации медицинских изделий	Лабораторная посуда и принадлежности из пластика/КДС-пластиковые контейнеры	3200	11001111	https://minimed.ru/product/642/	minimed.ru
КДС-11	Контейнер полимерный с перфорированным поддоном и крышкой для предстерилизационной очистки, химической дезинфекции и стерилизации медицинских изделий	Лабораторная посуда и принадлежности из пластика/КДС-пластиковые контейнеры	3500	11001112	https://minimed.ru/product/643/	minimed.ru
КДС-20	Контейнер полимерный с перфорированным поддоном и крышкой для предстерилизационной очистки, химической дезинфекции и стерилизации медицинских изделий	Лабораторная посуда и принадлежности из пластика/КДС-пластиковые контейнеры	16500	11001114	https://minimed.ru/product/644/	minimed.ru
КДС-35	Контейнер полимерный с перфорированным поддоном и крышкой для предстерилизационной очистки, химической дезинфекции и стерилизации медицинских изделий, без слива	Лабораторная посуда и принадлежности из пластика/КДС-пластиковые контейнеры	19000	11001115	https://minimed.ru/product/645/	minimed.ru

Лабораторная посуда и принадлежности из пластика/Ковши, п/п						
10 мл	Ковш, длина 100 мм, п/п, уп.1/12 шт/кор.192шт.	Лабораторная посуда и принадлежности из пластика/Ковши, п/п	30	12004809	https://minimed.ru/product/3751/	minimed.ru
25 мл	Ковш, длина 135 мм, п/п, уп.1/12 шт/ 48шт.	Лабораторная посуда и принадлежности из пластика/Ковши, п/п	39	12004810	https://minimed.ru/product/3752/	minimed.ru
50 мл	Ковш, длина 160 мм, п/п, уп.1/12 шт/ кор.48шт.	Лабораторная посуда и принадлежности из пластика/Ковши, п/п	54	12004811	https://minimed.ru/product/3753/	minimed.ru
100 мл	Ковш, длина 200 мм, п/п, уп.1/12 шт/ кор.36шт.	Лабораторная посуда и принадлежности из пластика/Ковши, п/п	68	12004812	https://minimed.ru/product/3754/	minimed.ru
250 мл	Ковш, длина 260 мм, п/п, уп.1/12 шт/ кор.72шт.	Лабораторная посуда и принадлежности из пластика/Ковши, п/п	600	12004813	https://minimed.ru/product/3755/	minimed.ru
500 мл	Ковш, длина 315 мм, п/п, уп.1/12 шт/ кор.48шт.	Лабораторная посуда и принадлежности из пластика/Ковши, п/п	774	12004814	https://minimed.ru/product/3756/	minimed.ru
1000 мл	Ковш, длина 385 мм, п/п, уп.1/6 шт/ кор.24шт.	Лабораторная посуда и принадлежности из пластика/Ковши, п/п	956	12004815	https://minimed.ru/product/3757/	minimed.ru

Лабораторная посуда и принадлежности из пластика/Колбы конические с делениями, п/п						
100 мл	Колба коническая, с дел. с навинч.крышкой,п/п	Лабораторная посуда и принадлежности из пластика/Колбы конические с делениями, п/п	406	11000620	https://minimed.ru/product/746/	minimed.ru
125 мл	Колба коническая .,горл.14/23 с дел.,без пробки, п/п, Kartell, уп.1/10шт	Лабораторная посуда и принадлежности из пластика/Колбы конические с делениями, п/п	464	11000615	https://minimed.ru/product/747/	minimed.ru
250 мл	Колба коническая, с дел. с навинч. крышкой, п/п	Лабораторная посуда и принадлежности из пластика/Колбы конические с делениями, п/п	472	11000621	https://minimed.ru/product/748/	minimed.ru
250 мл	Колба коническая .,горл.19/26 с дел.,без пробки, п/п, Kartell, уп.1/10шт	Лабораторная посуда и принадлежности из пластика/Колбы конические с делениями, п/п	532	11000609	https://minimed.ru/product/751/	minimed.ru
500 мл	Колба коническая, с дел. с навинч. крышкой, п/п	Лабораторная посуда и принадлежности из пластика/Колбы конические с делениями, п/п	538	11000622	https://minimed.ru/product/752/	minimed.ru
500 мл	Колба коническая .,горл.24/29 с дел.,без пробки, п/п, Kartell, уп.1/8шт	Лабораторная посуда и принадлежности из пластика/Колбы конические с делениями, п/п	856	11000611	https://minimed.ru/product/755/	minimed.ru
1000 мл	Колба коническая, с дел., с навинч.крышкой, п/п	Лабораторная посуда и принадлежности из пластика/Колбы конические с делениями, п/п	712	11000623	https://minimed.ru/product/756/	minimed.ru
1000 мл	Колба коническая 1000мл., горл.29/32,с/дел., без пробки, п/п, Kartell, уп.1/8шт	Лабораторная посуда и принадлежности из пластика/Колбы конические с делениями, п/п	1459	11000610	https://minimed.ru/product/759/	minimed.ru
2000 мл	Колба коническая 2000мл., горл.34/35,с/дел., без пробки, п/п, Kartell, уп.1/4шт	Лабораторная посуда и принадлежности из пластика/Колбы конические с делениями, п/п	2281	11000616	https://minimed.ru/product/760/	minimed.ru

Лабораторная посуда и принадлежности из пластика/Колбы мерные с пробкой, п/п, Kartell						
25 мл	Колба мерная, с пробкой,п/п, Kartell, шт	Лабораторная посуда и принадлежности из пластика/Колбы мерные с пробкой, п/п, Kartell	1141	11001603	https://minimed.ru/product/701/	minimed.ru
50 мл	Колба мерная, с пробкой,п/п, Kartell, шт	Лабораторная посуда и принадлежности из пластика/Колбы мерные с пробкой, п/п, Kartell	1343	11001604	https://minimed.ru/product/702/	minimed.ru
100 мл	Колба мерная, с пробкой,п/п, Kartell, шт	Лабораторная посуда и принадлежности из пластика/Колбы мерные с пробкой, п/п, Kartell	1591	11001605	https://minimed.ru/product/703/	minimed.ru
250 мл	Колба мерная, с пробкой,п/п, Kartell, шт	Лабораторная посуда и принадлежности из пластика/Колбы мерные с пробкой, п/п, Kartell	1821	11001606	https://minimed.ru/product/704/	minimed.ru
500 мл	Колба мерная, с пробкой,п/п, Kartell, шт	Лабораторная посуда и принадлежности из пластика/Колбы мерные с пробкой, п/п, Kartell	2023	11001607	https://minimed.ru/product/705/	minimed.ru
1000 мл	Колба мерная, с пробкой,п/п, Kartell, шт	Лабораторная посуда и принадлежности из пластика/Колбы мерные с пробкой, п/п, Kartell	2483	11001608	https://minimed.ru/product/706/	minimed.ru

Лабораторная посуда и принадлежности из пластика/Комплекты лабораторные для окраски препаратов						
	Комплект "DUE", шт	Лабораторная посуда и принадлежности из пластика/Комплекты лабораторные для окраски препаратов	282	12005100	https://minimed.ru/product/812/	minimed.ru
	Контейнер-ванночка 400 мл, шт	Лабораторная посуда и принадлежности из пластика/Комплекты лабораторные для окраски препаратов	136	12005101	https://minimed.ru/product/840/	minimed.ru
	Кювета для приготовления микропрепаратов,на 10 стекол,тип Шиффердекера,85×70×50,ПМП,инд.уп., Aptaca	Лабораторная посуда и принадлежности из пластика/Комплекты лабораторные для окраски препаратов	1125	12001151	https://minimed.ru/product/1016/	minimed.ru
	Кювета для приготовления микропреп,на 8стек,тип Хеллендаля,56*56*85,ПМП,инд.уп,Aptaca	Лабораторная посуда и принадлежности из пластика/Комплекты лабораторные для окраски препаратов	731	12001152	https://minimed.ru/product/1017/	minimed.ru
	Кювета для приготовления микропрепаратов,101×81×65,ПМП,Aptaca	Лабораторная посуда и принадлежности из пластика/Комплекты лабораторные для окраски препаратов	1233	12001153	https://minimed.ru/product/1015/	minimed.ru
ДПС-20	Штатив - рамка п/п, шт	Лабораторная посуда и принадлежности из пластика/Комплекты лабораторные для окраски препаратов	180	12005105	https://minimed.ru/product/2601/	minimed.ru
	Штатив для приготовления микропрепартов,87*73*162 мм,для 20-ти предм. стекол 26*76*1 мм, уп.1/20 шт, п/п, Аптака	Лабораторная посуда и принадлежности из пластика/Комплекты лабораторные для окраски препаратов	333	12005102	https://minimed.ru/product/2619/	minimed.ru

Лабораторная посуда и принадлежности из пластика/Контейнеры для гистологии с защелкивающейся крышкой и этикеткой, нестерильные, Aptaca						
150 мл, 69x67 мм	Контейнер д/отбора, транспортировки и хранения биологич.материалов (д/гистологии), 150 мл с защелк. крыш.,с этикеткой., н/стер., п/п, Aptaca, кор.800 шт.	Лабораторная посуда и принадлежности из пластика/Контейнеры для гистологии с защелкивающейся крышкой и этикеткой, нестерильные, Aptaca	81	12002885	https://minimed.ru/product/841/	minimed.ru
250 мл, 95x62 мм	Контейнер д/отбора, транспортировки и хранения биологич.материалов (д/гистологии), 250 мл с защелк. крыш.,с этикеткой., н/стер., п/п, Aptaca, кор 450 шт.	Лабораторная посуда и принадлежности из пластика/Контейнеры для гистологии с защелкивающейся крышкой и этикеткой, нестерильные, Aptaca	102	12002886	https://minimed.ru/product/851/	minimed.ru
500 мл, 120x80 мм	Контейнер д/отбора, транспортировки и хранения биологич.материалов (д/гистологии), 500 мл с защелк. крыш.,с этикеткой., н/стер., п/п, Aptaca, кор100 шт.	Лабораторная посуда и принадлежности из пластика/Контейнеры для гистологии с защелкивающейся крышкой и этикеткой, нестерильные, Aptaca	165	12002887	https://minimed.ru/product/872/	minimed.ru
1000 мл, 120x115 мм	Контейнер д/отбора, транспортировки и хранения биологич.материалов (д/гистологии), 1000 мл с защелк. крыш.,с этикеткой., н/стер., п/п, Aptaca, кор100 шт.	Лабораторная посуда и принадлежности из пластика/Контейнеры для гистологии с защелкивающейся крышкой и этикеткой, нестерильные, Aptaca	177	12002888	https://minimed.ru/product/895/	minimed.ru
1500 мл, 120x150 мм	Контейнер д/отбора, транспортировки и хранения биологич.материалов (д/гистологии), 1500 мл с защелк. крыш.,с этикеткой., н/стер., п/п, Aptaca, кор.50 шт.	Лабораторная посуда и принадлежности из пластика/Контейнеры для гистологии с защелкивающейся крышкой и этикеткой, нестерильные, Aptaca	166	12002889	https://minimed.ru/product/912/	minimed.ru
2000 мл, 170x154 мм	Контейнер д/отбора, транспортировки и хранения биологич.материалов (д/гистологии), 2000 мл с защелк. крыш.,с этикеткой., н/стер., п/п, Aptaca, кор125 шт.	Лабораторная посуда и принадлежности из пластика/Контейнеры для гистологии с защелкивающейся крышкой и этикеткой, нестерильные, Aptaca	446	12002890	https://minimed.ru/product/915/	minimed.ru
3000 мл, 199x133 мм	Контейнер д/отбора, транспортировки и хранения биологич.материалов (д/гистологии), 3000 мл с защелк. крыш.,с этикеткой., н/стер., п/п, Aptaca, кор.100 шт.	Лабораторная посуда и принадлежности из пластика/Контейнеры для гистологии с защелкивающейся крышкой и этикеткой, нестерильные, Aptaca	481	12002891	https://minimed.ru/product/918/	minimed.ru
5000 мл, 227x181 мм	Контейнер д/отбора, транспортировки и хранения биологич.материалов (д/гистологии), 5000 мл с защелк. крыш.,с этикеткой., н/стер., п/п, Aptaca, кор.50 шт.	Лабораторная посуда и принадлежности из пластика/Контейнеры для гистологии с защелкивающейся крышкой и этикеткой, нестерильные, Aptaca	627	12002892	https://minimed.ru/product/919/	minimed.ru

Лабораторная посуда и принадлежности из пластика/Контейнеры для гистологии с завинчивающейся крышкой, нестерильные						
20 мл, 35x40 мм, Greetmed	Контейнер д/взятия проб, транспортировки и хранения биологич.материала (д/гистологии), 20 мл с завинч. крыш., с дел., н/стер., п/п, Гритмед	Лабораторная посуда и принадлежности из пластика/Контейнеры для гистологии с завинчивающейся крышкой, нестерильные	18	12004151	https://minimed.ru/product/3431/	minimed.ru
40 мл. 47x39, Greetmed	Контейнер д/взятия проб, транспортировки и хранения биологич.материала (д/гистологии), 40 мл с завинч. крыш., с дел., н/стер., п/п, Гритмед	Лабораторная посуда и принадлежности из пластика/Контейнеры для гистологии с завинчивающейся крышкой, нестерильные	25	12004152	https://minimed.ru/product/3432/	minimed.ru
60 мл, 47x58, Greetmed	Контейнер д/взятия проб, транспортировки и хранения биологич.материала (д/гистологии), 60 мл с завинч. крыш., с дел., н/стер., п/п, Гритмед	Лабораторная посуда и принадлежности из пластика/Контейнеры для гистологии с завинчивающейся крышкой, нестерильные	29	12004153	https://minimed.ru/product/3433/	minimed.ru
90 мл, 47x73, Greetmed	Контейнер д/взятия проб, транспортировки и хранения биологич.материала (д/гистологии), 90 мл с завинч. крыш., с дел., н/стер., п/п, Гритмед	Лабораторная посуда и принадлежности из пластика/Контейнеры для гистологии с завинчивающейся крышкой, нестерильные	34	12004154	https://minimed.ru/product/3434/	minimed.ru
120 мл, 55x77, Greetmed	Контейнер д/взятия проб, транспортировки и хранения биологич.материала (д/гистологии), 120 мл с завинч. крыш., с дел., н/стер., п/п, Гритмед	Лабораторная посуда и принадлежности из пластика/Контейнеры для гистологии с завинчивающейся крышкой, нестерильные	41	12004155	https://minimed.ru/product/3435/	minimed.ru
160 мл, 58x99, Greetmed	Контейнер д/взятия проб, транспортировки и хранения биологич.материала (д/гистологии), 160 мл с завинч. крыш., с дел., н/стер., п/п, Гритмед	Лабораторная посуда и принадлежности из пластика/Контейнеры для гистологии с завинчивающейся крышкой, нестерильные	52	12004156	https://minimed.ru/product/3436/	minimed.ru
250 мл, 95x56, Greetmed	Контейнер д/взятия проб, транспортировки и хранения биологич.материала(д/гистологии), 250 мл с завинч. крыш., с дел., н/стер., п/п, Гритмед	Лабораторная посуда и принадлежности из пластика/Контейнеры для гистологии с завинчивающейся крышкой, нестерильные	112	12004157	https://minimed.ru/product/3437/	minimed.ru
500 мл, 95x109, Greetmed	Контейнер д/взятия проб, транспортировки и хранения биологич.материала (д/гистологии), 500 мл с завинч. крыш., с дел., н/стер., п/п, Гритмед	Лабораторная посуда и принадлежности из пластика/Контейнеры для гистологии с завинчивающейся крышкой, нестерильные	140	12004158	https://minimed.ru/product/3438/	minimed.ru
1000 мл, 118x138, Greetmed	Контейнер д/взятия проб, транспортировки и хранения биологич.материала (д/гистологии), 1000 мл с завинч. крыш., с дел., н/стер., п/п, Гритмед	Лабораторная посуда и принадлежности из пластика/Контейнеры для гистологии с завинчивающейся крышкой, нестерильные	211	12004159	https://minimed.ru/product/3439/	minimed.ru
1000 мл, 118x138 мм, с этикеткой, Aptaca	Контейнер д/отбора, транспортировки и хранения биологич.материалов (д/гистологии), 1000 мл с завинч. крыш., с дел., с этикеткой, н/стер., п/п, Aptaca, уп.64 шт.	Лабораторная посуда и принадлежности из пластика/Контейнеры для гистологии с завинчивающейся крышкой, нестерильные	326	12004168	https://minimed.ru/product/4315/	minimed.ru

Лабораторная посуда и принадлежности из пластика/Контейнеры для утилизации игл и других отходов, п/п						
0,25 л	Контейнер одноразовый для сбора острого инструментария класса Б "МедКом", объем 0,25л, уп.1/200шт	Лабораторная посуда и принадлежности из пластика/Контейнеры для утилизации игл и других отходов, п/п	48	12016203	https://minimed.ru/product/815/	minimed.ru
0,25 л	Емкость-контейнер для разрушения шприцев и игл (иглоотсекатель) объем 0,25л (Класс Б, желтые), Инновация	Лабораторная посуда и принадлежности из пластика/Контейнеры для утилизации игл и других отходов, п/п	27	12016225	https://minimed.ru/product/4085/	minimed.ru
0,5 л	Контейнер одноразовый для сбора острого инструментария класса Б "МедКом", объем 0,5л, уп.1/200шт	Лабораторная посуда и принадлежности из пластика/Контейнеры для утилизации игл и других отходов, п/п	47	12016204	https://minimed.ru/product/816/	minimed.ru
0,5 л	Емкость-контейнер для разрушения шприцев и игл (иглоотсекатель) объем 0,5л (Класс Б, желтые), Инновация	Лабораторная посуда и принадлежности из пластика/Контейнеры для утилизации игл и других отходов, п/п	25	12016226	https://minimed.ru/product/4086/	minimed.ru
0,6 л	Контейнер специализированный для утилизации отходов, ПП, Aptaca	Лабораторная посуда и принадлежности из пластика/Контейнеры для утилизации игл и других отходов, п/п	164	12026260	https://minimed.ru/product/818/	minimed.ru
0,8 л	Контейнер специализированный для утилизации отходов, п/п,Aptaca	Лабораторная посуда и принадлежности из пластика/Контейнеры для утилизации игл и других отходов, п/п	185	12026261	https://minimed.ru/product/819/	minimed.ru
1 л	Контейнер одноразовый для сбора острого инструментария класса Б "МедКом", объем 1,0 л, уп.1/180шт	Лабораторная посуда и принадлежности из пластика/Контейнеры для утилизации игл и других отходов, п/п	49	12016205	https://minimed.ru/product/820/	minimed.ru
1,5 л	Контейнер одноразовый для сбора острого инструментария класса Б "МедКом", объем, уп.1/100шт	Лабораторная посуда и принадлежности из пластика/Контейнеры для утилизации игл и других отходов, п/п	66	12016206	https://minimed.ru/product/823/	minimed.ru
1,5 л	Контейнер специализированный для утилизации отходов, п/п,Aptaca	Лабораторная посуда и принадлежности из пластика/Контейнеры для утилизации игл и других отходов, п/п	229	12026262	https://minimed.ru/product/825/	minimed.ru
2 л	Контейнер одноразовый для сбора острого инструментария класса Б "МедКом", объем 2,0 л, уп.1/80шт	Лабораторная посуда и принадлежности из пластика/Контейнеры для утилизации игл и других отходов, п/п	80	12016207	https://minimed.ru/product/826/	minimed.ru
2 л	Контейнер специализированный для утилизации отходов, п/п,Aptaca	Лабораторная посуда и принадлежности из пластика/Контейнеры для утилизации игл и других отходов, п/п	286	12026268	https://minimed.ru/product/827/	minimed.ru
2,5 л	Контейнер одноразовый для сбора острого инструментария класса Б "МедКом", объем, уп.1/80шт	Лабораторная посуда и принадлежности из пластика/Контейнеры для утилизации игл и других отходов, п/п	118	12016208	https://minimed.ru/product/828/	minimed.ru
3 л	Контейнер одноразовый для сбора острого инструментария класса Б "МедКом", объем 3,0 л, уп.1/80 шт	Лабораторная посуда и принадлежности из пластика/Контейнеры для утилизации игл и других отходов, п/п	112	12016209	https://minimed.ru/product/830/	minimed.ru
6 л	Контейнер одноразовый для сбора острого инструментария класса Б "МедКом", объем 6,0 л, уп.1/45шт	Лабораторная посуда и принадлежности из пластика/Контейнеры для утилизации игл и других отходов, п/п	164	12016210	https://minimed.ru/product/831/	minimed.ru
6 л	Емкость-контейнер для разрушения шприцев и игл (иглоотсекатель) объем 6л (Класс Б, желтые), Инновация	Лабораторная посуда и принадлежности из пластика/Контейнеры для утилизации игл и других отходов, п/п	112	12016229	https://minimed.ru/product/4089/	minimed.ru
7 л	Контейнер специализированный для утилизации отходов, п/п, Aptaca	Лабораторная посуда и принадлежности из пластика/Контейнеры для утилизации игл и других отходов, п/п	626	12006209	https://minimed.ru/product/833/	minimed.ru
10 л	Контейнер одноразовый для сбора острого инструментария класса Б "МедКом", объем 10,0 л, уп.1/20шт	Лабораторная посуда и принадлежности из пластика/Контейнеры для утилизации игл и других отходов, п/п	373	12016211	https://minimed.ru/product/834/	minimed.ru
12 л	Контейнер одноразовый для сбора острого инструментария класса Б "МедКом", объем 12,0 л, уп.1/10шт	Лабораторная посуда и принадлежности из пластика/Контейнеры для утилизации игл и других отходов, п/п	355	12016212	https://minimed.ru/product/835/	minimed.ru

Лабораторная посуда и принадлежности из пластика/Контейнеры лабораторные для взятия проб, нестерильные, п/п						
18 мл	Контейнер д/отбора, транспортировки и хранения биологич. материалов, с гермет. крышкой и ложкой, Ø 22*63 мм, н/стер, п/с, Aptaca	Лабораторная посуда и принадлежности из пластика/Контейнеры лабораторные для взятия проб, нестерильные, п/п	14	12002848	https://minimed.ru/product/842/	minimed.ru
30 мл, 35x38 мм , с завинчивающейся крышкой, Aptaca	Контейнер д/отбора, транспортировки и хранения биологич.материалов, 30 мл с завинч.крыш.,35*38 мм, нестер., п/п, уп.600шт, Aptaca	Лабораторная посуда и принадлежности из пластика/Контейнеры лабораторные для взятия проб, нестерильные, п/п	15	12003038	https://minimed.ru/product/852/	minimed.ru
30 мл	Контейнер одноразовый медицинский полимерный КО0НПП-30 с красной крышкой, низкий, н/ст, ПЕРИНТ, уп.500 шт	Лабораторная посуда и принадлежности из пластика/Контейнеры лабораторные для взятия проб, нестерильные, п/п	8	12003052	https://minimed.ru/product/3099/	minimed.ru
30 мл	Контейнер для биологического материала с крышкой вместимостью (конус) в групповой упаковке нестерильный, уп.700 шт.,Литопласт-Мед	Лабораторная посуда и принадлежности из пластика/Контейнеры лабораторные для взятия проб, нестерильные, п/п	7	12003058	https://minimed.ru/product/858/	minimed.ru
30 мл	Контейнер одноразовый медицинский полимерный КО0НЛПП-30 с ложкой и красной крышкой, низкий, н/ст ПЕРИНТ, уп.500 шт	Лабораторная посуда и принадлежности из пластика/Контейнеры лабораторные для взятия проб, нестерильные, п/п	9	12003053	https://minimed.ru/product/3100/	minimed.ru
30 мл	Контейнер для биологического материала с крышкой с ложкой-шпателем вместимостью (конус) в групповой упаковке нестерильный, уп.700 шт.,Литопласт-Мед	Лабораторная посуда и принадлежности из пластика/Контейнеры лабораторные для взятия проб, нестерильные, п/п	8	12003059	https://minimed.ru/product/866/	minimed.ru
30 мл	Контейнер лаб. д/взятия проб, с завинч. крыш. и шпателем, н/стер, п/п, FL medical, кор..500 шт	Лабораторная посуда и принадлежности из пластика/Контейнеры лабораторные для взятия проб, нестерильные, п/п	9	12003073	https://minimed.ru/product/3810/	minimed.ru
60 мл	Контейнер лаб. д/взятия проб, с завинч. крыш.,н/стер.,п/п,FL medical,инд.уп./кор.500 шт.	Лабораторная посуда и принадлежности из пластика/Контейнеры лабораторные для взятия проб, нестерильные, п/п	17	12002816	https://minimed.ru/product/874/	minimed.ru
60 мл	Контейнер одноразовый медицинский полимерный КО0НПП-60 с красной крышкой, н/ст, ПЕРИНТ, уп.500шт	Лабораторная посуда и принадлежности из пластика/Контейнеры лабораторные для взятия проб, нестерильные, п/п	7	12003008	https://minimed.ru/product/3615/	minimed.ru
60 мл	Контейнер одноразовый медицинский полимерный КО0НЛПП-60 с ложкой и красной крышкой, н/ст ПЕРИНТ, уп.500 шт	Лабораторная посуда и принадлежности из пластика/Контейнеры лабораторные для взятия проб, нестерильные, п/п	8	12003009	https://minimed.ru/product/3463/	minimed.ru
60 мл	Контейнер лаб. д/взятия проб, с завинч. крыш. и шпателем,н/стер.,п/п,FL medical,инд.уп./кор.500 шт.	Лабораторная посуда и принадлежности из пластика/Контейнеры лабораторные для взятия проб, нестерильные, п/п	17	12002807	https://minimed.ru/product/891/	minimed.ru
120 мл	Контейнер одноразовый медицинский полимерный КО0НДПП-120 с желтой крышкой с держателем ИУ, ПЕРИНТ, инд.уп./кор.300шт	Лабораторная посуда и принадлежности из пластика/Контейнеры лабораторные для взятия проб, нестерильные, п/п	20	12003064	https://minimed.ru/product/3380/	minimed.ru
120мл	Контейнер одноразовый медицинский полимерный КО0НПП-120 с красной крышкой, ПЕРИНТ, уп. 300 шт, н/стер.	Лабораторная посуда и принадлежности из пластика/Контейнеры лабораторные для взятия проб, нестерильные, п/п	9	12003063	https://minimed.ru/product/3321/	minimed.ru
120 мл, 58x72, с завинч. крышкой, Aptaca	Контейнер д/отбора, транспортировки и хранения биологич. материалов, 120 мл с завинч.крыш.,диам.58*72 мм, н/стер., п/п, Aptaca, инд.уп./кор.250 шт.	Лабораторная посуда и принадлежности из пластика/Контейнеры лабораторные для взятия проб, нестерильные, п/п	18	12002800	https://minimed.ru/product/908/	minimed.ru
120 мл	Контейнер лаб. д/взятия проб, с завинч. крыш.,н/стер.,п/п,FL medical,инд.уп./кор.250 шт.	Лабораторная посуда и принадлежности из пластика/Контейнеры лабораторные для взятия проб, нестерильные, п/п	21	12002806	https://minimed.ru/product/909/	minimed.ru
125 мл	Контейнер для биологического материала с крышкой вместимостью в групповой упаковке нестерильный, уп.250шт, Литопласт-Мед	Лабораторная посуда и принадлежности из пластика/Контейнеры лабораторные для взятия проб, нестерильные, п/п	10	12003143	https://minimed.ru/product/3166/	minimed.ru
200 мл, с завинчивающейся крышкой, 64x93 мм, Aptaca	Контейнер д/отбора, транспортировки и хранения биологич. материалов, 200 мл с завинч. крыш., с дел.,диам.64*93 мм, н/стер., п/п, инд. уп./150шт, Aptaca	Лабораторная посуда и принадлежности из пластика/Контейнеры лабораторные для взятия проб, нестерильные, п/п	38	12002817	https://minimed.ru/product/914/	minimed.ru
250 мл	Контейнер для биологического материала с крышкой вместимостью в групповой упаковке нестерильный, уп.130шт, Литопласт	Лабораторная посуда и принадлежности из пластика/Контейнеры лабораторные для взятия проб, нестерильные, п/п	21	12003034	https://minimed.ru/product/916/	minimed.ru
150 мл	Контейнер д/отбора, транспортировки и хранения биологич.материалов, с завинч. кр.,диам.60*83,н/стер.,п/c,Aptaca,уп.450 шт.	Лабораторная посуда и принадлежности из пластика/Контейнеры лабораторные для взятия проб, нестерильные, п/п	41	12002819	https://minimed.ru/product/921/	minimed.ru
2 л	Контейнер д/отбора, транспортировки и хранения биологич. материалов, с дел., нейтр. цвет, п/эт, Aptaca, уп.1/52 шт	Лабораторная посуда и принадлежности из пластика/Контейнеры лабораторные для взятия проб, нестерильные, п/п	219	12002805	https://minimed.ru/product/837/	minimed.ru
3 л	Контейнер для взятия проб, транспортировки и хранения биологич.материалов (24ч), 27см*11.5см*18см, п/эт, Гритмед, уп.1/32 шт	Лабораторная посуда и принадлежности из пластика/Контейнеры лабораторные для взятия проб, нестерильные, п/п	282	12003085	https://minimed.ru/product/4133/	minimed.ru

Лабораторная посуда и принадлежности из пластика/Контейнеры лабораторные для взятия проб, стерильные, п/п						
18 мл	Контейнер д/отбора, транспортировки и хранения биологич.материалов, с гермет. крышкой и ложкой., диам.22*63 мм, стер., п/с, Aptaca, инд.уп./1000 шт.	Лабораторная посуда и принадлежности из пластика/Контейнеры лабораторные для взятия проб, стерильные, п/п	21	12002881	https://minimed.ru/product/843/	minimed.ru
30 мл, 35x38 мм , с завинчивающейся крышкой, Aptaca	Контейнер д/отбора, транспортировки и хранения биологич.материалов, 30 мл с завинч.крыш.,35*38 мм, стер., п/п, Aptaca,инд.уп./уп.400 шт.	Лабораторная посуда и принадлежности из пластика/Контейнеры лабораторные для взятия проб, стерильные, п/п	28	12002826	https://minimed.ru/product/853/	minimed.ru
30 мл	Контейнер одноразовый медицинский полимерный КО0НПП-30 с красной крышкой ИУ, низкий, стерильный, ПЕРИНТ, инд.уп./500 шт	Лабораторная посуда и принадлежности из пластика/Контейнеры лабораторные для взятия проб, стерильные, п/п	10	12003047	https://minimed.ru/product/2884/	minimed.ru
30 мл	Контейнер для биологического материала с крышкой вместимостью (конус) в инд.уп. стерильный, инд.уп/ уп.400 шт.,Литопласт	Лабораторная посуда и принадлежности из пластика/Контейнеры лабораторные для взятия проб, стерильные, п/п	8	12002845	https://minimed.ru/product/861/	minimed.ru
30 мл	Контейнер одноразовый медицинский полимерный КО0НЛПП-30 с ложкой и красной крышкой ИУ, низкий, стерильный, ПЕРИНТ, инд.уп/уп.500 шт	Лабораторная посуда и принадлежности из пластика/Контейнеры лабораторные для взятия проб, стерильные, п/п	10	12003048	https://minimed.ru/product/2885/	minimed.ru
30 мл	Контейнер для биологического материала с крышкой с ложкой-шпателем вместимостью (конус) в инд.уп. стерильный, инд.уп/ уп.400 шт.,Литопласт	Лабораторная посуда и принадлежности из пластика/Контейнеры лабораторные для взятия проб, стерильные, п/п	8	12002846	https://minimed.ru/product/867/	minimed.ru
30 мл	Контейнер лаб. д/взятия проб, с завинч. крыш.,стер.,п/п.,FL medical,инд.уп./кор.500 шт.	Лабораторная посуда и принадлежности из пластика/Контейнеры лабораторные для взятия проб, стерильные, п/п	11	12002812	https://minimed.ru/product/870/	minimed.ru
30 мл	Контейнер лаб. д/взятия проб, с завинч. крыш.,стер.,п/п.,FL medical,инд.уп./кор.500 шт.	Лабораторная посуда и принадлежности из пластика/Контейнеры лабораторные для взятия проб, стерильные, п/п	20	12002812	https://minimed.ru/product/870/	minimed.ru
30 мл	Контейнер лаб. д/взятия проб, с завинч. крыш.и шпателем,стер.,п/п,FL medical,инд.уп./кор.500 шт.	Лабораторная посуда и принадлежности из пластика/Контейнеры лабораторные для взятия проб, стерильные, п/п	11	12002814	https://minimed.ru/product/871/	minimed.ru
60 мл	Контейнер одноразовый медицинский полимерный КО0НПП-60 с красной крышкой ИУ СТЕРИЛЬНО, ПЕРИНТ, инд.уп/400шт	Лабораторная посуда и принадлежности из пластика/Контейнеры лабораторные для взятия проб, стерильные, п/п	8	12003067	https://minimed.ru/product/3462/	minimed.ru
60 мл	Контейнер лаб. д/взятия проб, с завинч. крыш.,стер.,п/п,FL medical,инд.уп./кор.500 шт.	Лабораторная посуда и принадлежности из пластика/Контейнеры лабораторные для взятия проб, стерильные, п/п	20	12002813	https://minimed.ru/product/879/	minimed.ru
60 мл	Контейнер одноразовый медицинский полимерный КО0НЛПП-60 с ложкой и красной крышкой ИУ СТЕРИЛЬНО, ПЕРИНТ, уп.400 шт	Лабораторная посуда и принадлежности из пластика/Контейнеры лабораторные для взятия проб, стерильные, п/п	8	12003068	https://minimed.ru/product/3464/	minimed.ru
60 мл	Контейнер лаб. д/взятия проб, с завинч. крыш. и шпателем, стер., п/п, инд.уп./уп.500 шт, FL medical	Лабораторная посуда и принадлежности из пластика/Контейнеры лабораторные для взятия проб, стерильные, п/п	15	12002808	https://minimed.ru/product/892/	minimed.ru
60 мл	Контейнер д/отбора, транспортировки и хранения биологич.материалов, с держателем, стер., п/п, Aptaca, инд.уп./кор.400 шт.	Лабораторная посуда и принадлежности из пластика/Контейнеры лабораторные для взятия проб, стерильные, п/п	34	12003037	https://minimed.ru/product/893/	minimed.ru
120 мл	Контейнер одноразовый медицинский полимерный КО0НДПП-120 с желтой крышкой с держателем ИУ СТЕРИЛЬНО, ПЕРИНТ, инд.уп./ кор. 300 шт	Лабораторная посуда и принадлежности из пластика/Контейнеры лабораторные для взятия проб, стерильные, п/п	21	12002378	https://minimed.ru/product/3727/	minimed.ru
120 мл	Контейнер одноразовый медицинский полимерный КО0НПП-120 с красной крышкой ИУ стерильно ПЕРИНТ, инд.уп/300шт	Лабораторная посуда и принадлежности из пластика/Контейнеры лабораторные для взятия проб, стерильные, п/п	9	12003062	https://minimed.ru/product/3322/	minimed.ru
120 мл	Контейнер лаб. д/взятия проб, с завинч. крыш., стер., п/п, FL medical, инд.уп./уп.250 шт	Лабораторная посуда и принадлежности из пластика/Контейнеры лабораторные для взятия проб, стерильные, п/п	28	12002809	https://minimed.ru/product/905/	minimed.ru
200 мл	Контейнер д/отбора, транспортировки и хранения биологич.материалов, с завинч.крыш.,с дел.,диам.64*93 мм, стер., п/п, инд.уп./200 шт, Aptaca	Лабораторная посуда и принадлежности из пластика/Контейнеры лабораторные для взятия проб, стерильные, п/п	43	12002818	https://minimed.ru/product/913/	minimed.ru
250 мл	Контейнер для биологического материала с крышкой вместимостью в инд.уп. стерил, Литопласт, инд.уп/уп.120 шт	Лабораторная посуда и принадлежности из пластика/Контейнеры лабораторные для взятия проб, стерильные, п/п	22	12003035	https://minimed.ru/product/917/	minimed.ru

Лабораторная посуда и принадлежности из пластика/Корзины для транспортировки бутылок, ПЭНД						
	Корзина для транспортировки бутылок, на 4 места, п/п, Италия, шт	Лабораторная посуда и принадлежности из пластика/Корзины для транспортировки бутылок, ПЭНД	1148	11002200	https://minimed.ru/product/922/	minimed.ru
	Корзина для транспортировки бутылок, на 6 мест, п/п, Италия, шт	Лабораторная посуда и принадлежности из пластика/Корзины для транспортировки бутылок, ПЭНД	1066	11002201	https://minimed.ru/product/923/	minimed.ru

Лабораторная посуда и принадлежности из пластика/Кюветы пластиковые						
	Крышка к кюветам 10*10, д/анализаторов,п/эт,уп.100/5000 шт.Aptaca	Лабораторная посуда и принадлежности из пластика/Кюветы пластиковые	7	12002342	https://minimed.ru/product/965/	minimed.ru
	Кювета для спектрофотометра 10*4*45 мм, п/с, уп.100/1000 шт, Гритмед	Лабораторная посуда и принадлежности из пластика/Кюветы пластиковые	7	12002367	https://minimed.ru/product/3550/	minimed.ru
	Кювета для спектрофотометра 10*10*45 мм, п/с, уп.100/1000 шт, Гритмед	Лабораторная посуда и принадлежности из пластика/Кюветы пластиковые	7	12002366	https://minimed.ru/product/3549/	minimed.ru
	Кювета спектрофотометрическая тип А одинарная 4 мл в штативе, уп-штатив 100 шт, Литопласт-Мед	Лабораторная посуда и принадлежности из пластика/Кюветы пластиковые	4	12002359	https://minimed.ru/product/988/	minimed.ru
	Кювета д/анализаторов(спектрофотометров),макро,п/с,10*10, мл, уп.100/1000шт, Aptaca	Лабораторная посуда и принадлежности из пластика/Кюветы пластиковые	12	12002341	https://minimed.ru/product/989/	minimed.ru
5-2	Кювета д/анализаторов (спектрофот.),полумикро,п/с,10*4*45 мм, 0, мл, уп.100/1000 шт, Aptaca	Лабораторная посуда и принадлежности из пластика/Кюветы пластиковые	10	12002349	https://minimed.ru/product/990/	minimed.ru
	Кювета д/анализаторов 3 мл,диам.17*38 мм,п/с, Аптака, уп.1000/ кор.6000 шт	Лабораторная посуда и принадлежности из пластика/Кюветы пластиковые	4	12006441	https://minimed.ru/product/991/	minimed.ru
	Кювета 3 мл, 17*38 мм, п/с, уп.500 шт, Гритмед	Лабораторная посуда и принадлежности из пластика/Кюветы пластиковые	3	12002368	https://minimed.ru/product/3625/	minimed.ru

Лабораторная посуда и принадлежности из пластика/Лотки пластиковые						
	Лоток для мелких предметов, 5 ячеек, 404*304*64 мм, ПВХ, Kartell, шт	Лабораторная посуда и принадлежности из пластика/Лотки пластиковые	6346	12009099	https://minimed.ru/product/1060/	minimed.ru
ЛПпо-0	Лоток полимерный почкообразный,5А "ЕЛАТ", 210*109*38 (автоклавируемый)	Лабораторная посуда и принадлежности из пластика/Лотки пластиковые	240	12002615	https://minimed.ru/product/1062/	minimed.ru
ЛПпо-0	Лоток полимерный почкообразный,5 "ЕЛАТ", 210*109*38 (неавтоклавируемый)	Лабораторная посуда и принадлежности из пластика/Лотки пластиковые	180	12002611	https://minimed.ru/product/1063/	minimed.ru
ЛПпо-1	Лоток полимерный почкообразный с крышкой, ручкой и носиком для слива,75 "ЕЛАТ" (неавтоклавируемый)	Лабораторная посуда и принадлежности из пластика/Лотки пластиковые	865	12002640	https://minimed.ru/product/1064/	minimed.ru
ЛПпу-0	Лоток полимерный прямоугольный с крышкой, б/ячеек,5 "ЕЛАТ"(неавтоклавируемый)	Лабораторная посуда и принадлежности из пластика/Лотки пластиковые	350	12002637	https://minimed.ru/product/1065/	minimed.ru
ЛПпу-0	Лоток полимерный прямоугольный,5 "ЕЛАТ" (автоклавируемый, с крышкой, б/ячеек)	Лабораторная посуда и принадлежности из пластика/Лотки пластиковые	486	12002619	https://minimed.ru/product/1066/	minimed.ru
ЛПпу-0	Лоток полимерный прямоугольный с крышкой и ячейками,85 "ЕЛАТ" (автоклавируемый)	Лабораторная посуда и принадлежности из пластика/Лотки пластиковые	650	12002618	https://minimed.ru/product/1067/	minimed.ru
	Лоток почкообразный п/п,260*48 мм, Aptaca, уп.1/5/50 шт	Лабораторная посуда и принадлежности из пластика/Лотки пластиковые	480	12002625	https://minimed.ru/product/1068/	minimed.ru
	Лоток прямоугольный 510*350*110, п/п, Kartell, шт	Лабораторная посуда и принадлежности из пластика/Лотки пластиковые	2862	12009150	https://minimed.ru/product/1069/	minimed.ru
	Лоток прямоугольный п/с, 350*250*80 мм, уп.1 шт, Aptaca	Лабораторная посуда и принадлежности из пластика/Лотки пластиковые	2177	12002622	https://minimed.ru/product/1070/	minimed.ru
	Лоток прямоугольный наруж.размер 400*300*80 мм, п/с, Kartell, шт	Лабораторная посуда и принадлежности из пластика/Лотки пластиковые	2731	12009391	https://minimed.ru/product/1071/	minimed.ru
	Лоток универсальный для хранения пипеток, 216*283*40h мм, ПВХ, Kartell, шт	Лабораторная посуда и принадлежности из пластика/Лотки пластиковые	2566	12002626	https://minimed.ru/product/1072/	minimed.ru

Лабораторная посуда и принадлежности из пластика/Наконечники для ПЦР стерильные (без ДНКаз, РНКаз)						
1-10	Наконечник для дозаторов 0, мкл,с фильтром, для ПЦР, стерильный, тип Gilson, нейтральный, с дел., Aptaca, уп.96/960 шт	Лабораторная посуда и принадлежности из пластика/Наконечники для ПЦР стерильные (без ДНКаз, РНКаз)	767	12001443	https://minimed.ru/product/1109/	minimed.ru
1-10	Наконечник для дозаторов 0, мкл, универс.,стерильный, без фильтра, безДНК-аз,РНК-аз,Jet Bio-Filtration,уп.1000 шт./кор.10уп	Лабораторная посуда и принадлежности из пластика/Наконечники для ПЦР стерильные (без ДНКаз, РНКаз)	1251	12001469	https://minimed.ru/product/3324/	minimed.ru
1-10	Наконечник для дозаторов 0, мкл, универс.,стерильный, без фильтра, безДНК-аз,РНК-аз,Jet Bio-Filtration, уп.96ш/кор.10уп./20уп.	Лабораторная посуда и принадлежности из пластика/Наконечники для ПЦР стерильные (без ДНКаз, РНКаз)	405	12001467	https://minimed.ru/product/3323/	minimed.ru
1-10	Наконечник для дозаторов 0, мкл,универс.,стерильный,с фильтром,безДНК-аз,РНК-аз,Jet Bio-Filtration,уп.1000 шт./кор.10000шт	Лабораторная посуда и принадлежности из пластика/Наконечники для ПЦР стерильные (без ДНКаз, РНКаз)	2160	12001451	https://minimed.ru/product/2960/	minimed.ru
1-10	Наконечник для дозаторов 0, мкл,универс.,стерильный,с фильтром,безДНК-аз,РНК-аз,Jet Bio-Filtration, уп.96шт/кор.960/1920шт	Лабораторная посуда и принадлежности из пластика/Наконечники для ПЦР стерильные (без ДНКаз, РНКаз)	531	12001452	https://minimed.ru/product/2961/	minimed.ru
2-20	Наконечник для дозаторов с фильтром мкл, для ПЦР, тип Eppendorf, стер.,п/п,96 шт.в штативе,Aptaса	Лабораторная посуда и принадлежности из пластика/Наконечники для ПЦР стерильные (без ДНКаз, РНКаз)	1164	12001411	https://minimed.ru/product/1126/	minimed.ru
2-20	Наконечник для дозаторов мкл, универс.,стерильный, с фильтром, безДНК-аз,РНК-аз,Jet Bio-Filtration,уп.1000 шт./кор.10000шт	Лабораторная посуда и принадлежности из пластика/Наконечники для ПЦР стерильные (без ДНКаз, РНКаз)	2970	12001459	https://minimed.ru/product/2962/	minimed.ru
2-20	Наконечник для дозаторов мкл, универс.,стерильный, с фильтром, безДНК-аз,РНК-аз,Jet Bio-Filtration, уп.96шт/кор.960/1920шт	Лабораторная посуда и принадлежности из пластика/Наконечники для ПЦР стерильные (без ДНКаз, РНКаз)	671	12001460	https://minimed.ru/product/2963/	minimed.ru
2-100	Наконечник для дозаторов с фильтром мкл, для ПЦР,универсальный,с дел.,стер.,п/п,96 шт.в штативе,Aptaса	Лабораторная посуда и принадлежности из пластика/Наконечники для ПЦР стерильные (без ДНКаз, РНКаз)	621	12001450	https://minimed.ru/product/1125/	minimed.ru
2-100	Наконечник для дозаторов с фильтром мкл, для ПЦР,универсальный,с дел.,стер.,п/п,96 шт.в штативе,Aptaса	Лабораторная посуда и принадлежности из пластика/Наконечники для ПЦР стерильные (без ДНКаз, РНКаз)	907	12001450	https://minimed.ru/product/1125/	minimed.ru
2-200	Наконечник для дозаторов с фильтром мкл, с фаской,для ПЦР, тип Gilson, стер.,п/п,уп.1000 шт.,Aptaса	Лабораторная посуда и принадлежности из пластика/Наконечники для ПЦР стерильные (без ДНКаз, РНКаз)	8145	12001436	https://minimed.ru/product/1128/	minimed.ru
2-200	Наконечник для дозаторов с фильтром мкл, для ПЦР, тип Gilson, стер.,п/п,96 шт.в штативе,Aptaса	Лабораторная посуда и принадлежности из пластика/Наконечники для ПЦР стерильные (без ДНКаз, РНКаз)	1197	12001412	https://minimed.ru/product/1127/	minimed.ru
	Наконечник для дозаторов 10-100 мкл, универс.,стерильный, с фильтром, безДНК-аз,РНК-аз,Jet Bio-Filtration,уп.1000 шт./кор.10000шт	Лабораторная посуда и принадлежности из пластика/Наконечники для ПЦР стерильные (без ДНКаз, РНКаз)	3960	12001453	https://minimed.ru/product/3916/	minimed.ru
	Наконечник для дозаторов 10-100мкл,универс.,стерильный,с фильтром,безДНК-аз,РНК-аз,Jet Bio-Filtration, уп.96шт/кор.960/1920шт	Лабораторная посуда и принадлежности из пластика/Наконечники для ПЦР стерильные (без ДНКаз, РНКаз)	468	12001454	https://minimed.ru/product/2965/	minimed.ru
10-200мкл	Наконечник для дозаторов, универс.,стерильный, без фильтра, безДНК-аз,РНК-аз,Jet Bio-Filtration,уп.1000 шт./кор.10уп.	Лабораторная посуда и принадлежности из пластика/Наконечники для ПЦР стерильные (без ДНКаз, РНКаз)	1395	12001477	https://minimed.ru/product/3329/	minimed.ru
	Наконечник для дозаторов 10-200 мкл, универс.,стерильный, без фильтра, безДНК-аз,РНК-аз,Jet Bio-Filtration, уп.96/кор.10уп./20уп.	Лабораторная посуда и принадлежности из пластика/Наконечники для ПЦР стерильные (без ДНКаз, РНКаз)	495	12001473	https://minimed.ru/product/3325/	minimed.ru
	Наконечник для дозаторов 10-200 мкл, универс.,стерильный, с фильтром,безДНК-аз,РНК-аз,Jet Bio-Filtration, уп.96 шт/кор.960/1920 шт	Лабораторная посуда и принадлежности из пластика/Наконечники для ПЦР стерильные (без ДНКаз, РНКаз)	568	12001458	https://minimed.ru/product/2966/	minimed.ru
	Наконечник для дозаторов 10-200мкл, универс.,стерильный, с фильтром, безДНК-аз,РНК-аз,Jet Bio-Filtration,уп.1000 шт./кор.10000шт	Лабораторная посуда и принадлежности из пластика/Наконечники для ПЦР стерильные (без ДНКаз, РНКаз)	2970	12001457	https://minimed.ru/product/2971/	minimed.ru
	Наконечник для дозаторов 10-300 мкл, универс.,стерильный, с фильтром, безДНК-аз,РНК-аз,Jet Bio-Filtration, уп.96шт/кор.960/1920шт	Лабораторная посуда и принадлежности из пластика/Наконечники для ПЦР стерильные (без ДНКаз, РНКаз)	585	12001456	https://minimed.ru/product/2968/	minimed.ru
	Наконечник для дозаторов 10-300мкл, универс.,стерильный, с фильтром, безДНК-аз,РНК-аз,Jet Bio-Filtration,уп.1000 шт./кор.10000шт	Лабораторная посуда и принадлежности из пластика/Наконечники для ПЦР стерильные (без ДНКаз, РНКаз)	2762	12001455	https://minimed.ru/product/2967/	minimed.ru
	Наконечник для дозаторов 10-300 мкл, универс.,стерильный, без фильтра, безДНК-аз,РНК-аз,Jet Bio-Filtration, уп.96/кор.10уп./20уп.	Лабораторная посуда и принадлежности из пластика/Наконечники для ПЦР стерильные (без ДНКаз, РНКаз)	246	12001474	https://minimed.ru/product/3326/	minimed.ru
	Наконечник для дозаторов 10-300 мкл, универс.,стерильный, без фильтра, безДНК-аз,РНК-аз,Jet Bio-Filtration, уп.96/кор.10уп./20уп.	Лабораторная посуда и принадлежности из пластика/Наконечники для ПЦР стерильные (без ДНКаз, РНКаз)	414	12001474	https://minimed.ru/product/3326/	minimed.ru
10-300мкл	Наконечник для дозаторов, универс.,стерильный, без фильтра, безДНК-аз,РНК-аз,Jet Bio-Filtration,уп.1000 шт./кор.10уп.	Лабораторная посуда и принадлежности из пластика/Наконечники для ПЦР стерильные (без ДНКаз, РНКаз)	1755	12001475	https://minimed.ru/product/3327/	minimed.ru
	Наконечник для дозаторов с фильтром 20-300 мкл, для ПЦР, тип Eppendorf, с делениями, стерильный, 96 шт. в штативе, Aptaca	Лабораторная посуда и принадлежности из пластика/Наконечники для ПЦР стерильные (без ДНКаз, РНКаз)	436	12001413	https://minimed.ru/product/1143/	minimed.ru
	Наконечник для дозаторов с фильтром 50-1000 мкл, для ПЦР, тип Gilson, стерильный, уп.1000 шт., Aptaca	Лабораторная посуда и принадлежности из пластика/Наконечники для ПЦР стерильные (без ДНКаз, РНКаз)	7764	12001437	https://minimed.ru/product/1145/	minimed.ru
	Наконечник для дозаторов с фильтром 50-1000 мкл, для ПЦР, тип Gilson, стерильный, 96 шт. в штативе, Aptaca	Лабораторная посуда и принадлежности из пластика/Наконечники для ПЦР стерильные (без ДНКаз, РНКаз)	1206	12001410	https://minimed.ru/product/1144/	minimed.ru
100-1000мкл	Наконечник для дозаторов, универс.,стерильный, без фильтра, безДНК-аз,РНК-аз,Jet Bio-Filtration, уп.96/кор.10уп./20уп.	Лабораторная посуда и принадлежности из пластика/Наконечники для ПЦР стерильные (без ДНКаз, РНКаз)	675	12001476	https://minimed.ru/product/3328/	minimed.ru
	Наконечник для дозаторов 100-1000мкл, универс.,стерильный, без фильтра, безДНК-аз,РНК-аз,Jet Bio-Filtration,уп.1000 шт./кор.10000шт	Лабораторная посуда и принадлежности из пластика/Наконечники для ПЦР стерильные (без ДНКаз, РНКаз)	2295	12001465	https://minimed.ru/product/3122/	minimed.ru
	Наконечник для дозаторов 100-1000мкл, универс.,стерильный, с фильтром, безДНК-аз,РНК-аз,Jet Bio-Filtration,уп.1000 шт./кор.10000шт	Лабораторная посуда и принадлежности из пластика/Наконечники для ПЦР стерильные (без ДНКаз, РНКаз)	4005	12001461	https://minimed.ru/product/2969/	minimed.ru
	Наконечник для дозаторов 100-1000мкл, универс.,стерильный, с фильтром, безДНК-аз,РНК-аз,Jet Bio-Filtration, уп.96шт/кор.960/1920шт	Лабораторная посуда и принадлежности из пластика/Наконечники для ПЦР стерильные (без ДНКаз, РНКаз)	801	12001462	https://minimed.ru/product/2970/	minimed.ru
	Наконечник для дозаторов 1000-5000 мкл, с фильтром,для ПЦР,тип Eppendorf, нейтральный, уп.50 шт., Aptaca	Лабораторная посуда и принадлежности из пластика/Наконечники для ПЦР стерильные (без ДНКаз, РНКаз)	4086	12001445	https://minimed.ru/product/1136/	minimed.ru
	Наконечник для дозаторов 2000-10000 мкл,с фильтром,для ПЦР,тип Gilson, нейтральный, уп.25 шт./кор.100 шт., Aptaca	Лабораторная посуда и принадлежности из пластика/Наконечники для ПЦР стерильные (без ДНКаз, РНКаз)	3960	12001444	https://minimed.ru/product/1122/	minimed.ru

Лабораторная посуда и принадлежности из пластика/Наконечники с фильтром						
1-10	Наконечник д/дозаторов тип Универсальный с фильтром 0, мкл,нейтр.,уп.1000 шт	Лабораторная посуда и принадлежности из пластика/Наконечники с фильтром	3897	12001434	https://minimed.ru/product/3102/	minimed.ru
2-200	Наконечник д/дозаторов тип Универсальный с фильтром мкл, жёлтый, уп.1000 шт	Лабораторная посуда и принадлежности из пластика/Наконечники с фильтром	3947	12001433	https://minimed.ru/product/3103/	minimed.ru
	Наконечник д/дозаторов тип Универсальный с фильтром, с фаской,100-1000 мкл, синий, уп.500 шт/кор.20 уп	Лабораторная посуда и принадлежности из пластика/Наконечники с фильтром	2025	12001432	https://minimed.ru/product/3125/	minimed.ru
10 мкл	Наконечник полимерный нестерильный одноразовый к дозаторам пипеточным по ТУ 32 50 50-001-07511117-2021 с фильтром 0,2-, уп.штатив 96 шт, У-У ППО	Лабораторная посуда и принадлежности из пластика/Наконечники с фильтром	664	12008236	https://minimed.ru/product/4003/	minimed.ru
200 мкл	Наконечник полимерный нестерильный одноразовый к дозаторам пипеточным по ТУ 32 50 50-001-07511117-2021 с фильтром 5-, уп.штатив 96 шт, У-У ППО	Лабораторная посуда и принадлежности из пластика/Наконечники с фильтром	730	12008237	https://minimed.ru/product/4004/	minimed.ru
300мкл	Наконечник полимерный нестерильный одноразовый к дозаторам пипеточным по ТУ 32 50 50-001-07511117-2021 с фильтром 300 мкл, уп.штатив 96 шт, У-У ППО	Лабораторная посуда и принадлежности из пластика/Наконечники с фильтром	552	12008238	https://minimed.ru/product/4006/	minimed.ru
1000мкл	Наконечник полимерный нестерильный одноразовый к дозаторам пипеточным по ТУ 32 50 50-001-07511117-2021 с фильтром 1000 мкл, уп.штатив 96 шт, У-У ППО	Лабораторная посуда и принадлежности из пластика/Наконечники с фильтром	870	12008239	https://minimed.ru/product/4008/	minimed.ru

Лабораторная посуда и принадлежности из пластика/Наконечники  для дозаторов в ассортименте						
1-10	Наконечник для дозаторов 0, мкл, тип Gilson, нейтральный, уп. 1000 шт., Aptaca	Лабораторная посуда и принадлежности из пластика/Наконечники  для дозаторов в ассортименте	2322	12001321	https://minimed.ru/product/1110/	minimed.ru
1-10	Наконечник д/дозаторов тип Универсальный 0, мкл, нейтр., уп.1000 шт	Лабораторная посуда и принадлежности из пластика/Наконечники  для дозаторов в ассортименте	203	12001324	https://minimed.ru/product/3137/	minimed.ru
10 мкл	Наконечник полимерный нестерильный одноразовый к дозаторам пипеточным по ТУ 32 50 50-001-07511117-2021 без фильтра, уп.1000шт, У-У ППО	Лабораторная посуда и принадлежности из пластика/Наконечники  для дозаторов в ассортименте	550	12008228	https://minimed.ru/product/3981/	minimed.ru
10мкл	Наконечник полимерный нестерильный одноразовый к дозаторам пипеточным по ТУ 32 50 50-001-07511117-2021 без фильтра 10 мкл, уп.штатив 96 шт, У-У ППО	Лабораторная посуда и принадлежности из пластика/Наконечники  для дозаторов в ассортименте	508	12008232	https://minimed.ru/product/4002/	minimed.ru
2-20	Наконечник для дозаторов мкл, тип Eppendorf, нейтральный, уп. 1000 шт., Aptaca	Лабораторная посуда и принадлежности из пластика/Наконечники  для дозаторов в ассортименте	1143	12001449	https://minimed.ru/product/1139/	minimed.ru
2-200	Наконечник д/дозаторов тип Универсальный мкл, п/п, уп.1000 шт, кор. 20 уп.	Лабораторная посуда и принадлежности из пластика/Наконечники  для дозаторов в ассортименте	230	12001325	https://minimed.ru/product/3093/	minimed.ru
2-200	Наконечник д/дозаторов тип Универсальный мкл п/п, уп.1000 шт/кор. 10 уп.	Лабораторная посуда и принадлежности из пластика/Наконечники  для дозаторов в ассортименте	455	12005727	https://minimed.ru/product/4337/	minimed.ru
2-200	Наконечник для дозаторов мкл, универсальный, нейтральный, градуир., уп. 1000шт., Aptaca	Лабораторная посуда и принадлежности из пластика/Наконечники  для дозаторов в ассортименте	792	12001466	https://minimed.ru/product/3231/	minimed.ru
2-200	Наконечник для дозаторов мкл, универсальный, желтый, градуир., уп. 1000шт.	Лабораторная посуда и принадлежности из пластика/Наконечники  для дозаторов в ассортименте	577	12001463	https://minimed.ru/product/3247/	minimed.ru
2-200	Наконечник для дозаторов мкл, универсальный, желтый, с фаской, уп. 1000шт., Aptaca	Лабораторная посуда и принадлежности из пластика/Наконечники  для дозаторов в ассортименте	594	12001337	https://minimed.ru/product/1129/	minimed.ru
2-200	Наконечник для дозаторов мкл, универсальный, желтый, градуир., уп. 1000шт.	Лабораторная посуда и принадлежности из пластика/Наконечники  для дозаторов в ассортименте	702	12001463	https://minimed.ru/product/3247/	minimed.ru
200 мкл	Наконечник универсальный для дозаторов 0-, желтый, п/п, уп.1000 шт, FL medical	Лабораторная посуда и принадлежности из пластика/Наконечники  для дозаторов в ассортименте	707	12001382	https://minimed.ru/product/3068/	minimed.ru
200 мкл	Наконечник полимерный нестерильный одноразовый к дозаторам пипеточным по ТУ 32 50 50-001-07511117-2021 без фильтра, уп.1000шт, У-У ППО	Лабораторная посуда и принадлежности из пластика/Наконечники  для дозаторов в ассортименте	706	12008229	https://minimed.ru/product/3982/	minimed.ru
200мкл	Наконечник полимерный нестерильный одноразовый к дозаторам пипеточным по ТУ 32 50 50-001-07511117-2021 без фильтра 200 мкл, уп.штатив 96 шт, У-У ППО	Лабораторная посуда и принадлежности из пластика/Наконечники  для дозаторов в ассортименте	435	12008233	https://minimed.ru/product/4005/	minimed.ru
	Наконечник для дозатора тип I вместимостью не менее 200мкл /максимальный объем 250 мкл /, Литопласт-Мед, уп.500шт	Лабораторная посуда и принадлежности из пластика/Наконечники  для дозаторов в ассортименте	436	12001470	https://minimed.ru/product/3383/	minimed.ru
	Наконечник для дозатора тип I вместимостью не менее 200мкл /максимальный объем 250 мкл/, Литопласт-Мед, упак - штатив 96шт	Лабораторная посуда и принадлежности из пластика/Наконечники  для дозаторов в ассортименте	177	12001471	https://minimed.ru/product/3384/	minimed.ru
2-300	Наконечник для дозаторов мкл, тип Biohit, нейтральный, уп. 1000 шт., Aptaca	Лабораторная посуда и принадлежности из пластика/Наконечники  для дозаторов в ассортименте	1737	12001386	https://minimed.ru/product/1131/	minimed.ru
	Наконечник для дозаторов 20-300 мкл, тип Eppendorf, с делениями, нейтральный, уп. 1000 шт., Aptaca	Лабораторная посуда и принадлежности из пластика/Наконечники  для дозаторов в ассортименте	1701	12001379	https://minimed.ru/product/1134/	minimed.ru
300мкл	Наконечник полимерный нестерильный одноразовый к дозаторам пипеточным по ТУ 32 50 50-001-07511117-2021 без фильтра 300 мкл, уп.1000шт, У-У ППО	Лабораторная посуда и принадлежности из пластика/Наконечники  для дозаторов в ассортименте	755	12008230	https://minimed.ru/product/3983/	minimed.ru
300мкл	Наконечник полимерный нестерильный одноразовый к дозаторам пипеточным по ТУ 32 50 50-001-07511117-2021 без фильтра 300 мкл, уп.штатив 96 шт, У-У ППО	Лабораторная посуда и принадлежности из пластика/Наконечники  для дозаторов в ассортименте	502	12008234	https://minimed.ru/product/4007/	minimed.ru
	Наконечник д/дозаторов тип Универсальный 100-1000 мкл, уп.500 шт/кор.20 уп	Лабораторная посуда и принадлежности из пластика/Наконечники  для дозаторов в ассортименте	306	12001464	https://minimed.ru/product/3168/	minimed.ru
1000 мкл	Наконечник полимерный нестерильный одноразовый к дозаторам пипеточным по ТУ 32 50 50-001-07511117-2021 без фильтра, уп.1000шт, У-У ППО	Лабораторная посуда и принадлежности из пластика/Наконечники  для дозаторов в ассортименте	1300	12008231	https://minimed.ru/product/3984/	minimed.ru
1000мкл	Наконечник полимерный нестерильный одноразовый к дозаторам пипеточным по ТУ 32 50 50-001-07511117-2021 без фильтра 1000 мкл, уп.штатив 96 шт, У-У ППО	Лабораторная посуда и принадлежности из пластика/Наконечники  для дозаторов в ассортименте	535	12008235	https://minimed.ru/product/4009/	minimed.ru
	Наконечник для дозаторов 50-1000 мкл, тип Eppendorf, голубой, уп.1000 шт, Aptaca	Лабораторная посуда и принадлежности из пластика/Наконечники  для дозаторов в ассортименте	1044	12001387	https://minimed.ru/product/1132/	minimed.ru
	Наконечник для дозаторов 50-1000 мкл, универсальный, голубой, уп. 1000 шт, Aptaca	Лабораторная посуда и принадлежности из пластика/Наконечники  для дозаторов в ассортименте	1242	12001322	https://minimed.ru/product/1133/	minimed.ru
	Наконечник для дозаторов 500-5000 мкл, Макро, тип Eppendorf, нейтральный, уп. 250 шт., Aptaca	Лабораторная посуда и принадлежности из пластика/Наконечники  для дозаторов в ассортименте	2345	12001326	https://minimed.ru/product/1121/	minimed.ru
	Наконечник д/дозаторов тип Finnpipette 500-5000 мкл, нейтр., уп.300шт/ кор.10уп.	Лабораторная посуда и принадлежности из пластика/Наконечники  для дозаторов в ассортименте	2295	12001336	https://minimed.ru/product/3167/	minimed.ru
	Наконечник для дозаторов 500-5000 мкл, Макро, тип Finnpipette, нейтральный, уп.250 шт, Aptaca	Лабораторная посуда и принадлежности из пластика/Наконечники  для дозаторов в ассортименте	2307	12001385	https://minimed.ru/product/1120/	minimed.ru
	Наконечник для дозаторов 1000-10000мкл, Макро, тип Biohit, нейтральный, уп. 100 шт., Aptaca	Лабораторная посуда и принадлежности из пластика/Наконечники  для дозаторов в ассортименте	2615	12001397	https://minimed.ru/product/1124/	minimed.ru
	Наконечник для дозаторов 2000-10000 мкл, тип Gilson, нейтральный, уп.100 шт/кор.50 уп	Лабораторная посуда и принадлежности из пластика/Наконечники  для дозаторов в ассортименте	1188	12002374	https://minimed.ru/product/3711/	minimed.ru
	Наконечник для дозаторов 2000-10000 мкл, Макро, тип Gilson, нейтральный, уп. 100 шт., Aptaca	Лабораторная посуда и принадлежности из пластика/Наконечники  для дозаторов в ассортименте	1826	12001383	https://minimed.ru/product/1123/	minimed.ru

Лабораторная посуда и принадлежности из пластика/Наконечники к пипеточным дозаторам " ЛЕНПИПЕТ"						
5-10	Наконечник одноразовый нестерильный к дозаторам пипеточным по (0, ) мкл, уп.500шт в полиэтиленовой упаковке с инструкцией по применению /№9100105/	Лабораторная посуда и принадлежности из пластика/Наконечники к пипеточным дозаторам " ЛЕНПИПЕТ"	609	12008274	https://minimed.ru/product/4033/	minimed.ru
5-250	Наконечник одноразовый нестерильный к дозаторам пипеточным по (0, ) мкл, 96шт. в штативе с инструкцией по применению /№9000251/	Лабораторная посуда и принадлежности из пластика/Наконечники к пипеточным дозаторам " ЛЕНПИПЕТ"	450	12008265	https://minimed.ru/product/4034/	minimed.ru
5-250	Наконечник одноразовый нестерильный к дозаторам пипеточным по (0, ) мкл, уп.1000шт в полиэтиленовой упаковке с инструкцией по применению /№9000253/	Лабораторная посуда и принадлежности из пластика/Наконечники к пипеточным дозаторам " ЛЕНПИПЕТ"	818	12008266	https://minimed.ru/product/4035/	minimed.ru
5-200	Наконечник одноразовый нестерильный к дозаторам пипеточным мкл, уп.1000шт в полиэтиленовой упаковке с инструкцией по применению /№9000203/	Лабораторная посуда и принадлежности из пластика/Наконечники к пипеточным дозаторам " ЛЕНПИПЕТ"	818	12008267	https://minimed.ru/product/4036/	minimed.ru
5-300	Наконечник одноразовый нестерильный к дозаторам пипеточным по мкл, 96шт. в штативе с инструкцией по применению /№9000301/	Лабораторная посуда и принадлежности из пластика/Наконечники к пипеточным дозаторам " ЛЕНПИПЕТ"	450	12008268	https://minimed.ru/product/4037/	minimed.ru
5-300	Наконечник одноразовый нестерильный к дозаторам пипеточным по мкл, уп.1000шт в полиэтиленовой упаковке с инструкцией по применению /№9000303/	Лабораторная посуда и принадлежности из пластика/Наконечники к пипеточным дозаторам " ЛЕНПИПЕТ"	818	12008269	https://minimed.ru/product/4038/	minimed.ru
1-5	Наконечник одноразовый нестерильный к дозаторам пипеточным по мл, уп.50шт в полиэтиленовой упаковке с инструкцией по применению /№9105002/	Лабораторная посуда и принадлежности из пластика/Наконечники к пипеточным дозаторам " ЛЕНПИПЕТ"	855	12008272	https://minimed.ru/product/4041/	minimed.ru
	Наконечник одноразовый нестерильный к дозаторам пипеточным по (100-1000) мкл, 96шт. в штативе с инструкцией по применению /№9001001/	Лабораторная посуда и принадлежности из пластика/Наконечники к пипеточным дозаторам " ЛЕНПИПЕТ"	618	12008270	https://minimed.ru/product/4039/	minimed.ru
	Наконечник одноразовый нестерильный к дозаторам пипеточным по (100-1000) мкл, уп.1000шт в полиэтиленовой упаковке с инструкцией по применению /№9001003/	Лабораторная посуда и принадлежности из пластика/Наконечники к пипеточным дозаторам " ЛЕНПИПЕТ"	936	12008271	https://minimed.ru/product/4040/	minimed.ru
1-10	Наконечник одноразовый нестерильный к дозаторам пипеточным по мл удлиненный, уп.40шт в полиэтиленовой упаковке с инструкцией по применению /№9109992/	Лабораторная посуда и принадлежности из пластика/Наконечники к пипеточным дозаторам " ЛЕНПИПЕТ"	877	12008273	https://minimed.ru/product/4042/	minimed.ru

Лабораторная посуда и принадлежности из пластика/Насос водоструйный, Kartell						
	Трубка для водоструйного насоса, п/п, уп.5 шт, Kartell	Лабораторная посуда и принадлежности из пластика/Насос водоструйный, Kartell	82	21004903	https://minimed.ru/product/2349/	minimed.ru

Лабораторная посуда и принадлежности из пластика/Очки защитные						
	Очки защитная открытые прозрачные тип "Люцерна", уп.1/100шт	Лабораторная посуда и принадлежности из пластика/Очки защитные	92	18000407	https://minimed.ru/product/4318/	minimed.ru
	Очки-экран пластмассовые для предохранения глаз медицинского персонала ЭПГ-"ЕЛАТ"	Лабораторная посуда и принадлежности из пластика/Очки защитные	100	18000406	https://minimed.ru/product/2731/	minimed.ru

Лабораторная посуда и принадлежности из пластика/Пакеты для автоклавирования отходов						
	Пакет для автоклавирования 310*660*0,045 мм, уп.50 /200 шт	Лабораторная посуда и принадлежности из пластика/Пакеты для автоклавирования отходов	28	25000114	https://minimed.ru/product/1176/	minimed.ru
	Пакет для автоклавирования 415*600*0,045 мм, уп.50 /200 шт	Лабораторная посуда и принадлежности из пластика/Пакеты для автоклавирования отходов	32	25000115	https://minimed.ru/product/1177/	minimed.ru
	Пакет для автоклавирования 610*810*0,045 мм, уп.50/200 шт	Лабораторная посуда и принадлежности из пластика/Пакеты для автоклавирования отходов	65	25000116	https://minimed.ru/product/1178/	minimed.ru
	Пакет (300х500мм) полипропиленовые одноразовые с индикаторами стерилизации, для сбора и термической обработки (дезинфекции и утилизации) медико-биологических отходов по	Лабораторная посуда и принадлежности из пластика/Пакеты для автоклавирования отходов	25	25000152	https://minimed.ru/product/1179/	minimed.ru
	Пакет (450х600мм) полипропиленовые одноразовые с индикаторами стерилизации, для сбора и термической обработки (дезинфекции и утилизации) медико-биологических отходов по	Лабораторная посуда и принадлежности из пластика/Пакеты для автоклавирования отходов	38	25000153	https://minimed.ru/product/1180/	minimed.ru
	Пакет (500х750мм) полипропиленовые одноразовые с индикаторами стерилизации, для сбора и термической обработки (дезинфекции и утилизации) медико-биологических отходов по	Лабораторная посуда и принадлежности из пластика/Пакеты для автоклавирования отходов	45	25000154	https://minimed.ru/product/1181/	minimed.ru
	Пакет (600х750 мм) полипропиленовые одноразовые с индикаторами стерилизации, для сбора и термической обработки (дезинфекции и утилизации) медико-биологических отходов по	Лабораторная посуда и принадлежности из пластика/Пакеты для автоклавирования отходов	52	25000155	https://minimed.ru/product/1182/	minimed.ru
	Пакет (700х1100мм) полипропиленовые одноразовые с индикаторами стерилизации, для сбора и термической обработки (дезинфекции и утилизации) медико-биологических отходов по	Лабораторная посуда и принадлежности из пластика/Пакеты для автоклавирования отходов	86	25000156	https://minimed.ru/product/1183/	minimed.ru

Лабораторная посуда и принадлежности из пластика/Пакеты для медицинских отходов						
	Зажим - стяжка, уп. 100 шт	Лабораторная посуда и принадлежности из пластика/Пакеты для медицинских отходов		25000209	https://minimed.ru/product/569/	minimed.ru
	Пакет одноразовый для сбора, хранения, обеззараживания и утилизации медицинских отходов по класса А, белый, 330*300мм, с информацией, уп.100шт.	Лабораторная посуда и принадлежности из пластика/Пакеты для медицинских отходов	1	25000224	https://minimed.ru/product/1185/	minimed.ru
	Пакет одноразовый для сбора, хранения, обеззараживания и утилизации медицинских отходов по класса Б, желтый, 330*300мм, с информацией, уп.100шт	Лабораторная посуда и принадлежности из пластика/Пакеты для медицинских отходов	1	25000213	https://minimed.ru/product/1186/	minimed.ru
	Пакет одноразовый для сбора, хранения, обеззараживания и утилизации медицинских отходов по класса В, красный, 330*300мм, с информацией, уп.100шт.	Лабораторная посуда и принадлежности из пластика/Пакеты для медицинских отходов	1	25000243	https://minimed.ru/product/1187/	minimed.ru
	Пакет одноразовый для сбора, хранения, обеззараживания и утилизации медицинских отходов по класса Г, чёрный, 330*300мм, с информацией, уп.100 шт.	Лабораторная посуда и принадлежности из пластика/Пакеты для медицинских отходов	1	25000244	https://minimed.ru/product/1188/	minimed.ru
	Пакет одноразовый для сбора, хранения, обеззараживания и утилизации медицинских отходов по класса А, белый, 500*600мм, с информацией, уп.100шт.	Лабораторная посуда и принадлежности из пластика/Пакеты для медицинских отходов	4	25000201	https://minimed.ru/product/1189/	minimed.ru
	Пакет одноразовый для сбора, хранения, обеззараживания и утилизации медицинских отходов по класса Б, желтый, 500*600мм, с информацией, уп.100шт.	Лабораторная посуда и принадлежности из пластика/Пакеты для медицинских отходов	3	25000204	https://minimed.ru/product/3977/	minimed.ru
	Пакет одноразовый для сбора, хранения, обеззараживания и утилизации медицинских отходов по класса В, красный, 500*600мм, с информацией, уп.100шт.	Лабораторная посуда и принадлежности из пластика/Пакеты для медицинских отходов	3	25000207	https://minimed.ru/product/1191/	minimed.ru
	Пакет одноразовый для сбора, хранения, обеззараживания и утилизации медицинских отходов по класса Г, чёрный, 500*600мм, с информацией, уп.100шт.	Лабораторная посуда и принадлежности из пластика/Пакеты для медицинских отходов	3	25000220	https://minimed.ru/product/1192/	minimed.ru
	Пакет одноразовый для сбора, хранения, обеззараживания и утилизации медицинских отходов по класса А, белый, 700*800мм, с информацией, уп.100шт.	Лабораторная посуда и принадлежности из пластика/Пакеты для медицинских отходов	6	25000257	https://minimed.ru/product/4319/	minimed.ru
	Пакет одноразовый для сбора, хранения, обеззараживания и утилизации медицинских отходов по класса Б, желтый, 700*800мм, с информацией, уп.100шт.	Лабораторная посуда и принадлежности из пластика/Пакеты для медицинских отходов	6	25000256	https://minimed.ru/product/3155/	minimed.ru
	Пакет одноразовый для сбора, хранения, обеззараживания и утилизации медицинских отходов по класса В, красный, 700*800мм, с информацией, уп.100шт.	Лабораторная посуда и принадлежности из пластика/Пакеты для медицинских отходов	6	25000208	https://minimed.ru/product/1195/	minimed.ru
	Пакет одноразовый для сбора, хранения, обеззараживания и утилизации медицинских отходов по класса Г, чёрный, 700*800мм, с информацией, уп.100шт.	Лабораторная посуда и принадлежности из пластика/Пакеты для медицинских отходов	6	25000238	https://minimed.ru/product/1196/	minimed.ru
	Пакет одноразовый для сбора, хранения, обеззараживания и утилизации медицинских отходов по класса А, белый, 800*900мм, с информацией, уп.100шт.	Лабораторная посуда и принадлежности из пластика/Пакеты для медицинских отходов	10	25000245	https://minimed.ru/product/1197/	minimed.ru
	Пакет одноразовый для сбора, хранения, обеззараживания и утилизации медицинских отходов по класса Б, желтый, 800*900мм, с информацией, уп.100шт.	Лабораторная посуда и принадлежности из пластика/Пакеты для медицинских отходов	10	25000241	https://minimed.ru/product/1198/	minimed.ru
	Пакет одноразовый для сбора, хранения, обеззараживания и утилизации медицинских отходов по класса В, красный,800*900, с информацией, уп100шт	Лабораторная посуда и принадлежности из пластика/Пакеты для медицинских отходов	10	25000215	https://minimed.ru/product/1199/	minimed.ru
	Пакет одноразовый для сбора, хранения, обеззараживания и утилизации медицинских отходов по класса А, белый, 1000*600мм, с информацией, уп.100шт.	Лабораторная посуда и принадлежности из пластика/Пакеты для медицинских отходов	7	25000200	https://minimed.ru/product/4055/	minimed.ru
	Пакет одноразовый для сбора, хранения, обеззараживания и утилизации медицинских отходов по класса Б, желтый, 1000*600мм, с информацией, уп.100шт.	Лабораторная посуда и принадлежности из пластика/Пакеты для медицинских отходов	7	25000203	https://minimed.ru/product/4320/	minimed.ru
	Пакет одноразовый для сбора, хранения, обеззараживания и утилизации медицинских отходов по класса В, красный,1000*600, с информацией, уп100шт.	Лабораторная посуда и принадлежности из пластика/Пакеты для медицинских отходов	7	25000206	https://minimed.ru/product/1203/	minimed.ru
	Пакет одноразовый для сбора, хранения, обеззараживания и утилизации медицинских отходов по класса Г, чёрный,1000*600	Лабораторная посуда и принадлежности из пластика/Пакеты для медицинских отходов	7	25000216	https://minimed.ru/product/1204/	minimed.ru

Лабораторная посуда и принадлежности из пластика/Пакеты для транспортировки образцов, Aptaca						
	Пакет для биологических материалов двойной для транспортировки образцов, тип "кенгуру", прозрачный, п/эт, уп.50 шт, Aptaca	Лабораторная посуда и принадлежности из пластика/Пакеты для транспортировки образцов, Aptaca	10	25000221	https://minimed.ru/product/1184/	minimed.ru

Лабораторная посуда и принадлежности из пластика/Палочки лабораторные						
	Шпатель (для перемешивания), длина 150 мм, п/с, уп.100/500 шт, Гритмед	Лабораторная посуда и принадлежности из пластика/Палочки лабораторные	4	12005707	https://minimed.ru/product/4052/	minimed.ru
	Палочка лабораторная для перемешивания, п/с, диам.3*120 мм, уп.500/5000 шт, Аптака	Лабораторная посуда и принадлежности из пластика/Палочки лабораторные	7	12008301	https://minimed.ru/product/1205/	minimed.ru
	Палочка лабораторная для отделения и удаления сгустка, п/с, уп.1000 шт, Аптака	Лабораторная посуда и принадлежности из пластика/Палочки лабораторные	3	12008300	https://minimed.ru/product/1206/	minimed.ru

Лабораторная посуда и принадлежности из пластика/Переходники крестообразные, п/п, Kartell						
	Переходник крестообразный, нар.диам. 3,5 мм, п/п, Kartell, уп.10 шт	Лабораторная посуда и принадлежности из пластика/Переходники крестообразные, п/п, Kartell	143	12011329	https://minimed.ru/product/1242/	minimed.ru
	Переходник крестообразный, нар.диам. 6 мм, п/п, Kartell, уп.10 шт	Лабораторная посуда и принадлежности из пластика/Переходники крестообразные, п/п, Kartell	147	12011350	https://minimed.ru/product/1243/	minimed.ru
	Переходник крестообразный, нар.диам.12 мм, п/п, Kartell, уп.10 шт	Лабораторная посуда и принадлежности из пластика/Переходники крестообразные, п/п, Kartell	183	12011353	https://minimed.ru/product/1246/	minimed.ru
	Переходник крестообразный, нар.диам.13,5 мм, п/п, Kartell, уп.10 шт	Лабораторная посуда и принадлежности из пластика/Переходники крестообразные, п/п, Kartell	201	12011354	https://minimed.ru/product/1247/	minimed.ru
	Переходник крестообразный, нар.диам.15 мм, п/п, Kartell, уп.10 шт	Лабораторная посуда и принадлежности из пластика/Переходники крестообразные, п/п, Kartell	207	12011355	https://minimed.ru/product/1248/	minimed.ru

Лабораторная посуда и принадлежности из пластика/Переходники  Y-образные 120°, п/п, Kartell						
	Переходник Y-образный 120°, нар.диам.10/11/12, п/п, Kartell, уп.10 шт	Лабораторная посуда и принадлежности из пластика/Переходники  Y-образные 120°, п/п, Kartell	230	12011359	https://minimed.ru/product/1222/	minimed.ru
	Переходник Y-образный 120°, нар.диам.12/13/14, п/п, Kartell, уп.10 шт	Лабораторная посуда и принадлежности из пластика/Переходники  Y-образные 120°, п/п, Kartell	231	12011360	https://minimed.ru/product/1223/	minimed.ru
	Переходник Y-образный 120°, нар.диам.14/15/16, п/п, Kartell, уп.10 шт	Лабораторная посуда и принадлежности из пластика/Переходники  Y-образные 120°, п/п, Kartell	258	12011361	https://minimed.ru/product/1224/	minimed.ru

Лабораторная посуда и принадлежности из пластика/Переходники Y-образные, п/п, Kartell						
	Переходник Y-образный,нар.диаметр 14 мм, п/п, Kartell,уп.5 шт.	Лабораторная посуда и принадлежности из пластика/Переходники Y-образные, п/п, Kartell	163	12011319	https://minimed.ru/product/1230/	minimed.ru
	Переходник Y-образный,нар.диаметр 16 мм, п/п, Kartell,уп.5 шт.	Лабораторная посуда и принадлежности из пластика/Переходники Y-образные, п/п, Kartell	183	12011320	https://minimed.ru/product/1231/	minimed.ru

Лабораторная посуда и принадлежности из пластика/Переходники Г-образные, п/п, Kartell						
	Переходник Г-образный, нар.диам. 4мм, п/п, Kartell, уп.10шт	Лабораторная посуда и принадлежности из пластика/Переходники Г-образные, п/п, Kartell	41	12009110	https://minimed.ru/product/1232/	minimed.ru
	Переходник Г-образный, нар.диам.12 мм, п/п, Kartell, уп.10шт	Лабораторная посуда и принадлежности из пластика/Переходники Г-образные, п/п, Kartell	64	12009042	https://minimed.ru/product/1236/	minimed.ru
	Переходник Г-образный, нар.диам.14мм, п/п, Kartell, уп.10шт	Лабораторная посуда и принадлежности из пластика/Переходники Г-образные, п/п, Kartell	63	12009113	https://minimed.ru/product/1237/	minimed.ru
	Переходник Г-образный, нар.диам.16мм, п/п, Kartell, уп.10шт	Лабораторная посуда и принадлежности из пластика/Переходники Г-образные, п/п, Kartell	89	12009114	https://minimed.ru/product/1238/	minimed.ru

Лабораторная посуда и принадлежности из пластика/Переходники Т-образные, п/п, Kartell						
	Переходник Т-образный, нар.диам.12, п/п, Kartell, уп.10шт	Лабораторная посуда и принадлежности из пластика/Переходники Т-образные, п/п, Kartell	93	12011365	https://minimed.ru/product/1259/	minimed.ru
	Переходник Т-образный, нар.диам.16, п/п, Kartell, уп.10шт	Лабораторная посуда и принадлежности из пластика/Переходники Т-образные, п/п, Kartell	128	12011367	https://minimed.ru/product/1261/	minimed.ru

Лабораторная посуда и принадлежности из пластика/Переходники прямые бесшовные, п/п, Kartell						
14/15/16	Переходник прямой бесшовный, п/п, Kartell, уп.10 шт	Лабораторная посуда и принадлежности из пластика/Переходники прямые бесшовные, п/п, Kartell	164	12011371	https://minimed.ru/product/1254/	minimed.ru

Лабораторная посуда и принадлежности из пластика/Петли бактериологические стерильные, п/с						
1 мкл	Петля полимерные с иглой,стер.,AS, Гритмед, инд.уп./ уп.500шт. / кор.5 000 шт	Лабораторная посуда и принадлежности из пластика/Петли бактериологические стерильные, п/с	5	12007348	https://minimed.ru/product/3680/	minimed.ru
1 мкл	Петля полимерные с иглой,стер.,АS,Гритмед, уп.10шт/кор.100уп./ тр кор 1000уп.	Лабораторная посуда и принадлежности из пластика/Петли бактериологические стерильные, п/с	43	12007349	https://minimed.ru/product/3700/	minimed.ru
1 мкл	Петля бактериологическая с иглой,стер.,п/с,уп.20 шт/кор.100 уп, Aptaca	Лабораторная посуда и принадлежности из пластика/Петли бактериологические стерильные, п/с	95	12007320	https://minimed.ru/product/1305/	minimed.ru
1 мкл	Петля бактериологическая с иглой,стер.,п/с,уп.5 шт./кор.1000, Aptaca	Лабораторная посуда и принадлежности из пластика/Петли бактериологические стерильные, п/с	34	12007353	https://minimed.ru/product/1306/	minimed.ru
1 мкл	Петля бактериологическая Ø 1 мм с иглой, бесцветная, стерильная, уп.10 шт	Лабораторная посуда и принадлежности из пластика/Петли бактериологические стерильные, п/с	65	12007368	https://minimed.ru/product/4092/	minimed.ru
	Петля бактериологическая Ø 1 + 5 мм, бесцветная, стерильная, уп.10шт	Лабораторная посуда и принадлежности из пластика/Петли бактериологические стерильные, п/с	85	12007372	https://minimed.ru/product/4094/	minimed.ru
	Петля полимерные 1+10 мкл, стер., AS, Гритмед, уп.10 шт, кор.100/1000 уп	Лабораторная посуда и принадлежности из пластика/Петли бактериологические стерильные, п/с	43	12007363	https://minimed.ru/product/3655/	minimed.ru
	Петля бактериологическая 1+10 мкл,стер.,п/с,уп.20 шт., Aptaca	Лабораторная посуда и принадлежности из пластика/Петли бактериологические стерильные, п/с	115	12007322	https://minimed.ru/product/1313/	minimed.ru
10 мкл	Петля полимерные с иглой, стерильная, AS, уп.10 шт, кор.100/1000 уп., Гритмед	Лабораторная посуда и принадлежности из пластика/Петли бактериологические стерильные, п/с	43	12007361	https://minimed.ru/product/4022/	minimed.ru
10 мкл	Петля полимерные с иглой,стер.,AS,Гритмед, инд.уп./уп.500шт./ кор.5 000 шт.	Лабораторная посуда и принадлежности из пластика/Петли бактериологические стерильные, п/с	5	12007360	https://minimed.ru/product/3681/	minimed.ru
10 мкл	Петля бактериологическая Ø 5 мм с иглой, бесцветная, уп.10шт	Лабораторная посуда и принадлежности из пластика/Петли бактериологические стерильные, п/с	85	12007370	https://minimed.ru/product/4095/	minimed.ru
10 мкл	Петля бактериологическая Ø 5 мм с иглой, бесцветная, стерильная, инд.уп.	Лабораторная посуда и принадлежности из пластика/Петли бактериологические стерильные, п/с	11	12007369	https://minimed.ru/product/4096/	minimed.ru
10 мкл	Петля бактериологическая с иглой, стер., п/с, уп.20 шт, Aptaca	Лабораторная посуда и принадлежности из пластика/Петли бактериологические стерильные, п/с	95	12007321	https://minimed.ru/product/1310/	minimed.ru
10 мкл	Петля бактериологическая с иглой,стер.,п/с,уп.5 шт./кор/1000, Aptaca	Лабораторная посуда и принадлежности из пластика/Петли бактериологические стерильные, п/с	34	12007354	https://minimed.ru/product/1311/	minimed.ru
10 мкл	Петля микробиологическая,стер.,п/с,жесткая,уп.20 шт./кор.3000 шт., FL medical	Лабораторная посуда и принадлежности из пластика/Петли бактериологические стерильные, п/с	94	12007352	https://minimed.ru/product/1312/	minimed.ru

Лабораторная посуда и принадлежности из пластика/Пинцеты						
	Пинцет дл.11 см, п/с, нестерильный, уп.10 шт	Лабораторная посуда и принадлежности из пластика/Пинцеты	13	12011212	https://minimed.ru/product/1344/	minimed.ru
	Пинцет дл.12,4 см, АБС, нестерильный, уп.10/500 шт, Aptaca	Лабораторная посуда и принадлежности из пластика/Пинцеты	17	12011217	https://minimed.ru/product/1346/	minimed.ru
	Пинцет дл.12,4 см, АБС, стерильный, инд.уп./10/1000 шт, Aptaca	Лабораторная посуда и принадлежности из пластика/Пинцеты	21	12011205	https://minimed.ru/product/1348/	minimed.ru
	Пинцет дл.12,5 см, п/с, нестерильный, уп.10 шт	Лабораторная посуда и принадлежности из пластика/Пинцеты	15	12011213	https://minimed.ru/product/1347/	minimed.ru
	Пинцет дл.14,5 см, ПОМ, желтый, Kartell, уп.5 шт	Лабораторная посуда и принадлежности из пластика/Пинцеты	533	12011209	https://minimed.ru/product/1349/	minimed.ru
	Пинцет дл.15 см, п/с, нестерильный, уп.10/1000 шт	Лабораторная посуда и принадлежности из пластика/Пинцеты	16	12011215	https://minimed.ru/product/1350/	minimed.ru
	Пинцет дл.15 см, п/с, стерильный, инд.уп./50/800 шт	Лабораторная посуда и принадлежности из пластика/Пинцеты	17	12011210	https://minimed.ru/product/1351/	minimed.ru
	Пинцет дл.19 см, п/с, нестерильный, уп.10 шт	Лабораторная посуда и принадлежности из пластика/Пинцеты	16	12011216	https://minimed.ru/product/1352/	minimed.ru
	Пинцет дл.19 см, п/с, стерильный, инд.уп./50/800 шт	Лабораторная посуда и принадлежности из пластика/Пинцеты	18	12011211	https://minimed.ru/product/1353/	minimed.ru

Лабораторная посуда и принадлежности из пластика/Пипетки для переноса жидкости (Пастера) нестерильные						
0,25 мл	Пипетка для переноса жидкости (Пастера) н/стер, ТУ 32.50.50-028-29508133-2019, уп. 1000 шт	Лабораторная посуда и принадлежности из пластика/Пипетки для переноса жидкости (Пастера) нестерильные	1406	12006647	https://minimed.ru/product/2887/	minimed.ru
0,5 мл	Пипетка для переноса жидкости (Пастера) н/стер, ТУ 32.50.50-028-29508133-2019, уп.1000 шт	Лабораторная посуда и принадлежности из пластика/Пипетки для переноса жидкости (Пастера) нестерильные	1426	12006662	https://minimed.ru/product/2888/	minimed.ru
0,5 мл	Пипетка одноразовая, нестерильная Пастера, объмом, уп.1000 шт	Лабораторная посуда и принадлежности из пластика/Пипетки для переноса жидкости (Пастера) нестерильные	1727	12006678	https://minimed.ru/product/4097/	minimed.ru
1 мл	Пипетка для переноса жидкости (Пастера) . н/стер, ТУ 32.50.50-028-29508133-2019, уп. 100 шт	Лабораторная посуда и принадлежности из пластика/Пипетки для переноса жидкости (Пастера) нестерильные	205	12006680	https://minimed.ru/product/4010/	minimed.ru
1 мл	Пипетка для переноса жидкости (Пастера) . н/стер, ТУ 32.50.50-028-29508133-2019, уп. 500 шт	Лабораторная посуда и принадлежности из пластика/Пипетки для переноса жидкости (Пастера) нестерильные	820	12006605	https://minimed.ru/product/3738/	minimed.ru
1 мл	Пипетка для переноса жидкости (Пастера) . н/стер., п/эт, уп. 500 шт, FL medical	Лабораторная посуда и принадлежности из пластика/Пипетки для переноса жидкости (Пастера) нестерильные	2835	12006618	https://minimed.ru/product/1394/	minimed.ru
1 мл	Пипетка для дозирования биологич.жидкостей (Пастера),150 мм,п/эт,н/стер, уп. 500 шт, Aptaca	Лабораторная посуда и принадлежности из пластика/Пипетки для переноса жидкости (Пастера) нестерильные	1476	12006637	https://minimed.ru/product/1388/	minimed.ru
1,5 мл	Пипетка для дозирования биологич.жидкостей (Пастера),230 мм,п/эт,н/стер, уп. 400 шт, Aptaca	Лабораторная посуда и принадлежности из пластика/Пипетки для переноса жидкости (Пастера) нестерильные	2358	12006619	https://minimed.ru/product/1395/	minimed.ru
2 мл	Пипетка для переноса жидкости (Пастера) . н/стер, ТУ 32.50.50-028-29508133-2019, уп.100 шт	Лабораторная посуда и принадлежности из пластика/Пипетки для переноса жидкости (Пастера) нестерильные	210	12006681	https://minimed.ru/product/4011/	minimed.ru
2 мл	Пипетка для переноса жидкости (Пастера) . н/стер, ТУ 32.50.50-028-29508133-2019, уп. 500 шт	Лабораторная посуда и принадлежности из пластика/Пипетки для переноса жидкости (Пастера) нестерильные	840	12006608	https://minimed.ru/product/3731/	minimed.ru
2 мл	Пипетка для переноса жидкости (Пастера), н/стер.,дл.226 мм, без шкалы, ТУ 32.50.50-028-29508133-2019, уп. 500 шт	Лабораторная посуда и принадлежности из пластика/Пипетки для переноса жидкости (Пастера) нестерильные	2079	12006648	https://minimed.ru/product/2732/	minimed.ru
3 мл	Пипетка для дозирования биологич.жидкостей (Пастера) . н/стер, уп. 500 шт, Aptaca	Лабораторная посуда и принадлежности из пластика/Пипетки для переноса жидкости (Пастера) нестерильные	1476	12006630	https://minimed.ru/product/1402/	minimed.ru
3 мл	Пипетка для переноса жидкости (Пастера) . н/стер, ТУ 32.50.50-028-29508133-2019, уп.100 шт	Лабораторная посуда и принадлежности из пластика/Пипетки для переноса жидкости (Пастера) нестерильные	215	12006682	https://minimed.ru/product/4012/	minimed.ru
3 мл	Пипетка для переноса жидкости (Пастера) . н/стер, ТУ 32.50.50-028-29508133-2019, уп. 500 шт	Лабораторная посуда и принадлежности из пластика/Пипетки для переноса жидкости (Пастера) нестерильные	860	12006675	https://minimed.ru/product/3712/	minimed.ru
3 мл	Пипетка для переноса жидкости (Пастера) . н/стер, п/эт, уп.500 шт, FL medical	Лабораторная посуда и принадлежности из пластика/Пипетки для переноса жидкости (Пастера) нестерильные	2925	12006620	https://minimed.ru/product/1401/	minimed.ru
3,5 мл	Пипетка для переноса жидкости (Пастера) . н/стер, ТУ 32.50.50-028-29508133-2019, уп. 100 шт	Лабораторная посуда и принадлежности из пластика/Пипетки для переноса жидкости (Пастера) нестерильные	215	12006683	https://minimed.ru/product/4013/	minimed.ru
3,5 мл	Пипетка для переноса жидкости (Пастера) . н/стер, ТУ 32.50.50-028-29508133-2019, уп. 500 шт	Лабораторная посуда и принадлежности из пластика/Пипетки для переноса жидкости (Пастера) нестерильные	860	12006661	https://minimed.ru/product/3714/	minimed.ru
5 мл	Пипетка для переноса жидкости (Пастера), н/стер, ТУ 32.50.50-028-29508133-2019, уп.100 шт	Лабораторная посуда и принадлежности из пластика/Пипетки для переноса жидкости (Пастера) нестерильные	260	12006684	https://minimed.ru/product/4014/	minimed.ru
5 мл	Пипетка для переноса жидкости (Пастера), н/стер, ТУ 32.50.50-028-29508133-2019, уп. 500 шт	Лабораторная посуда и принадлежности из пластика/Пипетки для переноса жидкости (Пастера) нестерильные	1040	12006676	https://minimed.ru/product/3909/	minimed.ru
5 мл	Пипетка для переноса жидкости . н/стер, с гофрированным резервуаром, град, уп. 100 шт, Kartell	Лабораторная посуда и принадлежности из пластика/Пипетки для переноса жидкости (Пастера) нестерильные	2483	12006622	https://minimed.ru/product/1412/	minimed.ru
5 мл	Пипетка для переноса жидкости (Пастера) гофрир.резервуар, н/стер, ТУ 32.50.50-028-29508133-2019, уп. 100 шт	Лабораторная посуда и принадлежности из пластика/Пипетки для переноса жидкости (Пастера) нестерильные	1200	12006677	https://minimed.ru/product/3985/	minimed.ru

Лабораторная посуда и принадлежности из пластика/Пипетки для переноса жидкости (Пастера) стерильные						
0,25 мл	Пипетка для переноса жидкостей (Пастера), стерильная, п/эт, ТУ 32.50.50-029-29508133-2018, уп.20 шт	Лабораторная посуда и принадлежности из пластика/Пипетки для переноса жидкости (Пастера) стерильные	68	12006663	https://minimed.ru/product/3493/	minimed.ru
0,5 мл	Пипетка для переноса жидкостей (Пастера), стерильная, п/эт, ТУ 32.50.50-029-29508133-2018, уп. 20 шт	Лабораторная посуда и принадлежности из пластика/Пипетки для переноса жидкости (Пастера) стерильные	69	12006664	https://minimed.ru/product/3494/	minimed.ru
1 мл	Пипетка для переноса жидкостей (Пастера), стер, п/эт, ТУ 32.50.50-029-29508133-2018, инд.уп/ уп.100 шт	Лабораторная посуда и принадлежности из пластика/Пипетки для переноса жидкости (Пастера) стерильные	504	12006653	https://minimed.ru/product/3495/	minimed.ru
1мл	Пипетка для переноса жидкостей (Пастера) 1 мл, стерильная, п/эт, ТУ 32.50.50-029-29508133-2018, уп.20 шт	Лабораторная посуда и принадлежности из пластика/Пипетки для переноса жидкости (Пастера) стерильные	70	12006640	https://minimed.ru/product/3496/	minimed.ru
1 мл	Пипетка для переноса жидкости (Пастера) .стер, п/эт, инд.уп, уп.100 шт, FL medical	Лабораторная посуда и принадлежности из пластика/Пипетки для переноса жидкости (Пастера) стерильные	2295	12006607	https://minimed.ru/product/3498/	minimed.ru
1 мл	Пипетка для дозирования биологич. жидкости (Пастера) .стер.,150 мм, п/эт, инд.уп, уп.1700 шт, Aptaca	Лабораторная посуда и принадлежности из пластика/Пипетки для переноса жидкости (Пастера) стерильные	14868	12006629	https://minimed.ru/product/3497/	minimed.ru
1 мл	Пипетка для дозирования биологич. жидкости (Пастера) .стер.,150 мм, уп.5 шт, Aptaca	Лабораторная посуда и принадлежности из пластика/Пипетки для переноса жидкости (Пастера) стерильные	41	12006636	https://minimed.ru/product/3499/	minimed.ru
1,5 мл	Пипетка для дозирования биологич. жидкости (Пастера) .стер.,230 мм, инд.уп, уп.1000 шт, Aptaca	Лабораторная посуда и принадлежности из пластика/Пипетки для переноса жидкости (Пастера) стерильные	31230	12006638	https://minimed.ru/product/3500/	minimed.ru
2мл	Пипетка для переноса жидкостей (Пастера) 2 мл, стер, п/эт, ТУ 32.50.50-029-29508133-2018, инд.уп, уп.100 шт	Лабораторная посуда и принадлежности из пластика/Пипетки для переноса жидкости (Пастера) стерильные	522	12006643	https://minimed.ru/product/3501/	minimed.ru
3 мл	Пипетка для дозирования биологич. жидкости (Пастера) .стер.,150 мм, п/эт, инд.уп, уп.1500 шт, Аптака	Лабораторная посуда и принадлежности из пластика/Пипетки для переноса жидкости (Пастера) стерильные	13275	12006639	https://minimed.ru/product/3502/	minimed.ru
3 мл	Пипетка для дозирования биологич. жидкости (Пастера) .стер,150 мм, уп.5 шт, Аптака	Лабораторная посуда и принадлежности из пластика/Пипетки для переноса жидкости (Пастера) стерильные	41	12006641	https://minimed.ru/product/3504/	minimed.ru
3,5мл	Пипетка для переноса жидкостей (Пастера) 3,5 мл, стер, п/эт, ТУ 32.50.50-029-29508133-2018, инд.уп, уп.100 шт,/ кор. 20уп.	Лабораторная посуда и принадлежности из пластика/Пипетки для переноса жидкости (Пастера) стерильные	558	12006668	https://minimed.ru/product/3505/	minimed.ru
3,5 мл	Пипетка для переноса жидкостей (Пастера), стерильная, п/эт, ТУ 32.50.50-029-29508133-2018, уп.20 шт	Лабораторная посуда и принадлежности из пластика/Пипетки для переноса жидкости (Пастера) стерильные	77	12006672	https://minimed.ru/product/3506/	minimed.ru
5 мл	Пипетка для переноса жидкостей (Пастера), стер, без шкалы, ТУ 32.50.50-029-29508133-2018, инд.уп, уп.100 шт	Лабораторная посуда и принадлежности из пластика/Пипетки для переноса жидкости (Пастера) стерильные	675	12006634	https://minimed.ru/product/3507/	minimed.ru

Лабораторная посуда и принадлежности из пластика/Пипетки серологические для ПЦР						
1 мл	Пипетка серологическая .,стерильная,апирогенная,без Днказ/Рнказ,инд.уп./уп.500 шт.,Jet Bio-Filtration	Лабораторная посуда и принадлежности из пластика/Пипетки серологические для ПЦР	17	11000940	https://minimed.ru/product/2981/	minimed.ru
2 мл	Пипетка серологическая .,стерильная,апирогенная,без Днказ/Рнказ,инд.уп./уп.500 шт.,Jet Bio-Filtration	Лабораторная посуда и принадлежности из пластика/Пипетки серологические для ПЦР	19	11000941	https://minimed.ru/product/2982/	minimed.ru
5 мл	Пипетка серологическая .,стерильная,апирогенная,без Днказ/Рнказ,инд.уп./уп.200 шт.,Jet Bio-Filtration	Лабораторная посуда и принадлежности из пластика/Пипетки серологические для ПЦР	23	11000942	https://minimed.ru/product/2983/	minimed.ru
10 мл	Пипетка серологическая .,стерильная,апирогенная,без Днказ/Рнказ,инд.уп./уп.200 шт.,Jet Bio-Filtration	Лабораторная посуда и принадлежности из пластика/Пипетки серологические для ПЦР	26	11000943	https://minimed.ru/product/2984/	minimed.ru
25 мл	Пипетка серологическая .,стерильная,апирогенная,без Днказ/Рнказ,инд.уп./уп.150 шт.,Jet Bio-Filtration	Лабораторная посуда и принадлежности из пластика/Пипетки серологические для ПЦР	50	11000944	https://minimed.ru/product/2986/	minimed.ru
50 мл	Пипетка серологическая .,стерильная,апирогенная,без Днказ/Рнказ,инд.уп./уп.100 шт.,Jet Bio-Filtration	Лабораторная посуда и принадлежности из пластика/Пипетки серологические для ПЦР	131	11000945	https://minimed.ru/product/2987/	minimed.ru
100 мл	Пипетка серологическая .,стерильная,апирогенная,без Днказ/Рнказ,инд.уп./уп.50 шт.,Jet Bio-Filtration	Лабораторная посуда и принадлежности из пластика/Пипетки серологические для ПЦР	203	11000946	https://minimed.ru/product/2985/	minimed.ru

Лабораторная посуда и принадлежности из пластика/Пипетки серологические стерильные						
1 мл	Пипетка серологическая .стерильная, п/с, ТУ 32.50.50-029-29508133-2018, инд.уп./100/1000/ 4000 шт	Лабораторная посуда и принадлежности из пластика/Пипетки серологические стерильные	15	11000915	https://minimed.ru/product/3344/	minimed.ru
1 мл	Пипетка серологическая .стерильная, п/с, ТУ 32.50.50-029-29508133-2018, уп.25/1000/4000 шт	Лабораторная посуда и принадлежности из пластика/Пипетки серологические стерильные	14	11000921	https://minimed.ru/product/3333/	minimed.ru
2 мл	Пипетка серологическая, стерильная, п/с, инд.уп./100/800/3200 шт, ТУ 32.50.50-029-29508133-2018	Лабораторная посуда и принадлежности из пластика/Пипетки серологические стерильные	18	11000910	https://minimed.ru/product/3319/	minimed.ru
2 мл	Пипетка серологическая .стерильная, п/с, ТУ 32.50.50-029-29508133-2018, уп.25/800 шт	Лабораторная посуда и принадлежности из пластика/Пипетки серологические стерильные	17	11000922	https://minimed.ru/product/3617/	minimed.ru
5 мл	Пипетка серологическая, стерильная, п/с, ТУ 32.50.50-029-29508133-2018, инд.уп./уп.50 шт/кор. 1800шт.	Лабораторная посуда и принадлежности из пластика/Пипетки серологические стерильные	23	11000911	https://minimed.ru/product/3348/	minimed.ru
5 мл	Пипетка серологическая .стерильная,уп.25/500 шт., п/с, ТУ 32.50.50-029-29508133-2018	Лабораторная посуда и принадлежности из пластика/Пипетки серологические стерильные	22	11000923	https://minimed.ru/product/3126/	minimed.ru
10 мл	Пипетка серологическая, стерильная,п/с, ТУ 32.50.50-029-29508133-2018, инд.уп./50/200/1200 шт.	Лабораторная посуда и принадлежности из пластика/Пипетки серологические стерильные	27	11000912	https://minimed.ru/product/3311/	minimed.ru
10 мл	Пипетка серологическая, стерильная, уп.25/350 шт, п/с, ТУ 32.50.50-029-29508133-2018	Лабораторная посуда и принадлежности из пластика/Пипетки серологические стерильные	26	11000924	https://minimed.ru/product/3127/	minimed.ru
25 мл	Пипетка серологическая, стерильная, инд.уп./50/200/800 шт, п/с, ТУ 32.50.50-029-29508133-2018	Лабораторная посуда и принадлежности из пластика/Пипетки серологические стерильные	46	11000913	https://minimed.ru/product/3334/	minimed.ru
25 мл	Пипетка серологическая .стерильная, п/с, ТУ 32.50.50-029-29508133-2018, уп.25/350 шт	Лабораторная посуда и принадлежности из пластика/Пипетки серологические стерильные	44	11000925	https://minimed.ru/product/3128/	minimed.ru
50 мл	Пипетка серологическая, стерильная, инд.уп./25/100/600 шт, п/с, ТУ 32.50.50-029-29508133-2018	Лабораторная посуда и принадлежности из пластика/Пипетки серологические стерильные	78	11000914	https://minimed.ru/product/3268/	minimed.ru
50 мл	Пипетка серологическая .стерильная,уп.25 шт., п/с, ТУ 32.50.50-029-29508133-2018	Лабораторная посуда и принадлежности из пластика/Пипетки серологические стерильные	75	11000926	https://minimed.ru/product/3129/	minimed.ru

Лабораторная посуда и принадлежности из пластика/Планшеты						
	Крышка к планшету с лунками для лабораторных исследований, стер., инд.уп./50 шт, Aptaca	Лабораторная посуда и принадлежности из пластика/Планшеты	82	12002721	https://minimed.ru/product/964/	minimed.ru
	Планшет полимерный иммунологический одноразовый 3 лунки, белый, уп.100 шт	Лабораторная посуда и принадлежности из пластика/Планшеты	20	12002766	https://minimed.ru/product/4098/	minimed.ru
	Планшет полимерный иммунологический одноразовый 4 лунки, белый, уп.100 шт	Лабораторная посуда и принадлежности из пластика/Планшеты	15	12002767	https://minimed.ru/product/4099/	minimed.ru
	Планшет лабораторный (для определения групп крови) 10 лунок, п/с, уп.10 шт., FL medical	Лабораторная посуда и принадлежности из пластика/Планшеты	60	12002708	https://minimed.ru/product/1450/	minimed.ru
П-50	Планшет для определения групп крови белый, уп.1/100 шт	Лабораторная посуда и принадлежности из пластика/Планшеты	125	12002706	https://minimed.ru/product/1443/	minimed.ru
	Планшет полимерный иммунологический одноразовый 80 лунок, прозрачный, уп.10 шт	Лабораторная посуда и принадлежности из пластика/Планшеты	68	12002768	https://minimed.ru/product/4100/	minimed.ru
	Планшет с лунками для лабораторных исследований, ПС, 96 лунок, «U»-образное дно, без крышки, стер., инд.уп./50 шт., Aptaca	Лабораторная посуда и принадлежности из пластика/Планшеты	113	12002704	https://minimed.ru/product/1451/	minimed.ru
	Планшет с лунками для лабораторных исследований, ПС, 96 лунок, «V»-образное дно, без крышки, стер., инд.уп./50 шт., Aptaca	Лабораторная посуда и принадлежности из пластика/Планшеты	113	12002722	https://minimed.ru/product/1452/	minimed.ru
	Планшет с лунками для лабораторных исследований, ПС, 96 лунок, «П»-образное дно, без крышки, нестер., инд.уп./50 шт., Aptaca	Лабораторная посуда и принадлежности из пластика/Планшеты	108	12002724	https://minimed.ru/product/1453/	minimed.ru
	Планшет с лунками для лабораторных исследований, ПС, 96 лунок, «П»-образное дно, без крышки, стер., инд.уп./50 шт., Aptaca	Лабораторная посуда и принадлежности из пластика/Планшеты	113	12002725	https://minimed.ru/product/1454/	minimed.ru
	Планшет иммунологический, 96 лунок, "U"-образн.дно, с крышкой, стерильный, п/с, инд.уп./100 шт, Гритмед	Лабораторная посуда и принадлежности из пластика/Планшеты	86	12002719	https://minimed.ru/product/1455/	minimed.ru
	Планшет иммунологический,96 лунок,"V"-обр.дно, с крышкой, стерильный, п/с, инд.уп./100 шт, Гритмед	Лабораторная посуда и принадлежности из пластика/Планшеты	86	12002723	https://minimed.ru/product/1456/	minimed.ru
	Планшет иммунологический,96 лунок,"П"-образ.дно, с крышкой, стерильный, п/с, инд.уп./100 шт, Гритмед	Лабораторная посуда и принадлежности из пластика/Планшеты	86	12002720	https://minimed.ru/product/1457/	minimed.ru
	Планшет полимерный для иммунологических реакций однократного применения (с крышкой), 96 лунок,круглод. (стерильн)	Лабораторная посуда и принадлежности из пластика/Планшеты	129	12002709	https://minimed.ru/product/1458/	minimed.ru
	Планшет для иммуноферментного анализа, стерильный, 96-луночный, круглодонный (с крышкой), инд.уп.	Лабораторная посуда и принадлежности из пластика/Планшеты	83	12002769	https://minimed.ru/product/4101/	minimed.ru
	Планшет для иммуноферментного анализа, стерильный, 96-луночный, V-образное дно (с крышкой), инд.уп	Лабораторная посуда и принадлежности из пластика/Планшеты	112	12002786	https://minimed.ru/product/4102/	minimed.ru
	Планшет для иммуноферментного анализа, стерильный, 96-луночный, плоскодонный (с крышкой), инд.уп	Лабораторная посуда и принадлежности из пластика/Планшеты	91	12002787	https://minimed.ru/product/4103/	minimed.ru
	Планшет полистироловый для иммуноферментного анализа 96 лунок с крышкой, плоскод. (нестерил.) уп.1шт	Лабораторная посуда и принадлежности из пластика/Планшеты	125	12002705	https://minimed.ru/product/3716/	minimed.ru
	Пластина с луночками, 72 лунки, уп.5 /90 шт	Лабораторная посуда и принадлежности из пластика/Планшеты	117	12002703	https://minimed.ru/product/1460/	minimed.ru

Лабораторная посуда и принадлежности из пластика/Планшеты для ПЦР (без ДНКаз и РНКаз)						
	Планшет иммунологический 96-лунок, высокое связывание, открепл., 8 лунок х12 стрипов,без ДНКаз и РНКаз, п/с, плоское дно, стер., уп.10шт./кор.200,Jet Bio-Filtration	Лабораторная посуда и принадлежности из пластика/Планшеты для ПЦР (без ДНКаз и РНКаз)	1665	12002715	https://minimed.ru/product/1449/	minimed.ru

Лабораторная посуда и принадлежности из пластика/Планшеты для хранения микропрепаратов						
	Контейнер для хранения и транспортировки предметных стекол одноразового применения н/ст, тип "стопка" на 2 стекла, уп.100шт/кор.500шт	Лабораторная посуда и принадлежности из пластика/Планшеты для хранения микропрепаратов	23	12002789	https://minimed.ru/product/4117/	minimed.ru
	Контейнер для хранения предм.стекол, тип "стопка" на 5 стекол, п/п, уп.10/500шт.	Лабораторная посуда и принадлежности из пластика/Планшеты для хранения микропрепаратов	89	12005725	https://minimed.ru/product/4307/	minimed.ru
	Планшет для предметных стекол на 10 мест, АВS, инд.уп./уп.150 шт	Лабораторная посуда и принадлежности из пластика/Планшеты для хранения микропрепаратов	342	12002753	https://minimed.ru/product/3828/	minimed.ru
	Планшет для предметных стекол на 20 мест, п/с, шт/ кор.30шт.	Лабораторная посуда и принадлежности из пластика/Планшеты для хранения микропрепаратов	234	12002714	https://minimed.ru/product/1446/	minimed.ru
	Планшет для предметных стекол на 36 мест, АВS, инд.уп./уп.50 шт	Лабораторная посуда и принадлежности из пластика/Планшеты для хранения микропрепаратов	888	12002754	https://minimed.ru/product/3829/	minimed.ru
	Планшет для хранения и архивирования микропрепаратов на 10 мест, 340*100мм, ПС, Арtaca, инд.уп./40 шт	Лабораторная посуда и принадлежности из пластика/Планшеты для хранения микропрепаратов	333	12002726	https://minimed.ru/product/1447/	minimed.ru
	Планшет для хранения и архивирования микропрепаратов на 40 мест, 340*400мм, ПС, Арtaca, инд.уп./10 шт	Лабораторная посуда и принадлежности из пластика/Планшеты для хранения микропрепаратов	761	12002711	https://minimed.ru/product/1448/	minimed.ru
	Штатив-бокс д/хранения предм.стекол на 1 шт, п/п, уп.100 /1000 шт	Лабораторная посуда и принадлежности из пластика/Планшеты для хранения микропрепаратов	17	12002716	https://minimed.ru/product/2649/	minimed.ru
	Штатив-бокс д/хранения предм.стекол на 2 шт, п/п, уп.100 /1000 шт	Лабораторная посуда и принадлежности из пластика/Планшеты для хранения микропрепаратов	23	12002717	https://minimed.ru/product/2650/	minimed.ru
	Штатив-бокс д/хранения предм.стекол на 3 шт, п/п, уп.100 /1000 шт	Лабораторная посуда и принадлежности из пластика/Планшеты для хранения микропрепаратов	30	12002718	https://minimed.ru/product/2651/	minimed.ru

Лабораторная посуда и принадлежности из пластика/Подставки для колб						
	Подставка диам.160 мм для круглодонных колб, п/п, инд.уп./100 шт	Лабораторная посуда и принадлежности из пластика/Подставки для колб	328	12002369	https://minimed.ru/product/3683/	minimed.ru

Лабораторная посуда и принадлежности из пластика/Полислайд						
	Полислайд " " по 26*76*1,0, уп.100 шт	Лабораторная посуда и принадлежности из пластика/Полислайд	3	12003810	https://minimed.ru/product/1468/	minimed.ru

Лабораторная посуда и принадлежности из пластика/Приборы и принадлежности для СОЭ						
	Пробирка лабораторная с антикоагулянтом (0,2 мл цитрата натрия 3,8%) + Пипетка для дозирования биологических жидкостей, уп. 200 пар, Aptaca	Лабораторная посуда и принадлежности из пластика/Приборы и принадлежности для СОЭ	23	21000803	https://minimed.ru/product/814/	minimed.ru
	Пробирка лабораторная с антикоагулянтом (0,2 мл цитрата натрия 3,8%) + Пипетка для дозирования биологических жидкостей, уп. 200 пар, Aptaca	Лабораторная посуда и принадлежности из пластика/Приборы и принадлежности для СОЭ	38	21000803	https://minimed.ru/product/814/	minimed.ru
ПР-3	СОЭ-метр по ТУ 9443-009-52876351-2008, комплект № 1, уп.1/10 шт	Лабораторная посуда и принадлежности из пластика/Приборы и принадлежности для СОЭ	448	12005403	https://minimed.ru/product/1471/	minimed.ru
ПР-3	СОЭ-метр по ТУ 9443-009-52876351-2008, комплект № 2, шт	Лабораторная посуда и принадлежности из пластика/Приборы и принадлежности для СОЭ	1150	21000802	https://minimed.ru/product/1472/	minimed.ru
	Штатив на 10 мест, п/с,Аptaca,инд.уп.	Лабораторная посуда и принадлежности из пластика/Приборы и принадлежности для СОЭ	369	21000804	https://minimed.ru/product/2642/	minimed.ru

Лабораторная посуда и принадлежности из пластика/Пробирки для взятия капиллярной крови						
	Пробирка не вакуумная для взятия капиллярной крови 013-046-К2Е-1К-020-050- (с наполнителем, без капилляра, с одной крышкой, объем забираемой крови 0,2 мл), ПЕРИНТ, уп.50шт	Лабораторная посуда и принадлежности из пластика/Пробирки для взятия капиллярной крови	7	12008280	https://minimed.ru/product/4059/	minimed.ru
	Пробирка не вакуумная для взятия капиллярной крови 013-046-К2Е-2К-020-050- (с наполнителем, с капилляром, с двумя крышками, объем забираемой крови 0,2 мл), ПЕРИНТ, уп.50шт	Лабораторная посуда и принадлежности из пластика/Пробирки для взятия капиллярной крови	7	12008282	https://minimed.ru/product/4060/	minimed.ru
	Пробирка не вакуумная для взятия капиллярной крови 013-046-К3Е-1К-020-050- (с наполнителем, без капилляра, с одной крышкой, объем забираемой крови 0,2 мл), ПЕРИНТ, уп.50шт	Лабораторная посуда и принадлежности из пластика/Пробирки для взятия капиллярной крови	7	12008226	https://minimed.ru/product/4023/	minimed.ru
	Пробирка не вакуумная для взятия капиллярной крови 013-046-К3Е-2К-020-050- (с наполнителем, с капилляром, с двумя крышками, объем забираемой крови 0,2 мл), ПЕРИНТ, уп.50шт	Лабораторная посуда и принадлежности из пластика/Пробирки для взятия капиллярной крови	8	12008240	https://minimed.ru/product/4024/	minimed.ru
ЭДТА-К3	Пробирка с наполнителем 0,25 мл, с пласт. крышкой, уп.100/3000 шт, Гритмед	Лабораторная посуда и принадлежности из пластика/Пробирки для взятия капиллярной крови	10	12006390	https://minimed.ru/product/3021/	minimed.ru
ЭДТА-К3	Пробирка 0,25 мл с, с резиновой пробкой, уп.100/3000 шт, Гритмед	Лабораторная посуда и принадлежности из пластика/Пробирки для взятия капиллярной крови	14	12006331	https://minimed.ru/product/1507/	minimed.ru
	Пробирка не вакуумная для взятия капиллярной крови 013-046-К2Е-1К-050-050- (с наполнителем, без капилляра, с одной крышкой, объем забираемой крови 0,5мл) Перинт, уп.50шт	Лабораторная посуда и принадлежности из пластика/Пробирки для взятия капиллярной крови	7	12008281	https://minimed.ru/product/4061/	minimed.ru
	Пробирка не вакуумная для взятия капиллярной крови 013-046-К2Е-2К-050-050- (с наполнителем, с капилляром, с двумя крышками, объем забираемой крови 0,5мл) Перинт, уп.50шт	Лабораторная посуда и принадлежности из пластика/Пробирки для взятия капиллярной крови	7	12008283	https://minimed.ru/product/4062/	minimed.ru
	Пробирка не вакуумная для взятия капиллярной крови 013-046-К3Е-1К-050-050- (с наполнителем, без капилляра, с одной крышкой, объем забираемой крови 0,5 мл), ПЕРИНТ, уп.50шт	Лабораторная посуда и принадлежности из пластика/Пробирки для взятия капиллярной крови	7	12008227	https://minimed.ru/product/4025/	minimed.ru
	Пробирка не вакуумная для взятия капиллярной крови 013-046-К3Е-2К-050-050- (с наполнителем, с капилляром, с двумя крышками, объем забираемой крови 0,5 мл), ПЕРИНТ, уп.50шт	Лабораторная посуда и принадлежности из пластика/Пробирки для взятия капиллярной крови	8	12008241	https://minimed.ru/product/4026/	minimed.ru
ЭДТА-К3	Пробирка 0,5 мл с, уп.100 шт, Гритмед	Лабораторная посуда и принадлежности из пластика/Пробирки для взятия капиллярной крови	14	12006332	https://minimed.ru/product/1512/	minimed.ru
ЭДТА-К3	Устройство для исследования проб крови Microvette c коагулянтами и антикоагулянтами: устройства для исследования проб крови Microvette с К3ЭДТА, PP, 200мкл, уп.100 шт	Лабораторная посуда и принадлежности из пластика/Пробирки для взятия капиллярной крови	17	12006220	https://minimed.ru/product/2044/	minimed.ru
	ЮНИВЕТ-IIм микропробирка с антикоагулянтом 200 мкл, уп.100 шт	Лабораторная посуда и принадлежности из пластика/Пробирки для взятия капиллярной крови	700	12006328	https://minimed.ru/product/4260/	minimed.ru

Лабораторная посуда и принадлежности из пластика/Микропробирки для криохранения с делениями, завинчивающейся крышкой и юбкой устойчивости, п/п						
1,0 мл, 10,2x47,4 мм, без делений, с завинч крышкой и юбкой уст-ти., нестерил., Greetmed	Криопробирка 1мл, без дел., с завинч.крышкой, с юбкой уст-ти, н/стер, п/п, уп.500/6000 шт, Гритмед	Лабораторная посуда и принадлежности из пластика/Микропробирки для криохранения с делениями, завинчивающейся крышкой и юбкой устойчивости, п/п	6	11005462	https://minimed.ru/product/955/	minimed.ru
1,8 мл, 11x45 мм, с делениями, с завинч. крышкой и юбкой уст-ти, нестерил., Greetmed	Криопробирка 1,8мл, с дел., с завинч.крышкой, с юбкой уст-ти, н/стер, п/п, Гритмед, уп.500/5т.шт	Лабораторная посуда и принадлежности из пластика/Микропробирки для криохранения с делениями, завинчивающейся крышкой и юбкой устойчивости, п/п	5	11005432	https://minimed.ru/product/956/	minimed.ru
5 мл,16x60 мм, с дел., с юбкой уст-ти, Минимед	Пробирка цилиндрическая с винтовой крышкой, 5 мл,16×60 мм, с дел., с юбкой уст-ти, для замораживания, п/п, уп.200/2т. шт, ТУ 9464-015-29508133-2014	Лабораторная посуда и принадлежности из пластика/Микропробирки для криохранения с делениями, завинчивающейся крышкой и юбкой устойчивости, п/п	6	11005437	https://minimed.ru/product/3227/	minimed.ru

Лабораторная посуда и принадлежности из пластика/Криопробирки для ПЦР (без ДНКаз, РНКаз)						
3 мл, 12,6x70,4 мм, с внешней резьбой, стерил., Aptaca	Микропробирка для криохранения 3 мл,с внеш.резьбой,диам.12,6*70,4 мм,стерильная,п/п, без ДНКаз и РНКаз, уп.50шт./500 шт., Aptaca	Лабораторная посуда и принадлежности из пластика/Криопробирки для ПЦР (без ДНКаз, РНКаз)	14	11005480	https://minimed.ru/product/1095/	minimed.ru
0,5 мл	Микропробирка для криохранения, с основанием,стерильная, без ДНКаз и РНКаз,п/п,Jet Bio-Filtration, уп.100 шт./кор.1000шт.	Лабораторная посуда и принадлежности из пластика/Криопробирки для ПЦР (без ДНКаз, РНКаз)	14	11005561	https://minimed.ru/product/2953/	minimed.ru
1,2 мл, 12,6x41,6 мм, с внешней резьбой, стерил., Aptaca	Микропробирка для криохранения 1,2 мл,с внеш.резьбой,диам.12,6*41,6 мм,стерильная,п/п, без ДНКаз и РНКаз,уп.50шт./500 шт., Aptaca	Лабораторная посуда и принадлежности из пластика/Криопробирки для ПЦР (без ДНКаз, РНКаз)	43	11005458	https://minimed.ru/product/1093/	minimed.ru
1,5 мл	Микропробирка для криохранения, с основанием,стерильная, без ДНКаз и РНКаз,п/п,Jet Bio-Filtration, уп.100 шт./кор.1000шт.	Лабораторная посуда и принадлежности из пластика/Криопробирки для ПЦР (без ДНКаз, РНКаз)	15	11005563	https://minimed.ru/product/2955/	minimed.ru
1,5 мл	Микропробирка для криохранения,стерильная, без ДНКаз и РНКаз,п/п,Jet Bio-Filtration, уп.100 шт./кор.1000шт.	Лабораторная посуда и принадлежности из пластика/Криопробирки для ПЦР (без ДНКаз, РНКаз)	12	11005562	https://minimed.ru/product/2956/	minimed.ru
2 мл, 12,6x47 мм, с внешней резьбой, стерил., Aptaca	Микропробирка для криохранения 2 мл,с внеш.резьбой,диам.12,6*47 мм,стерильная,п/п, без ДНКаз и РНКаз, уп.50шт./500 шт., Aptaca	Лабораторная посуда и принадлежности из пластика/Криопробирки для ПЦР (без ДНКаз, РНКаз)	44	11005459	https://minimed.ru/product/1094/	minimed.ru
2 мл	Микропробирка для криохранения, с основанием,стерильная, без ДНКаз и РНКаз,п/п,Jet Bio-Filtration, уп.100 шт./кор.1000шт.	Лабораторная посуда и принадлежности из пластика/Криопробирки для ПЦР (без ДНКаз, РНКаз)	16	11005566	https://minimed.ru/product/2957/	minimed.ru
2 мл	Микропробирка для криохранения,стерильная, без ДНКаз и РНКаз,п/п,Jet Bio-Filtration, уп.100 шт./кор.1000шт.	Лабораторная посуда и принадлежности из пластика/Криопробирки для ПЦР (без ДНКаз, РНКаз)	15	11005564	https://minimed.ru/product/2958/	minimed.ru
3 мл, 12,6x70,4 мм, с внешней резьбой, стерил., Aptaca	Микропробирка для криохранения 3 мл,с внеш.резьбой,диам.12,6*70,4 мм,стерильная,п/п, без ДНКаз и РНКаз, уп.50шт./500 шт., Aptaca	Лабораторная посуда и принадлежности из пластика/Криопробирки для ПЦР (без ДНКаз, РНКаз)	48	11005480	https://minimed.ru/product/1095/	minimed.ru
4 мл, 12,6x75,5 мм, с внешней резьбой, стерил., Aptaca	Микропробирка для криохранения 4 мл,с внеш.резьбой,диам.12,6*75,5 мм,стерильная,п/п, без ДНКаз и РНКаз, уп.50шт./1000 шт., Aptaca	Лабораторная посуда и принадлежности из пластика/Криопробирки для ПЦР (без ДНКаз, РНКаз)	50	11005481	https://minimed.ru/product/1096/	minimed.ru
5 мл	Микропробирка для криохранения, с основанием,стерильная, без ДНКаз и РНКаз,п/п,Jet Bio-Filtration, уп.50 шт./кор.500шт.	Лабораторная посуда и принадлежности из пластика/Криопробирки для ПЦР (без ДНКаз, РНКаз)	26	11005565	https://minimed.ru/product/2959/	minimed.ru
5 мл, 12,6x89,3 мм, с внешней резьбой, стерил., Aptaca	Микропробирка для криохранения 5мл,с внеш.резьбой,стер,п/п,12,6*89,3 мм, без ДНКаз и РНКаз, уп.50шт./1000 шт., Aptaca	Лабораторная посуда и принадлежности из пластика/Криопробирки для ПЦР (без ДНКаз, РНКаз)	53	11005426	https://minimed.ru/product/1097/	minimed.ru

Лабораторная посуда и принадлежности из пластика/Пробирки и микропробирки для ПЦР (без ДНКаз и РНКаз)						
0,2 мл	Микропробирка, для ПЦР,с плоской крышкой,п/п,уп.1000 шт.,Аптака	Лабораторная посуда и принадлежности из пластика/Пробирки и микропробирки для ПЦР (без ДНКаз и РНКаз)	13113	11005451	https://minimed.ru/product/1827/	minimed.ru
0,2 мл	Микропробирка, тип Эппендорф, в стрипах по 8 шт.с крышкой, стерильная, без ДНКаз и РНКаз,уп.125 стрип.,Jet Bio-Filtration	Лабораторная посуда и принадлежности из пластика/Пробирки и микропробирки для ПЦР (без ДНКаз и РНКаз)	7380	11005572	https://minimed.ru/product/3857/	minimed.ru
0,2 мл	Микропробирка, тип Эппендорф, стерильная, без ДНКаз и РНКаз,п/п,Jet Bio-Filtration, уп.1000 шт./кор.10000шт.	Лабораторная посуда и принадлежности из пластика/Пробирки и микропробирки для ПЦР (без ДНКаз и РНКаз)	5940	11005570	https://minimed.ru/product/3858/	minimed.ru
0,5 мл	Микропробирка, для ПЦР,с выпуклой крышкой,п/п,уп.1000 шт.,Аптака	Лабораторная посуда и принадлежности из пластика/Пробирки и микропробирки для ПЦР (без ДНКаз и РНКаз)	10078	11005452	https://minimed.ru/product/3986/	minimed.ru
0,5 мл	Микропробирка, для ПЦР,с плоской крышкой,п/п,уп.1000 шт.,Аптака	Лабораторная посуда и принадлежности из пластика/Пробирки и микропробирки для ПЦР (без ДНКаз и РНКаз)	12330	11005453	https://minimed.ru/product/3987/	minimed.ru
0,5 мл	Микропробирка, п/п,с завинч.крышкой,стер., с уплотн.резиновым кольцом, б/ДНК-аз,РНК-аз, уп.500 шт./1000 шт., Aptaca	Лабораторная посуда и принадлежности из пластика/Пробирки и микропробирки для ПЦР (без ДНКаз и РНКаз)	23	11005526	https://minimed.ru/product/1511/	minimed.ru
0,5 мл	Микропробирка, тип Эппендорф, с дел., без ДНКаз и РНКаз,п/п,Jet Bio-Filtration, уп.1000 шт./кор.8000шт.	Лабораторная посуда и принадлежности из пластика/Пробирки и микропробирки для ПЦР (без ДНКаз и РНКаз)	3124	11005544	https://minimed.ru/product/2945/	minimed.ru
1,5 мл	Микропробирка, п/п, с завинч.крышкой,стер.,с уплотн.резиновым кольцом,б/ДНК-аз,РНК-аз,уп.500 шт/1000, Aptaca	Лабораторная посуда и принадлежности из пластика/Пробирки и микропробирки для ПЦР (без ДНКаз и РНКаз)	25	11005509	https://minimed.ru/product/1515/	minimed.ru
1,5 мл	Микропробирка, п/п,с завинч.крышкой,стер.,с уплотн.резиновым кольцом,с юбкой,б/ДНК-аз,РНК-аз, уп.500/1000шт., Aptaca	Лабораторная посуда и принадлежности из пластика/Пробирки и микропробирки для ПЦР (без ДНКаз и РНКаз)	25	11005520	https://minimed.ru/product/1527/	minimed.ru
	Микропробирка 1,5 мл, тип Эппендорф, с дел., без ДНК,ДНКаз и РНКаз, ПП, уп.1000 шт.,Аптака	Лабораторная посуда и принадлежности из пластика/Пробирки и микропробирки для ПЦР (без ДНКаз и РНКаз)	4689	11005454	https://minimed.ru/product/1091/	minimed.ru
1,5 мл	Микропробирка, тип Эппендорф, с дел., без ДНКаз и РНКаз,п/п,Jet Bio-Filtration, уп.500 шт./кор.4000шт.	Лабораторная посуда и принадлежности из пластика/Пробирки и микропробирки для ПЦР (без ДНКаз и РНКаз)	1485	11005537	https://minimed.ru/product/2947/	minimed.ru
1,5 мл	Микропробирка, тип Эппендорф, с дел.,стерильная, без ДНКаз и РНКаз,п/п,Jet Bio-Filtration, уп.500 шт./кор.4000шт.	Лабораторная посуда и принадлежности из пластика/Пробирки и микропробирки для ПЦР (без ДНКаз и РНКаз)	1638	11005546	https://minimed.ru/product/2948/	minimed.ru
	Микропробирка 2 мл, с делениями, без ДНКаз и РНКаз, ПП, уп.1000 шт., .Aptaca	Лабораторная посуда и принадлежности из пластика/Пробирки и микропробирки для ПЦР (без ДНКаз и РНКаз)	5175	11005455	https://minimed.ru/product/1092/	minimed.ru
2 мл	Пробирка Винтовая 2,0 мл с юбкой, с винтовой крышкой с кольцевой прокладкой, белая крышка, уп.1000шт	Лабораторная посуда и принадлежности из пластика/Пробирки и микропробирки для ПЦР (без ДНКаз и РНКаз)	15	11005581	https://minimed.ru/product/4104/	minimed.ru
2 мл	Микропробирка, п/п с завинч.кр.,стер.,с уплотн.резиновым кольцом,с основанием,б/ДНК-аз,РНК-аз,уп.500/1000шт., Aptaca	Лабораторная посуда и принадлежности из пластика/Пробирки и микропробирки для ПЦР (без ДНКаз и РНКаз)	28	11005523	https://minimed.ru/product/1606/	minimed.ru
2 мл	Микропробирка, п/п с завинч.кр.,стер.,с уплотн.резиновым кольцом, б/ДНК-аз,РНК-аз, уп.500/1000шт., Aptaca	Лабораторная посуда и принадлежности из пластика/Пробирки и микропробирки для ПЦР (без ДНКаз и РНКаз)	27	11005522	https://minimed.ru/product/1605/	minimed.ru
2 мл	Микропробирка, тип Эппендорф, с дел., без ДНКаз и РНКаз,п/п,Jet Bio-Filtration, уп.500 шт./кор.4000шт.	Лабораторная посуда и принадлежности из пластика/Пробирки и микропробирки для ПЦР (без ДНКаз и РНКаз)	1618	11005538	https://minimed.ru/product/2949/	minimed.ru
2 мл	Микропробирка, тип Эппендорф, с дел.,стерильная.,без ДНКаз и РНКаз,п/п,Jet Bio-Filtration, уп.500 шт./кор.4000шт.	Лабораторная посуда и принадлежности из пластика/Пробирки и микропробирки для ПЦР (без ДНКаз и РНКаз)	1782	11005539	https://minimed.ru/product/2950/	minimed.ru
5 мл	Микропробирка, тип Эппендорф, с дел., без ДНКаз и РНКаз,п/п,Jet Bio-Filtration, уп.200 шт./кор.4000шт.	Лабораторная посуда и принадлежности из пластика/Пробирки и микропробирки для ПЦР (без ДНКаз и РНКаз)	3195	11005542	https://minimed.ru/product/2951/	minimed.ru
5 мл	Микропробирка, тип Эппендорф, с дел.,стерильная без ДНКаз и РНКаз,п/п,Jet Bio-Filtration, уп.200 шт./кор.4000шт.	Лабораторная посуда и принадлежности из пластика/Пробирки и микропробирки для ПЦР (без ДНКаз и РНКаз)	3555	11005543	https://minimed.ru/product/2952/	minimed.ru
15 мл	Пробирка,коническая,с дел.,стер.,для ПЦР,п/п, JET BIOFIL, уп.25/кор.500	Лабораторная посуда и принадлежности из пластика/Пробирки и микропробирки для ПЦР (без ДНКаз и РНКаз)	468	11005547	https://minimed.ru/product/2992/	minimed.ru
50 мл	Пробирка, коническая,с дел.,стер.,для ПЦР,п/п,уп.25/кор.500,JET BIOFIL	Лабораторная посуда и принадлежности из пластика/Пробирки и микропробирки для ПЦР (без ДНКаз и РНКаз)	657	11005548	https://minimed.ru/product/2993/	minimed.ru
50 мл	Пробирка,коническая,с основаним,с дел.,стер.,без ДНКаз и РНКаз,п/п,уп.25/кор.500,JET BIOFIL	Лабораторная посуда и принадлежности из пластика/Пробирки и микропробирки для ПЦР (без ДНКаз и РНКаз)	891	11005549	https://minimed.ru/product/2994/	minimed.ru

Лабораторная посуда и принадлежности из пластика/Пробирки для урины, Aptaca						
12 мл, 17x105 мм, с делениями и крышкой, нестерил., п/с	Пробирка лабораторная, с крышкой, 12 мл,с дел., 17×105 мм, н/стерил., п/с,уп.1000 шт.,Aptaca	Лабораторная посуда и принадлежности из пластика/Пробирки для урины, Aptaca	11	11005472	https://minimed.ru/product/1830/	minimed.ru
12 мл, 17x105 мм, с делениями и крышкой, стерил., инд. уп., п/с	Пробирка лабораторная, с крышкой, 12 мл,с дел., 17×105 мм, стерил., инд.уп., п/с,уп.1000 шт.,Aptaca	Лабораторная посуда и принадлежности из пластика/Пробирки для урины, Aptaca	23	11005444	https://minimed.ru/product/1831/	minimed.ru

Лабораторная посуда и принадлежности из пластика/Пробирки конические без делений и пробки, нестерильные						
10 мл, 16x100 мм, нестерил., с делениями, без пробки, п/п, МиниМед	Пробирка медицинская полимерная по ТУ 9464-015-29508133-2014, коническая без пробки, 10 мл, 16х100, п/п, с делениями, уп.100 / 2500 шт	Лабораторная посуда и принадлежности из пластика/Пробирки конические без делений и пробки, нестерильные	11	11005403	https://minimed.ru/product/1542/	minimed.ru
10 мл, 16x100 мм, п/п, Перинт	Пробирка полимерная нестерильная для диагностики in vitro. Пробирка коническая ПП ГУ, 10мл, ПЕРИНТ, уп.100шт	Лабораторная посуда и принадлежности из пластика/Пробирки конические без делений и пробки, нестерильные	4	11000115	https://minimed.ru/product/3659/	minimed.ru
10 мл,16x100 мм, п/п, МиниМед	Пробирка коническая без пробки, 10 мл,16*100 мм, п/п, по ТУ 9464-015-29508133-2014, уп.100 шт	Лабораторная посуда и принадлежности из пластика/Пробирки конические без делений и пробки, нестерильные	5	11005517	https://minimed.ru/product/4018/	minimed.ru
10 мл,16x100 мм, п/п, МиниМед	Пробирка коническая без пробки, 10 мл,16*100 мм, п/п,по ТУ 9464-015-29508133-2014, уп.500/2500 шт	Лабораторная посуда и принадлежности из пластика/Пробирки конические без делений и пробки, нестерильные	4	11005516	https://minimed.ru/product/4056/	minimed.ru
10 мл, 16x100 мм, п/п, FL medical	Пробирка полимерная лабораторная коническая 10 мл уп.100 шт/2000 шт, п/п, FL medical	Лабораторная посуда и принадлежности из пластика/Пробирки конические без делений и пробки, нестерильные	6	11005404	https://minimed.ru/product/1544/	minimed.ru
10 мл, 16x100 мм, п/п, FL medical	Пробирка полимерная лабораторная коническая 10 мл, уп.2000 шт, п/п, FL medical	Лабораторная посуда и принадлежности из пластика/Пробирки конические без делений и пробки, нестерильные	6	11005438	https://minimed.ru/product/1545/	minimed.ru
10 мл, 16x100 мм, п/п, Aptaca	Пробирка лабораторная 10 мл, коническая, 16х100 мм, ПП, уп.100/2000 шт., Aptaca	Лабораторная посуда и принадлежности из пластика/Пробирки конические без делений и пробки, нестерильные	5	11005493	https://minimed.ru/product/1546/	minimed.ru
10 мл, 16x100 мм, п/п, Aptaca	Пробирка лабораторная 10 мл, коническая, 16х100 мм, ПП, уп. 2000 шт., Aptaca	Лабораторная посуда и принадлежности из пластика/Пробирки конические без делений и пробки, нестерильные	4	11005479	https://minimed.ru/product/1547/	minimed.ru
10 мл,16x100 мм, п/c, МиниМед	Пробирка коническая без пробки, 10 мл,16*100 мм, п/c,по ТУ 9464-015-29508133-2014, уп.100 шт	Лабораторная посуда и принадлежности из пластика/Пробирки конические без делений и пробки, нестерильные	5	11005498	https://minimed.ru/product/3917/	minimed.ru
10 мл,16x100 мм, п/c, МиниМед	Пробирка коническая без пробки, 10 мл,16*100 мм, п/c,по ТУ 9464-015-29508133-2014, уп.500/2000 шт	Лабораторная посуда и принадлежности из пластика/Пробирки конические без делений и пробки, нестерильные	4	11005499	https://minimed.ru/product/4065/	minimed.ru
10 мл, 16x100 мм, п/с, Aptaca	Пробирка лабораторная 10 мл, коническая, 16х100 мм, ПС, уп.2000 шт, Aptaca	Лабораторная посуда и принадлежности из пластика/Пробирки конические без делений и пробки, нестерильные	5	11005446	https://minimed.ru/product/1549/	minimed.ru
10 мл, 16x100 мм, п/с, Aptaca	Пробирка лабораторная 10 мл, коническая, 16х100 мм, ПС, уп. 100 шт., Aptaca	Лабораторная посуда и принадлежности из пластика/Пробирки конические без делений и пробки, нестерильные	5	11005447	https://minimed.ru/product/1548/	minimed.ru

Лабораторная посуда и принадлежности из пластика/Пробирки конические с делениями с винтовой крышкой или пробкой, нестерильные						
10 мл, 17x107 мм, белая градуировка, МиниМед	Пробирка коническая с винтовой крышкой, 10 мл, 17×107 мм,с дел, п/п, уп.100шт, ТУ 9464-015-29508133-2014, кор. 1600шт.	Лабораторная посуда и принадлежности из пластика/Пробирки конические с делениями с винтовой крышкой или пробкой, нестерильные	10	11005401	https://minimed.ru/product/2889/	minimed.ru
10 мл, 17x107 мм, черная градуировка, МиниМед	Пробирка коническая с винтовой крышкой, 10 мл, 17×107 мм,с дел, п/п, ТУ 9464-015-29508133-2014, уп.100шт, / кор. 1600шт.	Лабораторная посуда и принадлежности из пластика/Пробирки конические с делениями с винтовой крышкой или пробкой, нестерильные	10	11005574	https://minimed.ru/product/3989/	minimed.ru
10 мл, 18,4 x100 мм, Литопласт	Пробирка полимерная коническая мерная с крышкой вместимостью 10 мл, п/п, нестерильная, уп.100 шт, Литопласт	Лабораторная посуда и принадлежности из пластика/Пробирки конические с делениями с винтовой крышкой или пробкой, нестерильные	7	12005482	https://minimed.ru/product/3525/	minimed.ru
10 мл, 18,4 x100 мм, Литопласт	Пробирка полимерная коническая мерная с крышкой вместимостью 10 мл, п/п, нестерильная, уп.1500 шт, Литопласт	Лабораторная посуда и принадлежности из пластика/Пробирки конические с делениями с винтовой крышкой или пробкой, нестерильные	5	12005480	https://minimed.ru/product/1537/	minimed.ru
10 мл, 16x100 мм, с пробкой, без делений, п/п, Aptaca	Пробирка лабораторная 10 мл, коническая, 16x100, п/п, нестерильная, с пробкой, уп.250/3000 шт, Aptaca	Лабораторная посуда и принадлежности из пластика/Пробирки конические с делениями с винтовой крышкой или пробкой, нестерильные	7	11005474	https://minimed.ru/product/1574/	minimed.ru
10мл, 16x100мм, с пробкой, без делений, п/п, МиниМед	Пробирка коническая без пробки 10 мл, 16×100 мм, п/п, н/стер, Пробка 16 мм, ТУ 9464-015-29508133-2014, уп.100/2500 шт	Лабораторная посуда и принадлежности из пластика/Пробирки конические с делениями с винтовой крышкой или пробкой, нестерильные	6	11005713	https://minimed.ru/product/3722/	minimed.ru
10мл, 16x100мм, с пробкой, без делений, п/с, МиниМед	Пробирка коническая без пробки 10 мл, 16×100 мм, п/с, н/стер, Пробка 16 мм, ТУ 9464-015-29508133-2014, уп.100/2500 шт	Лабораторная посуда и принадлежности из пластика/Пробирки конические с делениями с винтовой крышкой или пробкой, нестерильные	6	11005712	https://minimed.ru/product/3723/	minimed.ru
10 мл, 16x100 мм, с пробкой, без делений, п/с, Aptaca	Пробирка лабораторная 10 мл, коническая, 16x100, п/с, нестерильная, с/пробк.,уп.250 шт., Aptaca	Лабораторная посуда и принадлежности из пластика/Пробирки конические с делениями с винтовой крышкой или пробкой, нестерильные	7	11005473	https://minimed.ru/product/1573/	minimed.ru
13,5 мл, 16x110 мм, без делений, п/с, Aptaca	Пробирка лабораторная 13,5 мл,коническая,16*110 мм, с винт.кр., б/дел., п/c, Aptaca, уп. 150 шт./кор.750 шт.	Лабораторная посуда и принадлежности из пластика/Пробирки конические с делениями с винтовой крышкой или пробкой, нестерильные	6	11005465	https://minimed.ru/product/1580/	minimed.ru
13,5 мл, 16x110 мм, без делений, Aptaca	Пробирка лабораторная 13,5 мл,коническая,16*110 мм, с винт.кр., б/дел.,п/п, Aptaca, уп. 150 шт./кор.750 шт.	Лабораторная посуда и принадлежности из пластика/Пробирки конические с делениями с винтовой крышкой или пробкой, нестерильные	9	11005470	https://minimed.ru/product/1581/	minimed.ru
15 мл, 18,5 x120 мм, Литопласт	Пробирка полимерная коническая мерная с крышкой вместимостью 15 мл, п/п, в групповой упаковке нестерильная, уп.50шт/кор.300шт, Литопласт	Лабораторная посуда и принадлежности из пластика/Пробирки конические с делениями с винтовой крышкой или пробкой, нестерильные	8	12005479	https://minimed.ru/product/1587/	minimed.ru
15 мл, 17x121 мм, белая градуировка, МиниМед	Пробирка коническая с винтовой крышкой, 15 мл,17×121 мм, с дел. п/п, уп.100шт, ТУ 9464-015-29508133-2014	Лабораторная посуда и принадлежности из пластика/Пробирки конические с делениями с винтовой крышкой или пробкой, нестерильные	10	11005409	https://minimed.ru/product/2890/	minimed.ru
15 мл, 17x121 мм, черная градуировка, МиниМед	Пробирка коническая с винтовой крышкой, 15 мл,17×121 мм, с дел. п/п, уп.100шт, ТУ 9464-015-29508133-2014, уп.100/1000 шт	Лабораторная посуда и принадлежности из пластика/Пробирки конические с делениями с винтовой крышкой или пробкой, нестерильные	11	12002372	https://minimed.ru/product/3695/	minimed.ru
15 мл, 17x120 мм, Aptaca	Пробирка лабораторная 15 мл,коническая,17*120 мм, с винт.кр., с/дел.,п/п, Aptaca, уп.150/750 шт	Лабораторная посуда и принадлежности из пластика/Пробирки конические с делениями с винтовой крышкой или пробкой, нестерильные	15	11005463	https://minimed.ru/product/1592/	minimed.ru
50 мл, 29x117 мм, с юбкой устойчивости, МиниМед	Пробирка коническая с винтовой крышкой, 50 мл, 29×117 мм,с дел., с юбкой уст-ти, п/п, ТУ 9464-015-29508133-2014, уп.50/500шт	Лабораторная посуда и принадлежности из пластика/Пробирки конические с делениями с винтовой крышкой или пробкой, нестерильные	17	11005410	https://minimed.ru/product/3048/	minimed.ru
50 мл, 29x117 мм, без юбки устойчивости, МиниМед	Пробирка коническая с винтовой крышкой, 50 мл, 29×117 мм,с дел., п/п, уп.50/500шт, ТУ 9464-015-29508133-2014	Лабораторная посуда и принадлежности из пластика/Пробирки конические с делениями с винтовой крышкой или пробкой, нестерильные	16	11005411	https://minimed.ru/product/2873/	minimed.ru
50 мл, 31,6 x118,4 мм, тип Фалькон, с юбкой устойчивости, Литопласт	Пробирка полимерная коническая мерная с крышкой вместимостью 50 мл (с юбкой устойчивости), п/п, нестерильная, инд.уп/уп.350шт,Литопласт	Лабораторная посуда и принадлежности из пластика/Пробирки конические с делениями с винтовой крышкой или пробкой, нестерильные	13	11005490	https://minimed.ru/product/1769/	minimed.ru
50 мл, 31,6 x115,6 мм, тип Фалькон, без юбки устойчивости, Литопласт	Пробирка полимерная коническая мерная с крышкой вместимостью 50 мл, п/п, нестерильная, инд.уп/уп.350шт,Литопласт	Лабораторная посуда и принадлежности из пластика/Пробирки конические с делениями с винтовой крышкой или пробкой, нестерильные	12	11005492	https://minimed.ru/product/1772/	minimed.ru

Лабораторная посуда и принадлежности из пластика/Пробирки конические с пробкой или навинчивающейся крышкой, стерильные						
10 мл, 18,4 x100 с навинчивающейся крышкой, с делениями, п/п, Литопласт	Пробирка полимерная коническая мерная с крышкой вместимостью 10 мл, п/п, стерильная, инд.уп/кор.1000шт,Литопласт	Лабораторная посуда и принадлежности из пластика/Пробирки конические с пробкой или навинчивающейся крышкой, стерильные	7	11005475	https://minimed.ru/product/1539/	minimed.ru
10 мл, 16x103 мм, с навинчивающейся крышкой, с делениями, п/п, Greetmed	Пробирка 10 мл коническая с делениями,п/п,с винт.кр.,стерильная, уп.50/1600 шт, Гритмед	Лабораторная посуда и принадлежности из пластика/Пробирки конические с пробкой или навинчивающейся крышкой, стерильные	11	11005471	https://minimed.ru/product/1540/	minimed.ru
10 мл, 16x100 мм, с пробкой, без делений, п/п, Китай	Пробирка 10 мл коническая с пробкой, с этикеткой, п/п, стерильная, Гритмед,уп.100шт/кор.2500 шт.	Лабораторная посуда и принадлежности из пластика/Пробирки конические с пробкой или навинчивающейся крышкой, стерильные	5	11005716	https://minimed.ru/product/3783/	minimed.ru
10 мл, 16x100 мм, с пробкой, без делений, п/п, Aptaca	Пробирка лабораторная 10 мл, коническая, 16x100, п/п, стерильная, с/пробк., с/этик, уп.250 шт, Aptaca	Лабораторная посуда и принадлежности из пластика/Пробирки конические с пробкой или навинчивающейся крышкой, стерильные	9	11005400	https://minimed.ru/product/1569/	minimed.ru
10 мл, 16x100 мм, с пробкой, без делений, п/с, Китай	Пробирка 10 мл коническая с пробкой, с этикеткой, п/с, стерильная, Гритмед,уп.100шт/2500 шт.	Лабораторная посуда и принадлежности из пластика/Пробирки конические с пробкой или навинчивающейся крышкой, стерильные	6	11005717	https://minimed.ru/product/3705/	minimed.ru
10 мл, 16x100 мм, с пробкой и этикеткой, п/с, FL medical	Пробирка полимерная лабораторная коническая 10 мл (с пробкой и этикеткой), п/с, стерильная, уп.100/1600 шт, FL medical	Лабораторная посуда и принадлежности из пластика/Пробирки конические с пробкой или навинчивающейся крышкой, стерильные	16	11005430	https://minimed.ru/product/1571/	minimed.ru
10 мл, 16x100 мм, с пробкой, без делений, п/с, Aptaca	Пробирка лабораторная 10 мл, коническая, 16x100, п/с, стерильная, с/пробк., с/этик, уп.250 шт, Aptaca	Лабораторная посуда и принадлежности из пластика/Пробирки конические с пробкой или навинчивающейся крышкой, стерильные	13	11005441	https://minimed.ru/product/1570/	minimed.ru
10 мл, 16x100 мм, с пробкой и этикеткой, п/п, FL medical	Пробирка полимерная лабораторная коническая 10 мл (с пробкой и этикеткой) п/п, стерильная, уп.100/1600 шт, FL medical	Лабораторная посуда и принадлежности из пластика/Пробирки конические с пробкой или навинчивающейся крышкой, стерильные	14	11005431	https://minimed.ru/product/1572/	minimed.ru
13,5 мл, 16x110 мм, с навинчивающейся крышкой, без делений, п/с, Aptaca	Пробирка лабораторная 13,5 мл,коническая,16*110 мм, с винт.кр.,стерильная,б/дел.,п/c, инд.уп./100/800 шт, Aptaca	Лабораторная посуда и принадлежности из пластика/Пробирки конические с пробкой или навинчивающейся крышкой, стерильные	24	11005467	https://minimed.ru/product/1582/	minimed.ru
13,5 мл, 16x110 мм, с навинчивающейся крышкой, без делений, п/с, Aptaca	Пробирка лабораторная 13,5 мл,коническая,16*110 мм, с винт.кр.,стерильная,б/дел.,п/c, уп.150/1200 шт, Aptaca	Лабораторная посуда и принадлежности из пластика/Пробирки конические с пробкой или навинчивающейся крышкой, стерильные	21	11005466	https://minimed.ru/product/1583/	minimed.ru
13,5 мл, 16x110 мм, с навинчивающейся крышкой, без делений, п/п, Aptaca	Пробирка лабораторная 13,5 мл,коническая,16*110 мм, с винт.кр.,стерильная,б/дел.,п/п, инд.уп./100/800 шт, Aptaca	Лабораторная посуда и принадлежности из пластика/Пробирки конические с пробкой или навинчивающейся крышкой, стерильные	24	11005469	https://minimed.ru/product/1584/	minimed.ru
13,5 мл, 16x110 мм, с навинчивающейся крышкой, без делений, п/п, Aptaca	Пробирка лабораторная 13,5 мл,коническая,16*110 мм, с винт.кр.,стерильная,б/дел.,п/п, уп.150/1200 шт, Aptaca	Лабораторная посуда и принадлежности из пластика/Пробирки конические с пробкой или навинчивающейся крышкой, стерильные	21	11005468	https://minimed.ru/product/1585/	minimed.ru
15 мл, 18,5 x120 с навинчивающейся крышкой, с делениями, п/п, Литопласт	Пробирка полимерная коническая мерная с крышкой вместимостью 15 мл, п/п, стерильная, инд.уп/кор.700шт, Литопласт	Лабораторная посуда и принадлежности из пластика/Пробирки конические с пробкой или навинчивающейся крышкой, стерильные	8	11005476	https://minimed.ru/product/1588/	minimed.ru
15 мл, 17x120 мм, с навинчивающейся крышкой, с делениями, п/п, Aptaca	Пробирка лабораторная 15 мл,коническая,17*120 мм, с винт.кр.,стер.,с/дел.,п/п, уп.150/1050 шт, Aptaca	Лабораторная посуда и принадлежности из пластика/Пробирки конические с пробкой или навинчивающейся крышкой, стерильные	18	11005433	https://minimed.ru/product/1593/	minimed.ru
15 мл, 17x120 мм, с навинчивающейся крышкой, с делениями, п/п, Aptaca	Пробирка лабораторная 15 мл,коническая,17*120 мм, с винт.кр.,стер.,с/дел.,п/п, инд.уп./700 шт, Aptaca	Лабораторная посуда и принадлежности из пластика/Пробирки конические с пробкой или навинчивающейся крышкой, стерильные	24	11005464	https://minimed.ru/product/1594/	minimed.ru
50 мл, 30x117 мм, с навинчивающейся крышкой, с делениями, п/п, Greetmed	Пробирка 50 мл коническая, с винтовой крышкой, с дел.,п/п, стерильная, инд.уп./25/500 шт, Гритмед	Лабораторная посуда и принадлежности из пластика/Пробирки конические с пробкой или навинчивающейся крышкой, стерильные	19	11005442	https://minimed.ru/product/1761/	minimed.ru
50 мл, 30x117 мм, с юбкой устойчивости, с навинчивающейся крышкой, с делениями, п/п, Greetmed	Пробирка 50 мл коническая, с винтовой. крышкой, с дел.,с юбкой уст-ти,п/п, стерильная, уп.50/500 шт, Гритмед	Лабораторная посуда и принадлежности из пластика/Пробирки конические с пробкой или навинчивающейся крышкой, стерильные	19	11005457	https://minimed.ru/product/1765/	minimed.ru
50 мл, 30x117 мм, с юбкой устойчивости, с навинчивающейся крышкой, с делениями, п/п, Greetmed	Пробирка 50 мл коническая, с винтовой. крышкой, с дел.,с юбкой уст-ти,п/п,инд.уп./25шт,стерильная, Гритмед	Лабораторная посуда и принадлежности из пластика/Пробирки конические с пробкой или навинчивающейся крышкой, стерильные	21	11005443	https://minimed.ru/product/1764/	minimed.ru
50 мл, 30x117 мм, с навинчивающейся крышкой, с делениями, п/п, Greetmed	Пробирка 50 мл коническая, с винтовой крышкой, с дел.,п/п, стерильная, уп.50/500 шт, Гритмед	Лабораторная посуда и принадлежности из пластика/Пробирки конические с пробкой или навинчивающейся крышкой, стерильные	17	11005456	https://minimed.ru/product/1760/	minimed.ru
50 мл,31,6 x115,6 без юбки устойчивости, с навинчивающейся крышкой, с делениями, Литопласт	Пробирка полимерная коническая мерная с крышкой вместимостью 50 мл, п/п, стерильная, инд.уп/уп.350шт,Литопласт	Лабораторная посуда и принадлежности из пластика/Пробирки конические с пробкой или навинчивающейся крышкой, стерильные	12	11005491	https://minimed.ru/product/1770/	minimed.ru
50 мл, 31,6 x118,4 с юбкой устойчивости, с навинчивающейся крышкой, с делениями, Литопласт	Пробирка полимерная коническая мерная с крышкой вместимостью 50 мл (с юбкой устойчивости), п/п, стерильная, инд.уп/уп.350шт,Литопласт	Лабораторная посуда и принадлежности из пластика/Пробирки конические с пробкой или навинчивающейся крышкой, стерильные	13	11005477	https://minimed.ru/product/1771/	minimed.ru

Лабораторная посуда и принадлежности из пластика/Пробирки микроцентрифужные (Эппендорфа) нестерильные						
0,2 мл	Пробирка микроцентрифужная,типа "Эппендорф",п/п, уп.1000 шт, Гритмед	Лабораторная посуда и принадлежности из пластика/Пробирки микроцентрифужные (Эппендорфа) нестерильные	414	11005500	https://minimed.ru/product/1503/	minimed.ru
0,2 мл	Микропробирка (тип Eppendorf), с крышкой,уп.1000 шт, п/п, б/дел., Aptaca	Лабораторная посуда и принадлежности из пластика/Пробирки микроцентрифужные (Эппендорфа) нестерильные	1242	11005525	https://minimed.ru/product/1504/	minimed.ru
0,5 мл	Пробирка микроцентрифужная (Эппендорфа), с дел, п/п, ТУ 9464-015-29508133-2014, уп. 1000 шт	Лабораторная посуда и принадлежности из пластика/Пробирки микроцентрифужные (Эппендорфа) нестерильные	527	11005501	https://minimed.ru/product/3047/	minimed.ru
0,5 мл	Микропробирка (тип Eppendorf), с крышкой, б/дел., п/п, уп.1000 шт, Aptaca	Лабораторная посуда и принадлежности из пластика/Пробирки микроцентрифужные (Эппендорфа) нестерильные	1701	11005512	https://minimed.ru/product/1510/	minimed.ru
1,5 мл	Микропробирка (тип Eppendorf), б/ дел, б/пробки, п/п, уп.1000 шт, Aptaca	Лабораторная посуда и принадлежности из пластика/Пробирки микроцентрифужные (Эппендорфа) нестерильные	2097	11005511	https://minimed.ru/product/1513/	minimed.ru
1,5 мл	Пробирка микроцентрифужная (Эппендорфа), б/ дел.с завинч.крышкой, п/п, ТУ 9464-015-29508133-2014, уп.500 шт/кор.20 уп	Лабораторная посуда и принадлежности из пластика/Пробирки микроцентрифужные (Эппендорфа) нестерильные	2364	11005502	https://minimed.ru/product/4064/	minimed.ru
1,5 мл	Пробирка микроцентрифужная (Эппендорфа), с дел, п/п, ТУ 9464-015-29508133-2014, уп.500шт	Лабораторная посуда и принадлежности из пластика/Пробирки микроцентрифужные (Эппендорфа) нестерильные	342	11005503	https://minimed.ru/product/2871/	minimed.ru
1,5 мл	Пробирка медицинская полимерная по ТУ 9464-015-29508133-2014, микроцентрифужная (Эппендорфа), с дел., с замком, п/п, уп.500 шт	Лабораторная посуда и принадлежности из пластика/Пробирки микроцентрифужные (Эппендорфа) нестерильные	351	11005515	https://minimed.ru/product/3485/	minimed.ru
1,5 мл	Микропробирка, типа "Эппендорф",с дел, c крышкой, п/п, уп.1000шт, Aptaca	Лабораторная посуда и принадлежности из пластика/Пробирки микроцентрифужные (Эппендорфа) нестерильные	1476	11005521	https://minimed.ru/product/1518/	minimed.ru
1,5 мл	Пробирка микроцентрифужная желтая с пробк.,типа "Эппендорф",с дел.,п/п, уп.500 шт, FL medical	Лабораторная посуда и принадлежности из пластика/Пробирки микроцентрифужные (Эппендорфа) нестерильные	1138	11005534	https://minimed.ru/product/1523/	minimed.ru
1,5 мл	Пробирка микроцентрифужная зеленая с пробк.,типа "Эппендорф",с дел.,п/п, уп.500 шт, FL medical	Лабораторная посуда и принадлежности из пластика/Пробирки микроцентрифужные (Эппендорфа) нестерильные	1138	11005535	https://minimed.ru/product/1524/	minimed.ru
1,5 мл	Пробирка микроцентрифужная розовая с пробк.,типа "Эппендорф",с дел.,п/п, уп.500 шт, FL medical	Лабораторная посуда и принадлежности из пластика/Пробирки микроцентрифужные (Эппендорфа) нестерильные	1138	11005508	https://minimed.ru/product/1525/	minimed.ru
1,5 мл	Пробирка микроцентрифужная синяя,типа "Эппендорф",с дел.,п/п, FL medical	Лабораторная посуда и принадлежности из пластика/Пробирки микроцентрифужные (Эппендорфа) нестерильные	1138	11005507	https://minimed.ru/product/1526/	minimed.ru
1,5 мл	Пробирка микроцентрифужная,коническая,типа "Эппендорф",с дел., уп.500 шт, FL medical	Лабораторная посуда и принадлежности из пластика/Пробирки микроцентрифужные (Эппендорфа) нестерильные	1107	11005505	https://minimed.ru/product/1517/	minimed.ru
2,0 мл	Микропробирка 2 мл, с дел., п/п, уп.1000 шт/кор.10 уп, Aptaca	Лабораторная посуда и принадлежности из пластика/Пробирки микроцентрифужные (Эппендорфа) нестерильные	1909	11005510	https://minimed.ru/product/4066/	minimed.ru
2,0 мл	Пробирка микроцентрифужная (Эппендорфа), с дел., п/п, ТУ 9464-015-29508133-2014, уп.500 шт, кор.20 уп	Лабораторная посуда и принадлежности из пластика/Пробирки микроцентрифужные (Эппендорфа) нестерильные	473	11005504	https://minimed.ru/product/3888/	minimed.ru
2,0 мл	Пробирка микроцентрифужная (Эппендорфа), с дел., с замком, п/п, ТУ 9464-015-29508133-2014, уп.500шт/кор.8уп	Лабораторная посуда и принадлежности из пластика/Пробирки микроцентрифужные (Эппендорфа) нестерильные	482	11005555	https://minimed.ru/product/3868/	minimed.ru

Лабораторная посуда и принадлежности из пластика/Пробирки микроцентрифужные (Эппендорфа) стерильные						
1,5 мл	Пробирка коническая с защелкивающейся крышкой стерильная по ТУ 22.29.29-023-29508133-2017, п/п, уп.100шт/кор.10 уп	Лабораторная посуда и принадлежности из пластика/Пробирки микроцентрифужные (Эппендорфа) стерильные	108	11005556	https://minimed.ru/product/4015/	minimed.ru
2,0 мл	Пробирка коническая с защелкивающейся крышкой 2 мл стерильная по ТУ 22.29.29-023-29508133-2017, п/п, уп.100 шт/кор.20 уп	Лабораторная посуда и принадлежности из пластика/Пробирки микроцентрифужные (Эппендорфа) стерильные	200	11005557	https://minimed.ru/product/4016/	minimed.ru

Лабораторная посуда и принадлежности из пластика/Пробирки с защелкивающейся крышкой						
5 мл,14x50,с дел.,п/п, МиниМед	Пробирка цилиндрическая с защелкивающейся крышкой 5 мл,14*50, с делениями, п/п, уп.300 шт, ТУ 9464-015-29508133-2014	Лабораторная посуда и принадлежности из пластика/Пробирки с защелкивающейся крышкой	5	11000403	https://minimed.ru/product/2874/	minimed.ru
7 мл, 15x62 мм, с делен, п/п, Greetmed	Пробирка цилиндрическая с крышкой 7 мл,15*62, с делениями, п/п, уп.200 шт, Гритмед	Лабораторная посуда и принадлежности из пластика/Пробирки с защелкивающейся крышкой	6	11000402	https://minimed.ru/product/1857/	minimed.ru
10 мл, 16x80 мм,с делен, п/п, МиниМед	Пробирка цилиндрическая с защелкивающейся крышкой 10 мл, 16*80, с делениями, п/п, уп.200/1600 шт, ТУ 9464-015-29508133-2014	Лабораторная посуда и принадлежности из пластика/Пробирки с защелкивающейся крышкой	7	11000401	https://minimed.ru/product/3158/	minimed.ru

Лабораторная посуда и принадлежности из пластика/Пробирки цилиндрические без делений и пробки						
3 мл, 12x55 мм, п/п, Aptaca	Пробирка лабораторная 3 мл, цилиндрическая,12*55,п/п, уп. 1000/6000 шт, Aptaca	Лабораторная посуда и принадлежности из пластика/Пробирки цилиндрические без делений и пробки	3	11005649	https://minimed.ru/product/1476/	minimed.ru
3 мл, 12x55 мм, п/с, Aptaca	Пробирка лабораторная 3 мл, цилиндрическая,12*55,п/с, уп. 1000/6000 шт, Aptaca	Лабораторная посуда и принадлежности из пластика/Пробирки цилиндрические без делений и пробки	3	11005654	https://minimed.ru/product/1477/	minimed.ru
3мл, 12x60 мм, п/п, Гритмед	Пробирка 3 мл цилиндрическая, 12×60 мм, п/п, уп.500/5000 шт, Гритмед	Лабораторная посуда и принадлежности из пластика/Пробирки цилиндрические без делений и пробки	2	11005730	https://minimed.ru/product/3978/	minimed.ru
3мл, 12x60 мм, п/с, Гритмед	Пробирка 3 мл цилиндрическая, 12×60 мм, п/с, уп.500/5000 шт, Гритмед	Лабораторная посуда и принадлежности из пластика/Пробирки цилиндрические без делений и пробки	2	11005731	https://minimed.ru/product/3979/	minimed.ru
5 мл,12x75 мм, п/п, МиниМед	Пробирка цилиндрическая без пробки, 5 мл,12*75 мм, п/п,по ТУ 9464-015-29508133-2014, уп.500/5000 шт	Лабораторная посуда и принадлежности из пластика/Пробирки цилиндрические без делений и пробки	2	11005695	https://minimed.ru/product/3019/	minimed.ru
5 мл,12x75 мм, п/c, МиниМед	Пробирка цилиндрическая без пробки,5 мл,12*75 мм, п/c,по ТУ 9464-015-29508133-2014, уп.500/5000 шт	Лабораторная посуда и принадлежности из пластика/Пробирки цилиндрические без делений и пробки	2	11005696	https://minimed.ru/product/3020/	minimed.ru
5 мл, 12x75 мм, п/п, Aptaca	Пробирка лабораторная 5 мл, цилиндрическая,12*75,п/п, уп. 1000/4000 шт, Aptaca	Лабораторная посуда и принадлежности из пластика/Пробирки цилиндрические без делений и пробки	3	11005666	https://minimed.ru/product/1489/	minimed.ru
5 мл, 12x75 мм, п/п, FL medical	Пробирка полимерная лабораторная цилиндрическая 5 мл, без пробки и делений, 250 шт/4000 шт, п/п, FL medical	Лабораторная посуда и принадлежности из пластика/Пробирки цилиндрические без делений и пробки	4	11005613	https://minimed.ru/product/1487/	minimed.ru
5 мл, 12x75 мм, п/с, Aptaca	Пробирка лабораторная 5 мл, цилиндрическая,12*75,п/с, уп. 1000/5000 шт, Aptaca	Лабораторная посуда и принадлежности из пластика/Пробирки цилиндрические без делений и пробки	3	11005667	https://minimed.ru/product/1490/	minimed.ru
5 мл, 12x75 мм, п/с.FL medical	Пробирка цилиндрическая 5 мл,12*75,круглод.,б/дел.,б/пробки,п/с,уп.250 шт, FL medical	Лабораторная посуда и принадлежности из пластика/Пробирки цилиндрические без делений и пробки	3	11005612	https://minimed.ru/product/1488/	minimed.ru
5 мл, 13x75 мм, п/п, Aptaca	Пробирка лабораторная 5 мл, цилиндрическая,13×75 мм, п/п, уп. 1000/4000 шт, Aptaca	Лабораторная посуда и принадлежности из пластика/Пробирки цилиндрические без делений и пробки	3	11005630	https://minimed.ru/product/1491/	minimed.ru
5мл, 13x75 мм, п/с, Россия	Пробирка полимерная нестерильная для диагностики in vitro по ТУ 32.50.50-021-54287340-2022. 6. Пробирка круглодонная ПС ГУ, ПЕРИНТ, уп.100/2500 шт	Лабораторная посуда и принадлежности из пластика/Пробирки цилиндрические без делений и пробки	4	11005735	https://minimed.ru/product/4107/	minimed.ru
5 мл, 13x75 мм, п/с, Aptaca	Пробирка лабораторная 5 мл, цилиндрическая,13×75 мм, п/с, уп. 1000/4000 шт, Aptaca	Лабораторная посуда и принадлежности из пластика/Пробирки цилиндрические без делений и пробки	4	11005631	https://minimed.ru/product/1493/	minimed.ru
10 мл,16x100 мм, п/п, МиниМед	Пробирка цилиндрическая без пробки, 10 мл,16*100 мм, п/п, по ТУ 9464-015-29508133-2014, уп.100шт	Лабораторная посуда и принадлежности из пластика/Пробирки цилиндрические без делений и пробки	5	11005734	https://minimed.ru/product/3887/	minimed.ru
10 мл,16x100 мм, п/п, МиниМед	Пробирка цилиндрическая без пробки, 10 мл,16*100 мм, п/п, по ТУ 9464-015-29508133-2014, уп.500/2000шт	Лабораторная посуда и принадлежности из пластика/Пробирки цилиндрические без делений и пробки	4	11005733	https://minimed.ru/product/4027/	minimed.ru
10 мл, 16x100 мм, п/п, Aptaca	Пробирка лабораторная 10 мл, цилиндрическая,16*100,п/п, уп.100/2000 шт, Aptaca	Лабораторная посуда и принадлежности из пластика/Пробирки цилиндрические без делений и пробки	5	11005683	https://minimed.ru/product/1563/	minimed.ru
10 мл, 16x100 мм, п/п, Aptaca	Пробирка лабораторная 10 мл, цилиндрическая,16*100,п/п, уп.2000 шт, Aptaca	Лабораторная посуда и принадлежности из пластика/Пробирки цилиндрические без делений и пробки	4	11005668	https://minimed.ru/product/1564/	minimed.ru
10 мл,16x100 мм, п/с, МиниМед	Пробирка цилиндрическая без пробки, 10 мл,16*100 мм, п/с, по ТУ 9464-015-29508133-2014, уп.100шт	Лабораторная посуда и принадлежности из пластика/Пробирки цилиндрические без делений и пробки	5	11005736	https://minimed.ru/product/4139/	minimed.ru
10 мл,16x100 мм, п/c, МиниМед	Пробирка цилиндрическая без пробки, 10 мл,16*100 мм, п/с, по ТУ 9464-015-29508133-2014, уп.500шт	Лабораторная посуда и принадлежности из пластика/Пробирки цилиндрические без делений и пробки	4	11005737	https://minimed.ru/product/4140/	minimed.ru
10 мл, 16x100 мм, п/с, FL medical	Пробирка полимерная лабораторная цилиндрическая 10 мл,без пробки и делений, 100шт/2000 шт, п/с, FL medical	Лабораторная посуда и принадлежности из пластика/Пробирки цилиндрические без делений и пробки	6	11005607	https://minimed.ru/product/1565/	minimed.ru
10 мл, 16x100 мм, п/с, FL medical	Пробирка полимерная лабораторная цилиндрическая 10 мл, без пробки и делений, 2000 шт, п/с, FL medical	Лабораторная посуда и принадлежности из пластика/Пробирки цилиндрические без делений и пробки	5	11005640	https://minimed.ru/product/1566/	minimed.ru
10 мл, 16x100 мм, п/с, Aptaca	Пробирка лабораторная 10 мл, цилиндрическая,16*100,п/с, уп.100/2000 шт, Aptaca	Лабораторная посуда и принадлежности из пластика/Пробирки цилиндрические без делений и пробки	4	11005684	https://minimed.ru/product/1567/	minimed.ru
10 мл, 16x100 мм, п/с, Aptaca	Пробирка лабораторная 10 мл, цилиндрическая,16*100,п/с, уп.2000 шт, Aptaca	Лабораторная посуда и принадлежности из пластика/Пробирки цилиндрические без делений и пробки	5	11005669	https://minimed.ru/product/1568/	minimed.ru
20 мл, 16x150 мм, п/п, Гритмед	Пробирка 20 мл цилиндрическая, 16×150 мм, п/п, уп.100/2000 шт, Гритмед	Лабораторная посуда и принадлежности из пластика/Пробирки цилиндрические без делений и пробки	10	11005729	https://minimed.ru/product/3840/	minimed.ru
20 мл, 16x150 мм, п/с, Гритмед	Пробирка 20 мл цилиндрическая, 16×150 мм, п/с, уп.100/2000 шт, Гритмед	Лабораторная посуда и принадлежности из пластика/Пробирки цилиндрические без делений и пробки	10	11005728	https://minimed.ru/product/3841/	minimed.ru
25 мл, 25x95 мм, п/п, Aptaca	Пробирка лабораторная 25 мл,цилиндрич.,25*95мм,п/п, уп. 1000 шт., Aptaca	Лабораторная посуда и принадлежности из пластика/Пробирки цилиндрические без делений и пробки	17	11005671	https://minimed.ru/product/1636/	minimed.ru
25 мл, 25x95 мм, п/с, Aptaca	Пробирка лабораторная 25 мл,цилиндрич.,25*95мм,п/с, уп. 1000 шт., Aptaca	Лабораторная посуда и принадлежности из пластика/Пробирки цилиндрические без делений и пробки	20	11005670	https://minimed.ru/product/1637/	minimed.ru

Лабораторная посуда и принадлежности из пластика/Пробирки цилиндрические с винтовой крышкой или пробкой						
3 мл, 12x55 мм, с пробкой, без делений, п/п, Aptaca	Пробирка лабораторная 3 мл, цилиндрическая,12×55 мм, круглод., с пробкой, п/п, уп.1000 шт, Aptaca	Лабораторная посуда и принадлежности из пластика/Пробирки цилиндрические с винтовой крышкой или пробкой	5	11005628	https://minimed.ru/product/1474/	minimed.ru
3 мл, 12x55 мм, с пробкой, без делений, п/с, Aptaca	Пробирка лабораторная 3 мл, цилиндрическая, 12×55 мм, круглод., с пробкой, п/с, уп.1000 шт, Aptaca	Лабораторная посуда и принадлежности из пластика/Пробирки цилиндрические с винтовой крышкой или пробкой	7	11005655	https://minimed.ru/product/1475/	minimed.ru
5 мл, 12x75 мм, с пробкой, без делений, п/п, Минимед	Пробирка цилиндрическая без пробки 5 мл, 12×75 мм, п/п, Пробка 13 мм, ТУ 9464-015-29508133-2014, уп.100/5000 шт	Лабораторная посуда и принадлежности из пластика/Пробирки цилиндрические с винтовой крышкой или пробкой	4	11005718	https://minimed.ru/product/3694/	minimed.ru
5 мл, 12x75 мм, с пробкой, без делений, п/с, Минимед	Пробирка цилиндрическая без пробки 5 мл, 12×75 мм, п/с, Пробка 13 мм, ТУ 9464-015-29508133-2014, уп.100/5000 шт	Лабораторная посуда и принадлежности из пластика/Пробирки цилиндрические с винтовой крышкой или пробкой	4	11005719	https://minimed.ru/product/3721/	minimed.ru
5 мл, 12x86 мм, с пробкой, без делений, п/п, Aptaca	Пробирка лабораторная 5 мл, 12×86 мм, цилиндр.,с пробкой,п/п,уп.500 шт./кор.4000шт., Aptaca	Лабораторная посуда и принадлежности из пластика/Пробирки цилиндрические с винтовой крышкой или пробкой	8	11005658	https://minimed.ru/product/1481/	minimed.ru
5 мл, 12x86 мм, с пробкой, без делений, п/с, Aptaca	Пробирка лабораторная 5 мл, 12×86 мм, цилиндр.,с пробкой,п/с, уп.500/4000шт., Aptaca	Лабораторная посуда и принадлежности из пластика/Пробирки цилиндрические с винтовой крышкой или пробкой	8	11005659	https://minimed.ru/product/1483/	minimed.ru
5 мл,16x60 мм,с винт.крышкой,с дел.,с юбкой уст-ти,п/п,Минимед	Пробирка цилиндрическая с винтовой крышкой, 5 мл,16×60 мм, с дел.,с юбкой уст-ти,п/п,ТУ 9464-015-29508133-2014, уп.100/1000 шт	Лабораторная посуда и принадлежности из пластика/Пробирки цилиндрические с винтовой крышкой или пробкой	8	11005701	https://minimed.ru/product/2991/	minimed.ru
10 мл, 16x100 мм, с винтовой крышкой, без делений, п/с, МиниМед	Пробирка цилиндрическая с винтовой крышкой, 10 мл,16×100 мм,ТУ 9464-015-29508133-2014,б/дел, н/стерил., п/с, уп.100/2000 шт	Лабораторная посуда и принадлежности из пластика/Пробирки цилиндрические с винтовой крышкой или пробкой	13	11005680	https://minimed.ru/product/1550/	minimed.ru
10 мл,16x100 мм,с винт.крышкой,с дел.,п/п,с юбкой уст-ти,Минимед	Пробирка цилиндрическая с винтовой крышкой,10 мл,16×100 мм, с дел.,п/п,с юбкой уст-ти,ТУ 9464-015-29508133-2014, уп.100 /1000 шт	Лабораторная посуда и принадлежности из пластика/Пробирки цилиндрические с винтовой крышкой или пробкой	10	11005703	https://minimed.ru/product/2990/	minimed.ru
10 мл, 16x100 мм, с винтовой крышкой и делениями, п/с, Aptaca	Пробирка лабораторная 10 мл, цилиндрическая,16×100 мм,с винт.крышкой,с дел.,п/с,нестерильная, уп.50/500шт.,Aptaca	Лабораторная посуда и принадлежности из пластика/Пробирки цилиндрические с винтовой крышкой или пробкой	27	11005646	https://minimed.ru/product/1557/	minimed.ru
10 мл, 16x100 мм, с пробкой, без делений, п/п, Минимед	Пробирка цилиндрическая без пробки 10 мл, 16×100 мм, п/п, н/стер, Пробка 16 мм, ТУ 9464-015-29508133-2014, уп.100/ кор.2500 шт	Лабораторная посуда и принадлежности из пластика/Пробирки цилиндрические с винтовой крышкой или пробкой	6	11005710	https://minimed.ru/product/3784/	minimed.ru
10 мл, 16x100 мм, с пробкой, без делений, п/п, Aptaca	Пробирка лабораторная 10 мл, цилиндрическая, 16×100 мм, п/п, н/стерил., с/пробк.,уп.250 шт./кор.3000шт, Aptaca	Лабораторная посуда и принадлежности из пластика/Пробирки цилиндрические с винтовой крышкой или пробкой	7	11005664	https://minimed.ru/product/1575/	minimed.ru
10 мл, 16x100 мм, с пробкой, без делений, п/с, Минимед	Пробирка цилиндрическая без пробки 10 мл, 16×100 мм, п/с, н/стер, Пробка 16 мм, ТУ 9464-015-29508133-2014, уп.100/2500 шт	Лабораторная посуда и принадлежности из пластика/Пробирки цилиндрические с винтовой крышкой или пробкой	6	11005711	https://minimed.ru/product/3724/	minimed.ru
10 мл, 16x100 мм, с пробкой, без делений, п/с, Aptaca	Пробирка лабораторная 10 мл, цилиндрическая, 16×100 мм, п/с, н/стер, с пробкой, уп.250 шт, Aptaca	Лабораторная посуда и принадлежности из пластика/Пробирки цилиндрические с винтовой крышкой или пробкой	7	11005663	https://minimed.ru/product/1576/	minimed.ru
15 мл, 16x120 мм, с винтовой крышкой, без делений, п/с, МиниМед	Пробирка цилиндрическая с винтовой крышкой, 15 мл,16×120 мм,ТУ 9464-015-29508133-2014, б/дел, н/стерил., п/с, уп.100 шт.	Лабораторная посуда и принадлежности из пластика/Пробирки цилиндрические с винтовой крышкой или пробкой	15	11005681	https://minimed.ru/product/1590/	minimed.ru
15 мл, 16x120 мм, с винтовой крышкой, без делений, п/п, МиниМед	Пробирка цилиндрическая с винтовой крышкой, 15 мл,16×120 мм, б/дел, н/стерил., п/п, уп.100 шт.	Лабораторная посуда и принадлежности из пластика/Пробирки цилиндрические с винтовой крышкой или пробкой	9	11002376	https://minimed.ru/product/3820/	minimed.ru
15 мл, 16x120 мм, с винтовой крышкой и делениями, п/с, Aptaca	Пробирка лабораторная 15 мл, цилиндрическая,16×120 мм, с винт.крышкой,с дел.,п/с,н/стерил., уп.100/500шт.,Aptaca	Лабораторная посуда и принадлежности из пластика/Пробирки цилиндрические с винтовой крышкой или пробкой	44	11005661	https://minimed.ru/product/1597/	minimed.ru
20 мл, 16x150 мм, с винтовой крышкой, без делений, п/с, МиниМед	Пробирка цилиндрическая с винтовой крышкой, 20 мл,16×150 мм, ТУ 9464-015-29508133-2014, б/дел, н/стерил., п/с, уп.100 /1200 шт	Лабораторная посуда и принадлежности из пластика/Пробирки цилиндрические с винтовой крышкой или пробкой	17	11005682	https://minimed.ru/product/1625/	minimed.ru
20 мл, 16x150 мм, с винтовой крышкой, без делений, п/с, Aptaca	Пробирка лабораторная 20 мл, цилиндрическая,16×150 мм,с винт.крышкой, п/с, н/стерильная,уп.500шт, Aptaca	Лабораторная посуда и принадлежности из пластика/Пробирки цилиндрические с винтовой крышкой или пробкой	13	11005617	https://minimed.ru/product/1628/	minimed.ru
20 мл, 16x150 мм, с пробкой, без делений, п/п, Гритмед	Пробирка 20 мл цилиндрическая, 16×150 мм, с пробкой, п/п, уп.100/2000 шт, Гритмед	Лабораторная посуда и принадлежности из пластика/Пробирки цилиндрические с винтовой крышкой или пробкой	12	11005725	https://minimed.ru/product/3836/	minimed.ru
20 мл, 16x150 мм, с пробкой, без делений, п/с, Гритмед	Пробирка 20 мл цилиндрическая, 16×150 мм, с пробкой, п/с, уп.100/2000 шт, Гритмед	Лабораторная посуда и принадлежности из пластика/Пробирки цилиндрические с винтовой крышкой или пробкой	12	11005724	https://minimed.ru/product/3837/	minimed.ru
20 мл, 16x150 мм, с пробкой, без делений, п/с, Aptaca	Пробирка лабораторная 20 мл, цилиндрическая,16×150 мм, п/с, с пробкой,уп.1000 шт.,Aptaca	Лабораторная посуда и принадлежности из пластика/Пробирки цилиндрические с винтовой крышкой или пробкой	13	11005665	https://minimed.ru/product/1631/	minimed.ru
20 мл, 16x150 мм, с пробкой, без делений, п/п, Aptaca	Пробирка лабораторная 20 мл, цилиндрическая,16×150, п/п, с пробкой,уп.1000 шт.,Aptaca	Лабораторная посуда и принадлежности из пластика/Пробирки цилиндрические с винтовой крышкой или пробкой	17	11005652	https://minimed.ru/product/1626/	minimed.ru

Лабораторная посуда и принадлежности из пластика/Пробирки цилиндрические стерильные с пробкой						
5 мл, 12x75 мм, с 2-x позиц. пробкой, с делениями, п/с, Гритмед	Пробирка лабораторная 5 мл, цилиндрическая,12*75 мм, с 2-х позиционной пробкой,с дел.,п/с, стер., уп.25/1000 шт, Гритмед	Лабораторная посуда и принадлежности из пластика/Пробирки цилиндрические стерильные с пробкой	11	11005732	https://minimed.ru/product/3988/	minimed.ru
5 мл, 12x75 мм, с пробкой и этикеткой, без делений, п/п, Гритмед	Пробирка 5 мл цилиндрическая,12*75 мм, с пробкой, с этикеткой, п/п, стерильная, Гритмед,уп.100 шт/кор 5000 шт	Лабораторная посуда и принадлежности из пластика/Пробирки цилиндрические стерильные с пробкой	5	11005721	https://minimed.ru/product/3720/	minimed.ru
5 мл, 12x86 мм, с пробкой и этикеткой, без делений, п/п, Aptaca	Пробирка лабораторная 5 мл, цилиндрическая,12×86 мм, круглод.,б/дел.,с пробк.и этикеткой,п/п,уп.500/2000 шт., стер., Aptaca	Лабораторная посуда и принадлежности из пластика/Пробирки цилиндрические стерильные с пробкой	9	11005621	https://minimed.ru/product/1482/	minimed.ru
5 мл, 12x86 мм, с пробкой и этикеткой, без делений, п/с, Aptaca	Пробирка лабораторная 5 мл, цилиндрическая,12×86 мм, круглод.,б/дел.,с пробк.и этикеткой,п/с,уп.500 шт., стер., Aptaca	Лабораторная посуда и принадлежности из пластика/Пробирки цилиндрические стерильные с пробкой	13	11005677	https://minimed.ru/product/1484/	minimed.ru
5 мл,16x60 мм,с винт.крышкой,с дел.,п/п,с основанием, Гритмед	Пробирка цилиндрическая 5 мл,16×60 мм,с винт.крышкой,с дел.,п/п,с основанием,стер., инд.уп./100/1000 шт, Гритмед	Лабораторная посуда и принадлежности из пластика/Пробирки цилиндрические стерильные с пробкой	9	11005702	https://minimed.ru/product/3046/	minimed.ru
10 мл, 16x100 мм, с винтовой крышкой, без делений, п/с, МиниМед	Пробирка цилиндрическая с винтовой крышкой стерильная 10 мл ТУ 22.29.29–023–29508133–2017, 16х100, б/дел, п/с, уп.100/1600 шт	Лабораторная посуда и принадлежности из пластика/Пробирки цилиндрические стерильные с пробкой	15	11005690	https://minimed.ru/product/1551/	minimed.ru
10 мл,16x100 мм,с винт.крышкой,с дел.,п/п,с основанием,Гритмед	Пробирка цилиндрическая 10 мл, 16×100 мм, с винт.крышкой, с дел., п/п, с основанием, стер., инд.уп./100/1000 шт, Гритмед	Лабораторная посуда и принадлежности из пластика/Пробирки цилиндрические стерильные с пробкой	12	11005704	https://minimed.ru/product/3024/	minimed.ru
10 мл, 16x100 мм, с пробкой и этикеткой, без делений, п/п, Aptaca	Пробирка лабораторная 10 мл, цилиндрическая,16×100 мм,с пробкой,с этик.,п/п,стерильная, уп.250/1250шт.,Aptaca	Лабораторная посуда и принадлежности из пластика/Пробирки цилиндрические стерильные с пробкой	10	11005645	https://minimed.ru/product/1552/	minimed.ru
10 мл, 16x100 мм, с пробкой и этикеткой, без делений, п/п, Гритмед	Пробирка 10 мл цилиндрическая с пробкой, с этикеткой, п/п, стерильная, Гритмед,уп.100 шт./кор.2500шт	Лабораторная посуда и принадлежности из пластика/Пробирки цилиндрические стерильные с пробкой	8	11005714	https://minimed.ru/product/3844/	minimed.ru
10 мл, 16x100 мм, с пробкой и этикеткой, без делений, п/с, Aptaca	Пробирка лабораторная 10 мл, цилиндрическая,16×100 мм,с пробкой,с этик..,п/с,стерильная, уп.250/1250шт.,Aptaca	Лабораторная посуда и принадлежности из пластика/Пробирки цилиндрические стерильные с пробкой	11	11005648	https://minimed.ru/product/1553/	minimed.ru
10 мл, 16x100 мм, с пробкой и этикеткой, без делений, п/с, Гритмед	Пробирка 10 мл цилиндрическая с пробкой, с этикеткой, п/с, стерильная, Гритмед,уп.100 шт/кор.2500 шт.	Лабораторная посуда и принадлежности из пластика/Пробирки цилиндрические стерильные с пробкой	8	11005715	https://minimed.ru/product/3845/	minimed.ru
10 мл, 16x100 мм, с винтовой крышкой и делениями, п/с, Aptaca	Пробирка лабораторная 10 мл, цилиндрическая,16×100 мм,с винт.крышкой,с дел.,п/с,стерильная, уп.50/250шт.,Aptaca	Лабораторная посуда и принадлежности из пластика/Пробирки цилиндрические стерильные с пробкой	48	11005647	https://minimed.ru/product/1558/	minimed.ru
15 мл, 16x120 мм, с винтовой крышкой, без делений, п/с, МиниМед	Пробирка цилиндрическая с винтовой крышкой стерильная 15 мл,16×120 мм,ТУ 22.29.29–023–29508133–2017, б/дел, п/с, уп.100/1200 шт	Лабораторная посуда и принадлежности из пластика/Пробирки цилиндрические стерильные с пробкой	16	11005691	https://minimed.ru/product/1591/	minimed.ru
15 мл, 17x100 мм, с 2-x позиц. пробкой, с делениями, п/с, Гритмед	Пробирка 15 мл цилиндрическая с 2-х позиционной пробкой, с дел., п/с, стерильная, уп.25/1000 шт, Гритмед	Лабораторная посуда и принадлежности из пластика/Пробирки цилиндрические стерильные с пробкой	16	11005723	https://minimed.ru/product/3786/	minimed.ru
15 мл, 16x120 мм, с винтовой крышкой и делениями, п/с,Aptaca	Пробирка лабораторная 15 мл, цилиндрическая,16×120 мм,с винт.крышкой,с дел.,п/с,стерильная, уп.25/175шт.,Aptaca	Лабораторная посуда и принадлежности из пластика/Пробирки цилиндрические стерильные с пробкой	48	11005662	https://minimed.ru/product/1598/	minimed.ru
20 мл, 16x150 мм, с винтовой крышкой, без делений, п/с, МиниМед	Пробирка цилиндрическая с винтовой крышкой стерильная 20 мл,16×150 мм, ТУ 22.29.29–023–29508133–2017, б/дел, п/с, уп.100/1200 шт	Лабораторная посуда и принадлежности из пластика/Пробирки цилиндрические стерильные с пробкой	19	11005692	https://minimed.ru/product/3385/	minimed.ru
20 мл, 16x150 мм, с пробкой, п/п, Гритмед	Пробирка 20 мл цилиндрическая, 16×150 мм, с пробкой, п/п, стерильная, уп.100/2000 шт, Гритмед	Лабораторная посуда и принадлежности из пластика/Пробирки цилиндрические стерильные с пробкой	13	11005727	https://minimed.ru/product/3838/	minimed.ru
20 мл, 16x150 мм, с пробкой, п/с,Гритмед	Пробирка 20 мл цилиндрическая, 16×150 мм, с пробкой, п/с, стерильная, уп.100/2000 шт, Гритмед	Лабораторная посуда и принадлежности из пластика/Пробирки цилиндрические стерильные с пробкой	13	11005726	https://minimed.ru/product/3839/	minimed.ru
20 мл, 16x150 мм, с пробкой, п/п, Aptaca	Пробирка лабораторная 20 мл, цилиндрическая,16×150 мм, п/п, с пробкой.,стер., уп.200/800,Aptaca	Лабораторная посуда и принадлежности из пластика/Пробирки цилиндрические стерильные с пробкой	21	11005653	https://minimed.ru/product/1627/	minimed.ru
20 мл, 16x150 мм, с винтовой крышкой, без делений, п/с,Aptaca	Пробирка лабораторная 20 мл, цилиндрическая,16×150 мм,с винт.крышкой,п/с,стерильная, инд.уп.,Aptaca	Лабораторная посуда и принадлежности из пластика/Пробирки цилиндрические стерильные с пробкой	29	11005637	https://minimed.ru/product/1630/	minimed.ru
20 мл, 16x150 мм, с пробкой, п/с,Aptaca	Пробирка лабораторная 20 мл, цилиндрическая,16×150 мм, п/с, с пробкой.,стер., уп.200/800,Aptaca	Лабораторная посуда и принадлежности из пластика/Пробирки цилиндрические стерильные с пробкой	24	11005650	https://minimed.ru/product/1632/	minimed.ru

Лабораторная посуда и принадлежности из пластика/Пробки пластиковые						
	Пробка коническая 10/19,п/эт,уп.10шт	Лабораторная посуда и принадлежности из пластика/Пробки пластиковые	15	12002935	https://minimed.ru/product/2995/	minimed.ru
	Пробка коническая 14/23,п/эт, уп.10шт	Лабораторная посуда и принадлежности из пластика/Пробки пластиковые	18	12002922	https://minimed.ru/product/2932/	minimed.ru
	Пробка коническая 19/26,п/эт, уп.10шт	Лабораторная посуда и принадлежности из пластика/Пробки пластиковые	32	12002924	https://minimed.ru/product/3049/	minimed.ru
	Пробка коническая, конус 24/29, d нижний 21,1 мм, ПТФЭ, уп.1шт., Кartell	Лабораторная посуда и принадлежности из пластика/Пробки пластиковые	1254	12009117	https://minimed.ru/product/3609/	minimed.ru
	Пробка коническая 24/29,п/эт, уп.10 шт	Лабораторная посуда и принадлежности из пластика/Пробки пластиковые	32	12002966	https://minimed.ru/product/3696/	minimed.ru
	Пробка коническая 29/32,п/эт, уп.10 шт	Лабораторная посуда и принадлежности из пластика/Пробки пластиковые	39	12002930	https://minimed.ru/product/2875/	minimed.ru
	Пробка для пробирок 12 мм, п/эт, белая, уп.1000 шт	Лабораторная посуда и принадлежности из пластика/Пробки пластиковые	871	12003252	https://minimed.ru/product/3389/	minimed.ru
	Пробка для пробирок 12 мм, п/эт, голубая, уп.1000 шт	Лабораторная посуда и принадлежности из пластика/Пробки пластиковые	871	12003253	https://minimed.ru/product/3390/	minimed.ru
	Пробка для пробирок 12 мм, п/эт, желтая, уп.1000 шт	Лабораторная посуда и принадлежности из пластика/Пробки пластиковые	871	12003254	https://minimed.ru/product/3391/	minimed.ru
	Пробка для пробирок 12 мм, п/эт, зеленая, уп.1000 шт	Лабораторная посуда и принадлежности из пластика/Пробки пластиковые	871	12003255	https://minimed.ru/product/3392/	minimed.ru
	Пробка для пробирок 12 мм, п/эт, красная, уп.1000 шт/кор.20уп	Лабораторная посуда и принадлежности из пластика/Пробки пластиковые	871	12003256	https://minimed.ru/product/3393/	minimed.ru
	Пробка для пробирок 12 мм, п/эт, нейтральная, уп.1000 шт/кор.20уп	Лабораторная посуда и принадлежности из пластика/Пробки пластиковые	871	12003257	https://minimed.ru/product/3394/	minimed.ru
	Изделие д/укупорки и герметизации: пробка для проб. диам.13 мм,п/эт,уп.100 шт, Aptaca	Лабораторная посуда и принадлежности из пластика/Пробки пластиковые	234	12002953	https://minimed.ru/product/2012/	minimed.ru
	Пробка для пробирок 13 мм, п/эт, белая, уп.1000 шт	Лабораторная посуда и принадлежности из пластика/Пробки пластиковые	970	12003258	https://minimed.ru/product/3395/	minimed.ru
	Пробка для пробирок 13 мм, п/эт, голубая, уп.1000 шт	Лабораторная посуда и принадлежности из пластика/Пробки пластиковые	970	12003259	https://minimed.ru/product/3396/	minimed.ru
	Изделие д/укупорки и герметизации: пробка для проб. диам.13 мм, желтые, п/эт,уп.1000 шт., Aptaca	Лабораторная посуда и принадлежности из пластика/Пробки пластиковые	585	12003233	https://minimed.ru/product/2015/	minimed.ru
	Пробка для пробирок 13 мм, п/эт, желтая, уп.1000 шт	Лабораторная посуда и принадлежности из пластика/Пробки пластиковые	970	12003260	https://minimed.ru/product/3397/	minimed.ru
	Пробка для пробирок 13 мм, п/эт, зеленая, уп.1000 шт	Лабораторная посуда и принадлежности из пластика/Пробки пластиковые	970	12003261	https://minimed.ru/product/3398/	minimed.ru
	Пробка для пробирок 13 мм, п/эт, красная, уп.1000 шт	Лабораторная посуда и принадлежности из пластика/Пробки пластиковые	970	12003262	https://minimed.ru/product/3399/	minimed.ru
	Изделие д/укупорки и герметизации: пробка для проб. диам.13 мм, нейтральные, п/эт,уп.1000 шт., Aptaca	Лабораторная посуда и принадлежности из пластика/Пробки пластиковые	585	12003236	https://minimed.ru/product/2018/	minimed.ru
	Пробка для пробирок 13 мм, п/эт, нейтральная, уп.1000 шт	Лабораторная посуда и принадлежности из пластика/Пробки пластиковые	970	12003263	https://minimed.ru/product/3400/	minimed.ru
	Пробка для пробирок 16 мм, п/эт, белая, уп.500 шт	Лабораторная посуда и принадлежности из пластика/Пробки пластиковые	660	12003264	https://minimed.ru/product/4170/	minimed.ru
	Пробка для пробирок 16 мм, п/эт, голубая уп.500 шт	Лабораторная посуда и принадлежности из пластика/Пробки пластиковые	660	12003265	https://minimed.ru/product/4071/	minimed.ru
	Пробка для пробирок 16 мм, п/эт, желтая, уп.500 шт	Лабораторная посуда и принадлежности из пластика/Пробки пластиковые	660	12003266	https://minimed.ru/product/4072/	minimed.ru
	Пробка для пробирок 16 мм, п/эт, зеленая, уп.500 шт	Лабораторная посуда и принадлежности из пластика/Пробки пластиковые	660	12003267	https://minimed.ru/product/4043/	minimed.ru
	Пробка для пробирок 16 мм, п/эт, красная, уп.500 шт	Лабораторная посуда и принадлежности из пластика/Пробки пластиковые	660	12003268	https://minimed.ru/product/4121/	minimed.ru
	Пробка для пробирок 16 мм, п/эт, нейтральная, уп.500 шт	Лабораторная посуда и принадлежности из пластика/Пробки пластиковые	660	12003269	https://minimed.ru/product/4171/	minimed.ru

Лабораторная посуда и принадлежности из пластика/Промывалки, п/эт						
50 мл	Промывалка, п/эт, Кartell, шт	Лабораторная посуда и принадлежности из пластика/Промывалки, п/эт	306	11001313	https://minimed.ru/product/2028/	minimed.ru
100 мл	Промывалка, п/эт, Кartell, шт	Лабораторная посуда и принадлежности из пластика/Промывалки, п/эт	258	12009158	https://minimed.ru/product/2029/	minimed.ru
250мл	Промывалка п/эт 250 мл с широким горлом и цельнолитой трубкой, желтая крышка, Кartell, уп.1/10 шт	Лабораторная посуда и принадлежности из пластика/Промывалки, п/эт	336	11001316	https://minimed.ru/product/4247/	minimed.ru
250мл	Промывалка п/эт 250 мл с широким горлом и цельнолитой трубкой, красная крышка, Кartell, уп.1/10 шт	Лабораторная посуда и принадлежности из пластика/Промывалки, п/эт	336	11001317	https://minimed.ru/product/4248/	minimed.ru
250мл	Промывалка п/эт 250 мл с широким горлом и цельнолитой трубкой, прозрачн.крышка, Кartell, уп.1/10 шт	Лабораторная посуда и принадлежности из пластика/Промывалки, п/эт	336	11001314	https://minimed.ru/product/4249/	minimed.ru
250мл	Промывалка п/эт 250 мл с широким горлом и цельнолитой трубкой, синяя крышка, Кartell, уп.1/10 шт	Лабораторная посуда и принадлежности из пластика/Промывалки, п/эт	336	11001315	https://minimed.ru/product/4250/	minimed.ru
250 мл	Промывалка п/эт, инд.уп./50 шт	Лабораторная посуда и принадлежности из пластика/Промывалки, п/эт	161	11001300	https://minimed.ru/product/2031/	minimed.ru
250 мл	Промывалка, п/эт, Кartell, шт	Лабораторная посуда и принадлежности из пластика/Промывалки, п/эт	294	12009087	https://minimed.ru/product/2030/	minimed.ru
250 мл	Промывалка цельнолитая п/эт, Кartell, шт	Лабораторная посуда и принадлежности из пластика/Промывалки, п/эт	515	11001309	https://minimed.ru/product/2032/	minimed.ru
500мл	Промывалка п/эт 500 мл с широким горлом и цельнолитой трубкой, желтая крышка, Кartell, уп.1/10 шт	Лабораторная посуда и принадлежности из пластика/Промывалки, п/эт	385	11001319	https://minimed.ru/product/4251/	minimed.ru
500мл	Промывалка п/эт 500 мл с широким горлом и цельнолитой трубкой, красная крышка, Кartell, уп.1/10 шт	Лабораторная посуда и принадлежности из пластика/Промывалки, п/эт	385	11001318	https://minimed.ru/product/4252/	minimed.ru
500мл	Промывалка п/эт 500 мл с широким горлом и цельнолитой трубкой, прозрачн.крышка, Кartell, уп.1/10 шт	Лабораторная посуда и принадлежности из пластика/Промывалки, п/эт	385	11001320	https://minimed.ru/product/4253/	minimed.ru
500мл	Промывалка п/эт 500 мл с широким горлом и цельнолитой трубкой, синяя крышка, Кartell, уп.1/10 шт	Лабораторная посуда и принадлежности из пластика/Промывалки, п/эт	385	11001321	https://minimed.ru/product/4254/	minimed.ru
500 мл	Промывалка п/эт, инд.уп./50 шт	Лабораторная посуда и принадлежности из пластика/Промывалки, п/эт	232	11001301	https://minimed.ru/product/2034/	minimed.ru
500 мл	Промывалка, п/эт, Кartell, шт	Лабораторная посуда и принадлежности из пластика/Промывалки, п/эт	423	12009020	https://minimed.ru/product/2033/	minimed.ru
500 мл	Промывалка цельнолитая п/эт, Кartell, шт	Лабораторная посуда и принадлежности из пластика/Промывалки, п/эт	530	11001310	https://minimed.ru/product/2035/	minimed.ru
1000 мл	Промывалка, п/эт, Kartell, шт	Лабораторная посуда и принадлежности из пластика/Промывалки, п/эт	543	12009161	https://minimed.ru/product/2036/	minimed.ru
1000 мл	Промывалка п/эт, инд.уп./50 шт	Лабораторная посуда и принадлежности из пластика/Промывалки, п/эт	319	11001302	https://minimed.ru/product/2037/	minimed.ru

Лабораторная посуда и принадлежности из пластика/Стаканчики с делениями, п/п						
30 мл	Стакан мерный 30/37 (без носика ), ПЕРИНТ, уп.100шт	Лабораторная посуда и принадлежности из пластика/Стаканчики с делениями, п/п	2	11000506	https://minimed.ru/product/3666/	minimed.ru

Лабораторная посуда и принадлежности из пластика/Стаканчики для взвешивания п/п, Aptaca						
	Стаканчик для взвешивания,п/п V=30 мл,D=30 мм,Н=50 мм, уп.10/600 шт, Aptaca	Лабораторная посуда и принадлежности из пластика/Стаканчики для взвешивания п/п, Aptaca	137	11000823	https://minimed.ru/product/2212/	minimed.ru
	Стаканчик для взвешивания,п/п V=50 мл,D=50 мм,Н=30 мм, уп.10/400 шт, Aptaca	Лабораторная посуда и принадлежности из пластика/Стаканчики для взвешивания п/п, Aptaca	148	11000824	https://minimed.ru/product/2213/	minimed.ru
	Стаканчик для взвешивания,п/п V= 70 мл,D=40 мм,Н=70 мм, уп.10шт/кор.350 шт, Aptaca	Лабораторная посуда и принадлежности из пластика/Стаканчики для взвешивания п/п, Aptaca	182	11000839	https://minimed.ru/product/2214/	minimed.ru
	Стаканчик для взвешивания,п/п V=400 мл,D=70 мм,Н=120 мм, уп. 10шт/кор.100 шт, Aptaca	Лабораторная посуда и принадлежности из пластика/Стаканчики для взвешивания п/п, Aptaca	283	11000840	https://minimed.ru/product/2215/	minimed.ru

Лабораторная посуда и принадлежности из пластика/Стаканы без ручки, п/п						
50 мл	Стакан с носиком градуированный, п/п,конический, уп.1/100/1000 шт	Лабораторная посуда и принадлежности из пластика/Стаканы без ручки, п/п	26	11000103	https://minimed.ru/product/2137/	minimed.ru
50 мл	Стакан мерный 50/42 (с носиком ), ПЕРИНТ, уп.25 шт	Лабораторная посуда и принадлежности из пластика/Стаканы без ручки, п/п	33	11000112	https://minimed.ru/product/4255/	minimed.ru
50 мл	Стакан .,с дел., п/п,Kartell, уп.2шт	Лабораторная посуда и принадлежности из пластика/Стаканы без ручки, п/п	212	11000819	https://minimed.ru/product/2139/	minimed.ru
100 мл	Стакан с носиком градуированный, п/п, конический, уп.1/100/1000 шт	Лабораторная посуда и принадлежности из пластика/Стаканы без ручки, п/п	35	11000101	https://minimed.ru/product/2143/	minimed.ru
100 мл	Стакан мерный 100/52 (с носиком ), ПЕРИНТ, уп.16 шт	Лабораторная посуда и принадлежности из пластика/Стаканы без ручки, п/п	39	11000113	https://minimed.ru/product/4345/	minimed.ru
100 мл	Стакан .,с дел., п/п,Kartell, уп.2шт	Лабораторная посуда и принадлежности из пластика/Стаканы без ручки, п/п	259	11000820	https://minimed.ru/product/2145/	minimed.ru
250 мл	Стакан с носиком градуированный, п/п, уп.1/100 шт	Лабораторная посуда и принадлежности из пластика/Стаканы без ручки, п/п	74	11000108	https://minimed.ru/product/2148/	minimed.ru
250 мл	Стакан мерный 250/72 (с носиком ), ПЕРИНТ, уп.9 шт.	Лабораторная посуда и принадлежности из пластика/Стаканы без ручки, п/п	52	11000114	https://minimed.ru/product/4323/	minimed.ru
250 мл	Стакан .,с дел., п/п,Kartell, шт	Лабораторная посуда и принадлежности из пластика/Стаканы без ручки, п/п	319	11000821	https://minimed.ru/product/2150/	minimed.ru
500 мл	Стакан с носиком градуированный, п/п, уп.1/100 шт	Лабораторная посуда и принадлежности из пластика/Стаканы без ручки, п/п	82	11000104	https://minimed.ru/product/2151/	minimed.ru
500 мл	Стакан .,с дел., п/п,Kartell, шт	Лабораторная посуда и принадлежности из пластика/Стаканы без ручки, п/п	515	11000816	https://minimed.ru/product/2154/	minimed.ru
1000 мл	Стакан с носиком градуированный, п/п, уп.1/100 шт	Лабораторная посуда и принадлежности из пластика/Стаканы без ручки, п/п	120	11000843	https://minimed.ru/product/2168/	minimed.ru
1000 мл	Стакан .,с дел., п/п,Kartell, уп. 1/4 шт	Лабораторная посуда и принадлежности из пластика/Стаканы без ручки, п/п	1012	11000817	https://minimed.ru/product/2171/	minimed.ru
2000 мл	Стакан .,с дел., п/п,Kartell, шт	Лабораторная посуда и принадлежности из пластика/Стаканы без ручки, п/п	1104	11000822	https://minimed.ru/product/2175/	minimed.ru
3000 мл	Стакан ., низкий, с синей град., п/п,Kartell, шт	Лабораторная посуда и принадлежности из пластика/Стаканы без ручки, п/п	1821	11000851	https://minimed.ru/product/2181/	minimed.ru

Лабораторная посуда и принадлежности из пластика/Стаканы с ручкой, п/п						
250 мл	Стакан низкий . с ручкой, с дел.,п/п, LAMAPLAST, шт	Лабораторная посуда и принадлежности из пластика/Стаканы с ручкой, п/п	303	11000844	https://minimed.ru/product/2146/	minimed.ru
250 мл	Стакан с носиком и ручкой градуированный, п/п, уп.1/200 шт	Лабораторная посуда и принадлежности из пластика/Стаканы с ручкой, п/п	78	11000842	https://minimed.ru/product/2147/	minimed.ru
500 мл	Стакан низкий . с ручкой, с дел.,п/п, LAMAPLAST, шт	Лабораторная посуда и принадлежности из пластика/Стаканы с ручкой, п/п	217	11000845	https://minimed.ru/product/2152/	minimed.ru
500 мл	Стакан с носиком и ручкой градуированный, п/п, уп.1/100 шт	Лабораторная посуда и принадлежности из пластика/Стаканы с ручкой, п/п	128	11000111	https://minimed.ru/product/2153/	minimed.ru
1000 мл	Стакан низкий . с ручкой, с дел.,п/п, LAMAPLAST, шт	Лабораторная посуда и принадлежности из пластика/Стаканы с ручкой, п/п	238	11000846	https://minimed.ru/product/2169/	minimed.ru
1000 мл	Стакан с носиком и ручкой градуированный, п/п, уп.1/100 шт.	Лабораторная посуда и принадлежности из пластика/Стаканы с ручкой, п/п	157	11000105	https://minimed.ru/product/2170/	minimed.ru
2000 мл	Стакан низкий . с ручкой, с дел.,п/п, LAMAPLAST, шт	Лабораторная посуда и принадлежности из пластика/Стаканы с ручкой, п/п	447	11000847	https://minimed.ru/product/2173/	minimed.ru
2000 мл	Стакан с носиком и ручкой градуированный, п/п, уп.1/80 шт	Лабораторная посуда и принадлежности из пластика/Стаканы с ручкой, п/п	257	11000106	https://minimed.ru/product/2174/	minimed.ru
3000 мл	Стакан низкий . с ручкой, с дел.,п/п, Kartell, шт	Лабораторная посуда и принадлежности из пластика/Стаканы с ручкой, п/п	1324	11000826	https://minimed.ru/product/2180/	minimed.ru
3000 мл	Стакан низкий . с ручкой, с дел.,п/п, LAMAPLAST, шт	Лабораторная посуда и принадлежности из пластика/Стаканы с ручкой, п/п	557	11000848	https://minimed.ru/product/2178/	minimed.ru
3000 мл	Стакан с носиком и ручкой градуированный, п/п, уп.1/60 шт	Лабораторная посуда и принадлежности из пластика/Стаканы с ручкой, п/п	365	11000832	https://minimed.ru/product/2179/	minimed.ru
5000 мл	Стакан низкий . с ручкой, с дел.,п/п, Kartell, шт	Лабораторная посуда и принадлежности из пластика/Стаканы с ручкой, п/п	1637	11000827	https://minimed.ru/product/2182/	minimed.ru
5000 мл	Стакан низкий . с ручкой, с дел.,п/п, LAMAPLAST, шт	Лабораторная посуда и принадлежности из пластика/Стаканы с ручкой, п/п	844	11000849	https://minimed.ru/product/2183/	minimed.ru
5000 мл	Стакан с носиком и ручкой градуированный, п/п, уп.1/20 шт	Лабораторная посуда и принадлежности из пластика/Стаканы с ручкой, п/п	617	11000833	https://minimed.ru/product/2184/	minimed.ru

Лабораторная посуда и принадлежности из пластика/Цилиндры пластиковые						
10 мл	Цилиндр, п/п, уп. 1/200/800 шт	Лабораторная посуда и принадлежности из пластика/Цилиндры пластиковые	112	10004206	https://minimed.ru/product/2450/	minimed.ru
10 мл	Цилиндр с дел.,высокий,п/п-Kartell, шт	Лабораторная посуда и принадлежности из пластика/Цилиндры пластиковые	504	10004222	https://minimed.ru/product/2451/	minimed.ru
25 мл	Цилиндр п/п, уп.1/10/200 шт	Лабораторная посуда и принадлежности из пластика/Цилиндры пластиковые	116	10004203	https://minimed.ru/product/2454/	minimed.ru
25 мл	Цилиндр с дел.,высокий,п/п-Kartell, шт	Лабораторная посуда и принадлежности из пластика/Цилиндры пластиковые	596	10004225	https://minimed.ru/product/2455/	minimed.ru
50 мл	Цилиндр п/п, уп.1/100 шт	Лабораторная посуда и принадлежности из пластика/Цилиндры пластиковые	155	10004202	https://minimed.ru/product/2460/	minimed.ru
50 мл	Цилиндр с дел.,высокий, п/п, Kartell, шт	Лабораторная посуда и принадлежности из пластика/Цилиндры пластиковые	643	10004226	https://minimed.ru/product/2461/	minimed.ru
100 мл	Цилиндр п/п, уп.1/100 шт	Лабораторная посуда и принадлежности из пластика/Цилиндры пластиковые	190	10004208	https://minimed.ru/product/2462/	minimed.ru
100 мл	Цилиндр с дел.,высокий,п/п-Kartell, шт	Лабораторная посуда и принадлежности из пластика/Цилиндры пластиковые	708	10004227	https://minimed.ru/product/2463/	minimed.ru
250 мл	Цилиндр п/п, уп.1/50 шт	Лабораторная посуда и принадлежности из пластика/Цилиндры пластиковые	326	10004200	https://minimed.ru/product/2470/	minimed.ru
250 мл	Цилиндр 250мл с дел.,высокий,п/п-Kartell, шт	Лабораторная посуда и принадлежности из пластика/Цилиндры пластиковые	766	10004224	https://minimed.ru/product/2472/	minimed.ru
500 мл	Цилиндр п/п, уп.1/40 шт	Лабораторная посуда и принадлежности из пластика/Цилиндры пластиковые	625	10004207	https://minimed.ru/product/2476/	minimed.ru
500 мл	Цилиндр с дел.,высокий,п/п-Kartell, шт	Лабораторная посуда и принадлежности из пластика/Цилиндры пластиковые	1104	10004228	https://minimed.ru/product/2477/	minimed.ru
1000 мл	Цилиндр п/п, уп.1/25 шт	Лабораторная посуда и принадлежности из пластика/Цилиндры пластиковые	670	10004204	https://minimed.ru/product/2478/	minimed.ru
1000 мл	Цилиндр с дел.,высокий,п/п-Kartell, шт	Лабораторная посуда и принадлежности из пластика/Цилиндры пластиковые	2115	10004223	https://minimed.ru/product/2479/	minimed.ru
2000 мл	Цилиндр п/п, уп.1/32 шт	Лабораторная посуда и принадлежности из пластика/Цилиндры пластиковые	869	10004201	https://minimed.ru/product/2482/	minimed.ru
2000 мл	Цилиндр с дел.,высокий,п/п-Kartell, шт	Лабораторная посуда и принадлежности из пластика/Цилиндры пластиковые	2617	10004229	https://minimed.ru/product/2483/	minimed.ru
	Цилиндр для хранения пипеток п/п, Каrtell, шт	Лабораторная посуда и принадлежности из пластика/Цилиндры пластиковые	4414	11000708	https://minimed.ru/product/2492/	minimed.ru

Лабораторная посуда и принадлежности из пластика/Чашки Петри пластиковые стерильные						
	Чашка микробиологическая (Петри) полимерная Ø 35 мм стерильная по п/с, уп.10/2300 шт	Лабораторная посуда и принадлежности из пластика/Чашки Петри пластиковые стерильные	12	11000205	https://minimed.ru/product/3610/	minimed.ru
	Чашка Петри одноразовая контактная вентилируемая (чашка Родека) -14×55-К ПС ГУ СТЕРИЛЬНО, ПЕРИНТ, уп.10/530шт	Лабораторная посуда и принадлежности из пластика/Чашки Петри пластиковые стерильные	20	11000276	https://minimed.ru/product/3999/	minimed.ru
	Чашка Петри диам. 55 контактная, вентилир., стер., п/с, Аптака, уп.10/800 шт	Лабораторная посуда и принадлежности из пластика/Чашки Петри пластиковые стерильные	24	11000275	https://minimed.ru/product/3846/	minimed.ru
	Чашка Петри, контактная, диаметр 55 мм, внешний диаметр 65 мм, стер., вентилир.,п/с, FL medical, уп.10/800 шт	Лабораторная посуда и принадлежности из пластика/Чашки Петри пластиковые стерильные	21	11000264	https://minimed.ru/product/2539/	minimed.ru
	Чашка Петри полимерная стерильная одноразовая -14×55-К ПС ГУ СТЕРИЛЬНО, ПЕРИНТ, уп.10/530шт	Лабораторная посуда и принадлежности из пластика/Чашки Петри пластиковые стерильные	18	11000277	https://minimed.ru/product/4000/	minimed.ru
	Чашка Петри, Ø 60 мм,невентилируемая, стерильная, п/с, FL medical, уп.10/1080 шт	Лабораторная посуда и принадлежности из пластика/Чашки Петри пластиковые стерильные	21	11000262	https://minimed.ru/product/2540/	minimed.ru
	Чашка Петри одноразовая -14×60 ПС ИУ СТЕРИЛЬНО, Перинт, инд.уп./кор.600шт	Лабораторная посуда и принадлежности из пластика/Чашки Петри пластиковые стерильные	12	11000252	https://minimed.ru/product/2542/	minimed.ru
	Чашка Петри одноразовая -14×60 ПС ГУ СТЕРИЛЬНО, Перинт, уп.10шт/кор.1080шт	Лабораторная посуда и принадлежности из пластика/Чашки Петри пластиковые стерильные	10	11000246	https://minimed.ru/product/2543/	minimed.ru
	Чашка Петри диам.60, стерильная, п/с, FL medica, уп.10/1080 шт	Лабораторная посуда и принадлежности из пластика/Чашки Петри пластиковые стерильные	21	11000216	https://minimed.ru/product/2541/	minimed.ru
	Чашка микробиологическая (Петри) полимерная Ø 60 мм стерильная по п/с, уп.26/1040 шт	Лабораторная посуда и принадлежности из пластика/Чашки Петри пластиковые стерильные	12	11000201	https://minimed.ru/product/3652/	minimed.ru
	Чашка микробиологическая (Петри) полимерная Ø 70 мм стерильная по п/с, уп.20шт/кор.720шт	Лабораторная посуда и принадлежности из пластика/Чашки Петри пластиковые стерильные	19	11000267	https://minimed.ru/product/3458/	minimed.ru
	Чашка Петри одноразовая -14×90 ПС ИУ СТЕРИЛЬНО, Перинт, инд.уп./кор. 350 шт	Лабораторная посуда и принадлежности из пластика/Чашки Петри пластиковые стерильные	15	11000238	https://minimed.ru/product/2547/	minimed.ru
	Чашка Петри одноразовая -14×90 ПС ГУ СТЕРИЛЬНО, Перинт, уп.20 шт/кор. 480 шт.	Лабораторная посуда и принадлежности из пластика/Чашки Петри пластиковые стерильные	12	11000239	https://minimed.ru/product/2548/	minimed.ru
	Чашка Петри пластмассовая однократного применения диаметром 90 мм вентилируемая, односекционная в групповой упаковке, стерильная, Литопласт, уп.20 шт	Лабораторная посуда и принадлежности из пластика/Чашки Петри пластиковые стерильные	15	11000232	https://minimed.ru/product/2550/	minimed.ru
	Чашка микробиологическая (Петри) полимерная Ø 90 мм стерильная по п/с, уп.10/500 шт	Лабораторная посуда и принадлежности из пластика/Чашки Петри пластиковые стерильные	14	11000222	https://minimed.ru/product/3531/	minimed.ru
	Чашка по типу чашек Петри односекционная, Ø 90 мм, п/с, стерильная, Aptaca, уп.20/500 шт	Лабораторная посуда и принадлежности из пластика/Чашки Петри пластиковые стерильные	21	11000237	https://minimed.ru/product/2551/	minimed.ru
	Чашка Петри пластмассовая однократного применения диаметром 90 мм невентилируемая, односекционная в групповой упаковке стерильная, Литопласт, уп.20 шт	Лабораторная посуда и принадлежности из пластика/Чашки Петри пластиковые стерильные	15	11000241	https://minimed.ru/product/2549/	minimed.ru
	Чашка Петри одноразовая -14×90 ПС ГУ СТЕРИЛЬНО, Перинт, уп.20 шт/кор. 480 шт	Лабораторная посуда и принадлежности из пластика/Чашки Петри пластиковые стерильные	13	11000279	https://minimed.ru/product/4259/	minimed.ru
	Чашка Петри, Ø 90 мм, стерильная, п/с, FL medical, уп.20/480 шт	Лабораторная посуда и принадлежности из пластика/Чашки Петри пластиковые стерильные	24	11000207	https://minimed.ru/product/2552/	minimed.ru
	Чашка Петри одноразовая двухсекционная -14*90 ПС ГУ СТЕРИЛЬНО, Перинт, уп.20шт/кор.480 шт	Лабораторная посуда и принадлежности из пластика/Чашки Петри пластиковые стерильные	15	11000247	https://minimed.ru/product/2556/	minimed.ru
	Чашка Петри, Ø 90 мм, 2-х сек., стерильная, п/с, FL medical, уп.20/480 шт	Лабораторная посуда и принадлежности из пластика/Чашки Петри пластиковые стерильные	26	11000231	https://minimed.ru/product/2555/	minimed.ru
	Чашка микробиологическая (Петри) полимерная Ø 90 мм стерильная трехсекционная по п/с, уп.10/500 шт	Лабораторная посуда и принадлежности из пластика/Чашки Петри пластиковые стерильные	22	11000271	https://minimed.ru/product/3612/	minimed.ru
	Чашка Петри одноразовая трехсекционная -14*90 ПС ГУ СТЕРИЛЬНО, Перинт, уп.20шт/кор.480 шт	Лабораторная посуда и принадлежности из пластика/Чашки Петри пластиковые стерильные	15	11000248	https://minimed.ru/product/2558/	minimed.ru
	Чашка по типу чашек Петри 3х-секционная, Ø 90 мм, п/с, стерильная, Aptaca, уп.20/500 шт	Лабораторная посуда и принадлежности из пластика/Чашки Петри пластиковые стерильные	11	11000227	https://minimed.ru/product/2559/	minimed.ru
	Чашка Петри одноразовая четырехсекционная -14*90 ПС ГУ СТЕРИЛЬНО, Перинт, уп.20шт/кор.480 шт	Лабораторная посуда и принадлежности из пластика/Чашки Петри пластиковые стерильные	16	11000249	https://minimed.ru/product/2560/	minimed.ru
	Чашка по типу чашек Петри 4х-секционная, Ø 90 мм, п/с, стерильная, Aptaca, уп.20/500 шт	Лабораторная посуда и принадлежности из пластика/Чашки Петри пластиковые стерильные	32	11000226	https://minimed.ru/product/2561/	minimed.ru
	Чашка микробиологическая (Петри) полимерная Ø 90 мм стерильная четырехсекционная по п/с, уп.10/500 шт	Лабораторная посуда и принадлежности из пластика/Чашки Петри пластиковые стерильные	22	11000272	https://minimed.ru/product/3613/	minimed.ru
	Чашка микробиологическая (Петри) полимерная Ø 100 мм стерильная по п/с, уп.10/500 шт	Лабораторная посуда и принадлежности из пластика/Чашки Петри пластиковые стерильные	31	11000273	https://minimed.ru/product/3532/	minimed.ru
	Чашка по типу чашек Петри односекционная, Ø 100 мм, п/с, стерильная, уп.10/500 шт, Aptaca	Лабораторная посуда и принадлежности из пластика/Чашки Петри пластиковые стерильные	38	11000206	https://minimed.ru/product/2562/	minimed.ru
	Чашка по типу чашек Петри односекционная, Ø 120 мм,невентилируемая, п/с, стерильная, уп.10/320 шт, Aptaca	Лабораторная посуда и принадлежности из пластика/Чашки Петри пластиковые стерильные	48	11000208	https://minimed.ru/product/2563/	minimed.ru
	Чашка микробиологическая (Петри) полимерная Ø 120 мм стерильная по п/с, уп.10/320 шт	Лабораторная посуда и принадлежности из пластика/Чашки Петри пластиковые стерильные	48	11000268	https://minimed.ru/product/3536/	minimed.ru
	Чашка микробиологическая (Петри) полимерная Ø 150 мм стерильная по п/с, уп.10/200 шт	Лабораторная посуда и принадлежности из пластика/Чашки Петри пластиковые стерильные	59	11000269	https://minimed.ru/product/3533/	minimed.ru
	Чашка по типу чашек Петри односекционная, Ø 150 мм, п/с, стерильная, Aptaca, уп.20/220 шт	Лабораторная посуда и принадлежности из пластика/Чашки Петри пластиковые стерильные	110	11000210	https://minimed.ru/product/2564/	minimed.ru
	Чашка Петри диам.150, стер., п/с, FL medical, уп.10 шт	Лабораторная посуда и принадлежности из пластика/Чашки Петри пластиковые стерильные	71	11000209	https://minimed.ru/product/3962/	minimed.ru
	Чашка Петри квадратная 120*120, стер., п/с, FL medical, уп.10 шт./кор.240 шт.	Лабораторная посуда и принадлежности из пластика/Чашки Петри пластиковые стерильные	92	11000211	https://minimed.ru/product/3963/	minimed.ru
	Чашка по типу чашек Петри односекционная 120х120мм, п/с, стерильная, Aptaca, уп.10/270 шт	Лабораторная посуда и принадлежности из пластика/Чашки Петри пластиковые стерильные	118	11000214	https://minimed.ru/product/2565/	minimed.ru

Лабораторная посуда и принадлежности из пластика/Чашка Петри для ПЦР (без ДНКаз и РНКаз)						
	Чашка Петри 90 мм,стерильная, без ДНКаз и РНКаз, п/с, Jet Bio-Filtration, уп.20 шт./кор.500шт.	Лабораторная посуда и принадлежности из пластика/Чашка Петри для ПЦР (без ДНКаз и РНКаз)	18	11000259	https://minimed.ru/product/2997/	minimed.ru
	Чашка Петри 90 мм,стерильная, без ДНКаз и РНКаз, п/с, Jet Bio-Filtration, уп.20 шт./кор.500шт.	Лабораторная посуда и принадлежности из пластика/Чашка Петри для ПЦР (без ДНКаз и РНКаз)	22	11000259	https://minimed.ru/product/2997/	minimed.ru

Лабораторная посуда и принадлежности из пластика/Шпатели пластиковые						
	Шпатель 26*76*1 мм, п/с, уп.50 шт, Гритмед	Лабораторная посуда и принадлежности из пластика/Шпатели пластиковые	8	12006727	https://minimed.ru/product/2569/	minimed.ru
	Шпатель для растяжки мазков пласт. уп 50 шт. №511001	Лабораторная посуда и принадлежности из пластика/Шпатели пластиковые	18	12006704	https://minimed.ru/product/2570/	minimed.ru
	Шпатель (микробиологический )Дригальского L-форма, 149х39 мм, стер.,п/с,инд.уп,уп.100/2500шт, Гритмед	Лабораторная посуда и принадлежности из пластика/Шпатели пластиковые	7	12006718	https://minimed.ru/product/2571/	minimed.ru
	Шпатель микробиологический T-форма, синий, стерильный, инд.уп	Лабораторная посуда и принадлежности из пластика/Шпатели пластиковые	12	12006736	https://minimed.ru/product/4114/	minimed.ru
	Шпатель микробиологический T-форма,140х35 мм,стер.,п/п, инд.уп.,/100 шт.Гритмед	Лабораторная посуда и принадлежности из пластика/Шпатели пластиковые	17	12006717	https://minimed.ru/product/2580/	minimed.ru
	Шпатель микробиологический, треугольная форма,215*30 мм,стер.,п/п, инд.уп./100/1000 шт, Гритмед	Лабораторная посуда и принадлежности из пластика/Шпатели пластиковые	21	12006724	https://minimed.ru/product/2581/	minimed.ru
	Шпатель микробиологический, треугольная форма,240*60 мм,стер.,п/п,инд.уп.,уп.100/1000шт, Гритмед	Лабораторная посуда и принадлежности из пластика/Шпатели пластиковые	29	12006723	https://minimed.ru/product/2582/	minimed.ru
	Шпатель п/п, стерильный 180*18 мм, инд.уп./100 шт, Китай	Лабораторная посуда и принадлежности из пластика/Шпатели пластиковые	14	12006729	https://minimed.ru/product/3744/	minimed.ru
	Шпатель п/с, стерильный, 160*20 мм, инд.уп./100/1000 шт, Aptaca	Лабораторная посуда и принадлежности из пластика/Шпатели пластиковые	19	12006714	https://minimed.ru/product/2583/	minimed.ru
	Шпатель по типу Дригальского,L-форма, стер.,п/п,инд.уп/10 /1000 шт, Аптака	Лабораторная посуда и принадлежности из пластика/Шпатели пластиковые	28	12006726	https://minimed.ru/product/2584/	minimed.ru
	Шпатель по типу Дригальского,L-форма, стер.,п/п,уп.5 шт./2000шт,Аптака	Лабораторная посуда и принадлежности из пластика/Шпатели пластиковые	24	12006725	https://minimed.ru/product/2585/	minimed.ru
	Шпатель-ложка,п/с,дл.180 мм, уп.10/200 шт, Aptaca	Лабораторная посуда и принадлежности из пластика/Шпатели пластиковые	38	12006713	https://minimed.ru/product/2586/	minimed.ru

Лабораторная посуда и принадлежности из пластика/Шприцы одноразовые инъекционные "Луер" с иглой						
1,0 мл	Шприц инъекционный инсулиновый однократного применения трехдетальный 1А "Луер", вместимостью 1см3, с градуировкой шкалы 100 ин/ед, с иглой 0,4*12, уп.100/900шт	Лабораторная посуда и принадлежности из пластика/Шприцы одноразовые инъекционные "Луер" с иглой	8	12009285	https://minimed.ru/product/3337/	minimed.ru
	Шприц инъекционный однократного применения трехдетальный 2 А "Луер", вместимостью 2 см3, с иглой 0,6*25, уп.100шт	Лабораторная посуда и принадлежности из пластика/Шприцы одноразовые инъекционные "Луер" с иглой	8	12009204	https://minimed.ru/product/2588/	minimed.ru
	Шприц инъекционный однократного применения трехдетальный "Луер", вместимостью 5 см3, с иглой 0,7*40, уп.100шт.	Лабораторная посуда и принадлежности из пластика/Шприцы одноразовые инъекционные "Луер" с иглой	9	12009206	https://minimed.ru/product/2589/	minimed.ru
	Шприц инъекционный однократного применения трехдетальный 10 Б "Луер", вместимость10 см3, с иглой 0,8*40, уп.100шт	Лабораторная посуда и принадлежности из пластика/Шприцы одноразовые инъекционные "Луер" с иглой	11	12009207	https://minimed.ru/product/2590/	minimed.ru
	Шприц инъекционный однократного применения трехдетальный 20 Б "Луер", вместимостью 20 см3, с иглой 0,8*40, уп.100шт	Лабораторная посуда и принадлежности из пластика/Шприцы одноразовые инъекционные "Луер" с иглой	18	12009208	https://minimed.ru/product/2591/	minimed.ru

Лабораторная посуда и принадлежности из пластика/Штативы						
	Штатив для пипеток вертикальный с основанием, п/п, Kartell, шт	Лабораторная посуда и принадлежности из пластика/Штативы	5961	12009417	https://minimed.ru/product/3005/	minimed.ru
	Основание круглое со стержнем из ПВХ (без штатива), Kartell, шт	Лабораторная посуда и принадлежности из пластика/Штативы	2575	12009399	https://minimed.ru/product/1172/	minimed.ru
	Штатив для пипеток вертикальный на 18 маленьких и 10 больших пипеток (без основания), п/п, Kartell, шт	Лабораторная посуда и принадлежности из пластика/Штативы	4378	12005340	https://minimed.ru/product/2592/	minimed.ru
	Штатив-бокс д/криопробирок на 2 мл,100 гн., п/п	Лабораторная посуда и принадлежности из пластика/Штативы	339	12005310	https://minimed.ru/product/2593/	minimed.ru
ШПК-64	Штатив медицинский полимерный по ТУ 9464-017-29508133-2014, для пробирок и криопробирок на 64 гнезда, ячейка 18мм, п/с, уп.1шт. / кор. 10 шт.	Лабораторная посуда и принадлежности из пластика/Штативы	102	12005412	https://minimed.ru/product/2594/	minimed.ru
	Штатив д/микропробирок комбинир,0,2 мл/0,5мл/1,5мл, 43 гн,3-х уровн,п/п,уп1шт,Аптака	Лабораторная посуда и принадлежности из пластика/Штативы	2076	12005328	https://minimed.ru/product/2595/	minimed.ru
	Штатив д/наконечников 10 мкл, 96 гн., п/п, инд.уп.	Лабораторная посуда и принадлежности из пластика/Штативы	154	12005418	https://minimed.ru/product/2596/	minimed.ru
200 мкл	Штатив д/наконечников, 96 гн., п/п, инд.уп.	Лабораторная посуда и принадлежности из пластика/Штативы	174	12005304	https://minimed.ru/product/2597/	minimed.ru
1000 мкл	Штатив д/наконечников, 100 гн, п/п, инд.уп./50 шт	Лабораторная посуда и принадлежности из пластика/Штативы	190	12005311	https://minimed.ru/product/2598/	minimed.ru
	Штатив д/наконечников 5000 мкл,28 гн.,п/п, уп.1/2/40	Лабораторная посуда и принадлежности из пластика/Штативы	596	12005419	https://minimed.ru/product/2599/	minimed.ru
	Штатив д/пипеток вертикальный на 16 пипеток,20*7,5*15,п/п, уп.1/50 шт, Aptaca	Лабораторная посуда и принадлежности из пластика/Штативы	2880	12005316	https://minimed.ru/product/2600/	minimed.ru
	Штатив-бокс для центрифужных пробирок 0,2 мл, 96 гнезд,п/п, инд.уп./50 шт	Лабораторная посуда и принадлежности из пластика/Штативы	141	12005327	https://minimed.ru/product/2602/	minimed.ru
	Штатив-бокс для центрифужных пробирок 0,5 мл, 72 гнезда, п/п, инд.уп.	Лабораторная посуда и принадлежности из пластика/Штативы	148	12005301	https://minimed.ru/product/2603/	minimed.ru
	Штатив-бокс для центрифужных пробирок 1,5 мл, 72 гнезда, п/п, инд.уп./100 шт	Лабораторная посуда и принадлежности из пластика/Штативы	163	12005302	https://minimed.ru/product/2604/	minimed.ru
	Штатив д/центрифужных (Эппендорфа) пробирок, 60 гн., п/п, инд.уп./50 шт	Лабораторная посуда и принадлежности из пластика/Штативы	321	12005305	https://minimed.ru/product/2605/	minimed.ru
	Штатив д/кювет 10*10мм, 12 гнезд, п/э, Kartell, шт	Лабораторная посуда и принадлежности из пластика/Штативы	391	12009320	https://minimed.ru/product/2606/	minimed.ru
ШЛПП-10	Штатив лабораторный полимерный для пробирок по ТУ 9452-156-05519988-2006	Лабораторная посуда и принадлежности из пластика/Штативы	94	12005001	https://minimed.ru/product/2616/	minimed.ru
ШЛПП-20	Штатив лабораторный полимерный для пробирок по ТУ 9452-156-05519988-2006	Лабораторная посуда и принадлежности из пластика/Штативы	124	12005002	https://minimed.ru/product/2617/	minimed.ru
	Штатив для пробирок (40 гнезд, h= 75 мм) белый, п/п, Россия, уп.1/29 шт	Лабораторная посуда и принадлежности из пластика/Штативы	285	12005009	https://minimed.ru/product/2838/	minimed.ru
	Штатив д/пробирок 10-18 мм, 50 гнезд, с силиконовыми фиксаторами, инд.уп.	Лабораторная посуда и принадлежности из пластика/Штативы	704	12005008	https://minimed.ru/product/2607/	minimed.ru
	Штатив д/пробирок 15 мл, диам.17 мм*30 гн., 50 мл.д.28 мм*20 гн., ABS, инд.уп./50 шт, голубой	Лабораторная посуда и принадлежности из пластика/Штативы	348	12005010	https://minimed.ru/product/2608/	minimed.ru
	Штатив д/пробирок 15 мл,диам.17 мм*30 гн., 50 мл.д.28 мм*20 гн.,ABS, инд.уп./50 шт.,оранжевый	Лабораторная посуда и принадлежности из пластика/Штативы	348	12005011	https://minimed.ru/product/2609/	minimed.ru
	Штатив для пробирок диам.13,п/п, 90 гнезд, инд.уп./50 шт	Лабораторная посуда и принадлежности из пластика/Штативы	348	12005323	https://minimed.ru/product/2610/	minimed.ru
	Штатив для пробирок диам.17, п/п, 60 гнезд, инд.уп./50 шт	Лабораторная посуда и принадлежности из пластика/Штативы	360	12005324	https://minimed.ru/product/2611/	minimed.ru
	Штатив для пробирок диам.21,п/п, 40 гнезд, инд.уп./50 шт	Лабораторная посуда и принадлежности из пластика/Штативы	372	12005325	https://minimed.ru/product/2612/	minimed.ru
	Штатив для пробирок д. 30 мм, п/п, на 18 гнезд, уп.1/5 шт, Aptaca	Лабораторная посуда и принадлежности из пластика/Штативы	738	12005312	https://minimed.ru/product/2613/	minimed.ru
	Штатив универсальный для пробирок, п/п, 4/12/32/96 гнезда, Ø 30/16/12/6 мм, инд.уп./50 шт	Лабораторная посуда и принадлежности из пластика/Штативы	455	12005334	https://minimed.ru/product/2614/	minimed.ru
	Штатив для пипеток горизонтальный,12 мест,п/п, инд.уп./100 шт	Лабораторная посуда и принадлежности из пластика/Штативы	480	12005335	https://minimed.ru/product/2620/	minimed.ru
	Штатив для пипеток-дозаторов, 6 мест, инд.уп./30 шт	Лабораторная посуда и принадлежности из пластика/Штативы	1531	12005336	https://minimed.ru/product/2621/	minimed.ru
	Штатив на 24 гнезда, диам.30 мм,п/п, Kartell, шт	Лабораторная посуда и принадлежности из пластика/Штативы	1490	12005322	https://minimed.ru/product/2637/	minimed.ru
	Штатив на 40 гнезд, диам.20 мм,п/п, Kartell, шт	Лабораторная посуда и принадлежности из пластика/Штативы	1196	12005320	https://minimed.ru/product/2638/	minimed.ru
	Штатив на 40 гнезд, диам.25 мм,п/п, Kartell, шт	Лабораторная посуда и принадлежности из пластика/Штативы	1692	12005321	https://minimed.ru/product/2639/	minimed.ru
	Штатив на 60 гнезд, диам.16 мм,п/п, Kartell, шт	Лабораторная посуда и принадлежности из пластика/Штативы	1416	12005319	https://minimed.ru/product/2640/	minimed.ru
	Штатив на 90 гнезд, диам.13 мм,п/п, Kartell, шт	Лабораторная посуда и принадлежности из пластика/Штативы	1490	12005318	https://minimed.ru/product/2641/	minimed.ru
	Штатив на100 гнезд, диам.10 мм,п/п, Kartell, шт	Лабораторная посуда и принадлежности из пластика/Штативы	1655	12005317	https://minimed.ru/product/2643/	minimed.ru
	Штатив универсальный для пробирок ШПУ-"Кронт",Z-образный, уп.1/10шт	Лабораторная посуда и принадлежности из пластика/Штативы	900	12005427	https://minimed.ru/product/2644/	minimed.ru
ШП-20	Штатив медицинский полимерный по ТУ 9464-017-29508133-2014, для пробирок Z-образный на 20 гнезд, Ø 17 мм, п/с, шт	Лабораторная посуда и принадлежности из пластика/Штативы	230	12005405	https://minimed.ru/product/2645/	minimed.ru
ШПА-20	Штатив медицинский полимерный по ТУ 9464-017-29508133-2014, для пробирок Z-образный на 20 гнезд, Ø 17 мм, п/п, шт	Лабораторная посуда и принадлежности из пластика/Штативы	272	12005407	https://minimed.ru/product/2646/	minimed.ru
ШПА-50	Штатив медицинский полимерный по ТУ 9464-017-29508133-2014, для пробирок Z-образный на 50 гнезд, диам.18мм, БЕЛЫЙ п/п, шт	Лабораторная посуда и принадлежности из пластика/Штативы	324	12005433	https://minimed.ru/product/3653/	minimed.ru
ШПА-50	Штатив медицинский полимерный по ТУ 9464-017-29508133-2014, для пробирок Z-образный на 50 гнезд, диам.18мм, ГОЛУБОЙ, п/п, шт	Лабораторная посуда и принадлежности из пластика/Штативы	324	12005431	https://minimed.ru/product/3522/	minimed.ru
ШПА-50	Штатив медицинский полимерный по ТУ 9464-017-29508133-2014, для пробирок Z-образный на 50 гнезд, диам.18мм, ЖЕЛТЫЙ, п/п, шт	Лабораторная посуда и принадлежности из пластика/Штативы	324	12005429	https://minimed.ru/product/3518/	minimed.ru
ШПА-50	Штатив медицинский полимерный по ТУ 9464-017-29508133-2014, для пробирок Z-образный на 50 гнезд, диам.18мм, ЗЕЛЕНЫЙ, п/п, шт	Лабораторная посуда и принадлежности из пластика/Штативы	324	12005430	https://minimed.ru/product/3519/	minimed.ru
ШПА-50	Штатив медицинский полимерный по ТУ 9464-017-29508133-2014, для пробирок Z-образный на 50 гнезд, диам.18мм, КРАСНЫЙ, п/п, шт	Лабораторная посуда и принадлежности из пластика/Штативы	324	12005408	https://minimed.ru/product/3520/	minimed.ru
ШПА-50	Штатив медицинский полимерный по ТУ 9464-017-29508133-2014, для пробирок Z-образный на 50 гнезд, диам.18мм, ПРОЗРАЧНЫЙ п/п, шт	Лабораторная посуда и принадлежности из пластика/Штативы	324	12005428	https://minimed.ru/product/3521/	minimed.ru
ШПА-50	Штатив медицинский полимерный по ТУ 9464-017-29508133-2014, для пробирок Z-образный на 50 гнезд, диам.18мм, ФИОЛЕТОВЫЙ, п/п, шт	Лабораторная посуда и принадлежности из пластика/Штативы	324	12005432	https://minimed.ru/product/3528/	minimed.ru
ШПБ-20	Штатив медицинский полимерный по ТУ 9464-017-29508133-2014, для пробирок п/с, шт	Лабораторная посуда и принадлежности из пластика/Штативы	544	12005401	https://minimed.ru/product/3490/	minimed.ru
ШПМ-20	Штатив медицинский полимерный по ТУ 9464-017-29508133-2014, для пробирок и пипеток п/с, шт	Лабораторная посуда и принадлежности из пластика/Штативы	585	12005402	https://minimed.ru/product/2648/	minimed.ru
	Штатив-бокс для хранения предметных стекол на 12 штук, п/с, инд.уп.	Лабораторная посуда и принадлежности из пластика/Штативы	97	12005307	https://minimed.ru/product/2652/	minimed.ru
	Штатив-бокс для хранения предметных стекол на 25 штук, п/с, инд.уп.	Лабораторная посуда и принадлежности из пластика/Штативы	137	12005308	https://minimed.ru/product/2653/	minimed.ru
	Штатив-бокс для хранения предметных стекол на 50 штук, п/с, инд.уп.	Лабораторная посуда и принадлежности из пластика/Штативы	192	12005309	https://minimed.ru/product/2654/	minimed.ru
	Штатив-бокс для хранения предметных стекол на 100 штук, п/с, инд.уп.	Лабораторная посуда и принадлежности из пластика/Штативы	375	12005306	https://minimed.ru/product/2655/	minimed.ru

Лабораторная посуда и принадлежности из пластика/Щитки для лица, Россия						
	Щиток защитный для лица пластиковый толщ.0,5 мм	Лабораторная посуда и принадлежности из пластика/Щитки для лица, Россия	361	18000201	https://minimed.ru/product/2660/	minimed.ru
	Маска пластмассовая прозрачная для защиты лица врача-стоматолога при проведении манипуляций в полости рта МС-"ЕЛАТ"	Лабораторная посуда и принадлежности из пластика/Щитки для лица, Россия	251	18000203	https://minimed.ru/product/2839/	minimed.ru

Пробирки вакуумные стерильные. Принадлежности для забора крови./Пробирки вакуумные для сбора проб мочи без добавок, нестерильные, ПЭТФ, желтая крышка, МиниМед						
8 мл, 16x100 мм	Пробирка вакуумная для сбора проб мочи по ТУ 32.50.50-037-29508133-2022, 8 мл, 16×100мм, без добавок, желтый, ПЭТФ, уп.100 шт., СПЕЦЗАКАЗ	Пробирки вакуумные стерильные. Принадлежности для забора крови./Пробирки вакуумные для сбора проб мочи без добавок, нестерильные, ПЭТФ, желтая крышка, МиниМед	1320	12007738	https://minimed.ru/product/3816/	minimed.ru
9 мл, 16x100 мм	Пробирка вакуумная для сбора проб мочи по ТУ 32.50.50-037-29508133-2022, 9 мл, 16×100мм, без добавок, желтый, ПЭТФ, уп.100 шт., СПЕЦЗАКАЗ	Пробирки вакуумные стерильные. Принадлежности для забора крови./Пробирки вакуумные для сбора проб мочи без добавок, нестерильные, ПЭТФ, желтая крышка, МиниМед	1380	12007739	https://minimed.ru/product/3818/	minimed.ru
10 мл, 16x100 мм	Пробирка вакуумная для сбора проб мочи по ТУ 32.50.50-037-29508133-2022, 10 мл, 16×100мм, без добавок, желтый, ПЭТФ, уп.100 шт., СПЕЦЗАКАЗ	Пробирки вакуумные стерильные. Принадлежности для забора крови./Пробирки вакуумные для сбора проб мочи без добавок, нестерильные, ПЭТФ, желтая крышка, МиниМед	1440	12007740	https://minimed.ru/product/3819/	minimed.ru

Пробирки вакуумные стерильные. Принадлежности для забора крови./Пробирки вакуумные для сбора проб мочи без добавок, стерильные, ПЭТФ, желтая крышка, МиниМед						
8 мл, 16x100 мм	Пробирка вакуумная для сбора проб мочи стерильная по ТУ 32.50.50-036-29508133-2022, 8 мл, 16×100мм, без добавок, круглое дно, желтый, ПЭТФ, уп.100 шт., СПЕЦЗАКАЗ	Пробирки вакуумные стерильные. Принадлежности для забора крови./Пробирки вакуумные для сбора проб мочи без добавок, стерильные, ПЭТФ, желтая крышка, МиниМед	1430	12007969	https://minimed.ru/product/3830/	minimed.ru
9 мл, 16x100мм	Пробирка вакуумная для сбора проб мочи стерильная по ТУ 32.50.50-036-29508133-2022, 9 мл, 16×100мм, без добавок, круглое дно, желтый, ПЭТФ, уп.100 шт., СПЕЦЗАКАЗ	Пробирки вакуумные стерильные. Принадлежности для забора крови./Пробирки вакуумные для сбора проб мочи без добавок, стерильные, ПЭТФ, желтая крышка, МиниМед	1485	12007970	https://minimed.ru/product/3832/	minimed.ru
10 мл, 16x100	Пробирка вакуумная для сбора проб мочи стерильная по ТУ 32.50.50-036-29508133-2022, 10 мл, 16×100мм, без добавок, круглое дно, желтый, ПЭТФ, уп.100 шт., СПЕЦЗАКАЗ	Пробирки вакуумные стерильные. Принадлежности для забора крови./Пробирки вакуумные для сбора проб мочи без добавок, стерильные, ПЭТФ, желтая крышка, МиниМед	1540	12007971	https://minimed.ru/product/3834/	minimed.ru

Пробирки вакуумные стерильные. Принадлежности для забора крови./Пробирки вакуумные для сбора проб мочи с консервантом для микробиологии (борная кислота), стерильные, ПЭТФ, желтая крышка, МиниМед						
8 мл, 16x100 мм	Пробирка вакуумная для сбора проб мочи стерильная по ТУ 32.50.50-036-29508133-2022, 8 мл, 16×100мм, с консервантом для микробиологии (борная к-та), круглое дно, желтый, ПЭТФ, уп.100 шт., СПЕЦЗАКАЗ	Пробирки вакуумные стерильные. Принадлежности для забора крови./Пробирки вакуумные для сбора проб мочи с консервантом для микробиологии (борная кислота), стерильные, ПЭТФ, желтая крышка, МиниМед	1560	12007972	https://minimed.ru/product/3831/	minimed.ru
9 мл, 16x100 мм	Пробирка вакуумная для сбора проб мочи стерильная по ТУ 32.50.50-036-29508133-2022, 9 мл, 16×100мм, с консервантом для микробиологии (борная к-та), круглое дно, желтый, ПЭТФ, уп.100 шт., СПЕЦЗАКАЗ	Пробирки вакуумные стерильные. Принадлежности для забора крови./Пробирки вакуумные для сбора проб мочи с консервантом для микробиологии (борная кислота), стерильные, ПЭТФ, желтая крышка, МиниМед	1620	12007973	https://minimed.ru/product/3833/	minimed.ru
10 мл, 16x100мм	Пробирка вакуумная для сбора проб мочи стерильная по ТУ 32.50.50-036-29508133-2022, 10 мл, 16×100мм, с консервантом для микробиологии (борная к-та), круглое дно, желтый, ПЭТФ, уп.100 шт., СПЕЦЗАКАЗ	Пробирки вакуумные стерильные. Принадлежности для забора крови./Пробирки вакуумные для сбора проб мочи с консервантом для микробиологии (борная кислота), стерильные, ПЭТФ, желтая крышка, МиниМед	1680	12007974	https://minimed.ru/product/3835/	minimed.ru

Пробирки вакуумные стерильные. Принадлежности для забора крови./Пробирки вакуумные для сбора проб мочи с консервантом для общего анализа ,стерильные, ПЭТФ, желтая крышка, МиниМед						
10 мл, 16x100 мм	Пробирка вакуумная для сбора проб мочи стерильная по ТУ 32.50.50-036-29508133-2022, 10 мл, 16×100мм, с консервантом для общего анализа, круглое дно, желтый, ПЭТФ, уп.100 шт.	Пробирки вакуумные стерильные. Принадлежности для забора крови./Пробирки вакуумные для сбора проб мочи с консервантом для общего анализа ,стерильные, ПЭТФ, желтая крышка, МиниМед	2980	12008052	https://minimed.ru/product/4246/	minimed.ru

Пробирки вакуумные стерильные. Принадлежности для забора крови./Пробирки вакуумные для сбора проб мочи без добавок, конические, стерильные, ПЭТФ, желтая крышка, МиниМед						
8 мл, 16x100 мм, конич.дно	Пробирка вакуумная для сбора проб мочи стерильная по ТУ 32.50.50-036-29508133-2022, 8 мл, 16×100мм, без добавок, конич., желтый, ПЭТФ, уп.100 шт., СПЕЦЗАКАЗ	Пробирки вакуумные стерильные. Принадлежности для забора крови./Пробирки вакуумные для сбора проб мочи без добавок, конические, стерильные, ПЭТФ, желтая крышка, МиниМед	1387	12008038	https://minimed.ru/product/4125/	minimed.ru
9 мл, 16x100 мм, конич.дно	Пробирка вакуумная для сбора проб мочи стерильная по ТУ 32.50.50-036-29508133-2022, 9 мл, 16×100мм, без добавок, конич., желтый, ПЭТФ, уп.100 шт., СПЕЦЗАКАЗ	Пробирки вакуумные стерильные. Принадлежности для забора крови./Пробирки вакуумные для сбора проб мочи без добавок, конические, стерильные, ПЭТФ, желтая крышка, МиниМед	1485	12008039	https://minimed.ru/product/4118/	minimed.ru
10 мл, 16x100 мм, конич.дно	Пробирка вакуумная для сбора проб мочи стерильная по ТУ 32.50.50-036-29508133-2022, 10 мл, 16×100мм, без добавок, конич., желтый, ПЭТФ, уп.100 шт., СПЕЦЗАКАЗ	Пробирки вакуумные стерильные. Принадлежности для забора крови./Пробирки вакуумные для сбора проб мочи без добавок, конические, стерильные, ПЭТФ, желтая крышка, МиниМед	1463	12008040	https://minimed.ru/product/4127/	minimed.ru

Пробирки вакуумные стерильные. Принадлежности для забора крови./Пробирки вакуумные для сбора проб мочи с консервантом для микробиологии (борная кислота), конические, стерильные, ПЭТФ, желтая крышка, МиниМед						
8 мл, 16x100 мм, конич.дно	Пробирка вакуумная для сбора проб мочи стерильная по ТУ 32.50.50-036-29508133-2022, 8 мл, 16×100мм, с консервантом для микробиологии (борная к-та), конич., желтый, ПЭТФ, уп.100 шт., СПЕЦЗАКАЗ	Пробирки вакуумные стерильные. Принадлежности для забора крови./Пробирки вакуумные для сбора проб мочи с консервантом для микробиологии (борная кислота), конические, стерильные, ПЭТФ, желтая крышка, МиниМед	1425	12008136	https://minimed.ru/product/4126/	minimed.ru
9 мл, 16x100 мм, конич.дно	Пробирка вакуумная для сбора проб мочи стерильная по ТУ 32.50.50-036-29508133-2022, 9 мл, 16×100мм, с консервантом для микробиологии (борная к-та), конич., желтый, ПЭТФ, уп.100 шт., СПЕЦЗАКАЗ	Пробирки вакуумные стерильные. Принадлежности для забора крови./Пробирки вакуумные для сбора проб мочи с консервантом для микробиологии (борная кислота), конические, стерильные, ПЭТФ, желтая крышка, МиниМед	1620	12008137	https://minimed.ru/product/4119/	minimed.ru
10 мл, 16x100 мм, конич.дно	Пробирка вакуумная для сбора проб мочи стерильная по ТУ 32.50.50-036-29508133-2022, 10 мл, 16×100мм, с консервантом для микробиологии (борная к-та), конич., желтый, ПЭТФ, уп.100 шт., СПЕЦЗАКАЗ	Пробирки вакуумные стерильные. Принадлежности для забора крови./Пробирки вакуумные для сбора проб мочи с консервантом для микробиологии (борная кислота), конические, стерильные, ПЭТФ, желтая крышка, МиниМед	1615	12008138	https://minimed.ru/product/4128/	minimed.ru

Пробирки вакуумные стерильные. Принадлежности для забора крови./Пробирки вакуумные с К2ЭДТА (для гематологии), фиолетовая крышка, МиниМед (внесены в Реестр российской промышленной продукции)						
1 мл, 13x75 мм	Пробирка вакуумная с ЭДТА, 1мл, 13×75мм, фиолетовый, ПЭТФ, уп.100 шт	Пробирки вакуумные стерильные. Принадлежности для забора крови./Пробирки вакуумные с К2ЭДТА (для гематологии), фиолетовая крышка, МиниМед (внесены в Реестр российской промышленной продукции)	912	12007054	https://minimed.ru/product/1602/	minimed.ru
2 мл, 13x75 мм	Пробирка вакуумная с ЭДТА, 2мл, 13×75мм, фиолетовый, ПЭТФ, уп.100 шт.	Пробирки вакуумные стерильные. Принадлежности для забора крови./Пробирки вакуумные с К2ЭДТА (для гематологии), фиолетовая крышка, МиниМед (внесены в Реестр российской промышленной продукции)	912	12007034	https://minimed.ru/product/1641/	minimed.ru
3 мл, 13x100 мм	Пробирка вакуумная с ЭДТА, 3 мл, 13×100мм, фиолетовый, ПЭТФ, уп.100 шт, СПЕЦЗАКАЗ	Пробирки вакуумные стерильные. Принадлежности для забора крови./Пробирки вакуумные с К2ЭДТА (для гематологии), фиолетовая крышка, МиниМед (внесены в Реестр российской промышленной продукции)	912	12007036	https://minimed.ru/product/1681/	minimed.ru
3 мл, 13x75 мм	Пробирка вакуумная с ЭДТА, 3 мл, 13×75мм, фиолетовый, ПЭТФ, уп.100 шт	Пробирки вакуумные стерильные. Принадлежности для забора крови./Пробирки вакуумные с К2ЭДТА (для гематологии), фиолетовая крышка, МиниМед (внесены в Реестр российской промышленной продукции)	912	12007035	https://minimed.ru/product/1689/	minimed.ru
4 мл, 13x100 мм	Пробирка вакуумная с ЭДТА, 4 мл, 13×100мм, фиолетовый, ПЭТФ, уп.100 шт	Пробирки вакуумные стерильные. Принадлежности для забора крови./Пробирки вакуумные с К2ЭДТА (для гематологии), фиолетовая крышка, МиниМед (внесены в Реестр российской промышленной продукции)	912	12007037	https://minimed.ru/product/1723/	minimed.ru
4 мл, 13x75 мм	Пробирка вакуумная с ЭДТА, 4 мл, 13×75мм, фиолетовый, ПЭТФ, уп.100 шт	Пробирки вакуумные стерильные. Принадлежности для забора крови./Пробирки вакуумные с К2ЭДТА (для гематологии), фиолетовая крышка, МиниМед (внесены в Реестр российской промышленной продукции)	912	12007038	https://minimed.ru/product/1731/	minimed.ru
5 мл, 13x100 мм	Пробирка вакуумная с ЭДТА, 5 мл, 13×100мм, фиолетовый, ПЭТФ, уп.100 шт	Пробирки вакуумные стерильные. Принадлежности для забора крови./Пробирки вакуумные с К2ЭДТА (для гематологии), фиолетовая крышка, МиниМед (внесены в Реестр российской промышленной продукции)	480	12007043	https://minimed.ru/product/1778/	minimed.ru
5 мл, 13x75 мм	Пробирка вакуумная с ЭДТА, 5 мл, 13×75мм, фиолетовый, ПЭТФ, уп.100 шт	Пробирки вакуумные стерильные. Принадлежности для забора крови./Пробирки вакуумные с К2ЭДТА (для гематологии), фиолетовая крышка, МиниМед (внесены в Реестр российской промышленной продукции)	912	12007039	https://minimed.ru/product/1785/	minimed.ru
5 мл, 13x100 мм	Пробирка вакуумная с ЭДТА, 5 мл, 13×100мм, фиолетовый, ПЭТФ, уп.100 шт	Пробирки вакуумные стерильные. Принадлежности для забора крови./Пробирки вакуумные с К2ЭДТА (для гематологии), фиолетовая крышка, МиниМед (внесены в Реестр российской промышленной продукции)	912	12007043	https://minimed.ru/product/1778/	minimed.ru
6 мл, 13x100 мм	Пробирка вакуумная с ЭДТА, 6 мл, 13×100мм, фиолетовый, ПЭТФ, уп.100 шт	Пробирки вакуумные стерильные. Принадлежности для забора крови./Пробирки вакуумные с К2ЭДТА (для гематологии), фиолетовая крышка, МиниМед (внесены в Реестр российской промышленной продукции)	912	12007044	https://minimed.ru/product/1801/	minimed.ru
7 мл, 13x100 мм	Пробирка вакуумная с ЭДТА, 7 мл, 13×100мм, фиолетовый, ПЭТФ, уп.100 шт	Пробирки вакуумные стерильные. Принадлежности для забора крови./Пробирки вакуумные с К2ЭДТА (для гематологии), фиолетовая крышка, МиниМед (внесены в Реестр российской промышленной продукции)	912	12007055	https://minimed.ru/product/3112/	minimed.ru
8 мл, 16x100мм	Пробирка вакуумная с ЭДТА, 8 мл, 16×100мм, фиолетовый, ПЭТФ, уп.100 шт.	Пробирки вакуумные стерильные. Принадлежности для забора крови./Пробирки вакуумные с К2ЭДТА (для гематологии), фиолетовая крышка, МиниМед (внесены в Реестр российской промышленной продукции)	1405	12007056	https://minimed.ru/product/3279/	minimed.ru
9 мл, 16x100 мм	Пробирка вакуумная с ЭДТА, 9 мл, 16×100мм, фиолетовый, ПЭТФ, уп.100 шт.	Пробирки вакуумные стерильные. Принадлежности для забора крови./Пробирки вакуумные с К2ЭДТА (для гематологии), фиолетовая крышка, МиниМед (внесены в Реестр российской промышленной продукции)	1405	12007057	https://minimed.ru/product/3287/	minimed.ru
10 мл, 16x100 мм	Пробирка вакуумная с ЭДТА, 10 мл, 16×100мм, фиолетовый, ПЭТФ, уп.100 шт.	Пробирки вакуумные стерильные. Принадлежности для забора крови./Пробирки вакуумные с К2ЭДТА (для гематологии), фиолетовая крышка, МиниМед (внесены в Реестр российской промышленной продукции)	1405	12007058	https://minimed.ru/product/3295/	minimed.ru

Пробирки вакуумные стерильные. Принадлежности для забора крови./Пробирки вакуумные с К2ЭДТА (для гематологии) и разделительным гелем, фиолетовая крышка, МиниМед (внесены в Реестр российской промышленной продукции)						
1 мл, 13x75 мм	Пробирка вакуумная с ЭДТА и разделительным гелем, 1мл, 13×75мм, фиолетовый, ПЭТФ, уп.100 шт, СПЕЦЗАКАЗ	Пробирки вакуумные стерильные. Принадлежности для забора крови./Пробирки вакуумные с К2ЭДТА (для гематологии) и разделительным гелем, фиолетовая крышка, МиниМед (внесены в Реестр российской промышленной продукции)	1375	12007059	https://minimed.ru/product/1601/	minimed.ru
2 мл, 13x75 мм	Пробирка вакуумная с ЭДТА и разделительным гелем, 2мл, 13×75мм, фиолетовый, ПЭТФ, уп.100 шт, СПЕЦЗАКАЗ	Пробирки вакуумные стерильные. Принадлежности для забора крови./Пробирки вакуумные с К2ЭДТА (для гематологии) и разделительным гелем, фиолетовая крышка, МиниМед (внесены в Реестр российской промышленной продукции)	1375	12007150	https://minimed.ru/product/1640/	minimed.ru
3 мл, 13x100 мм	Пробирка вакуумная с ЭДТА и разделительным гелем, 3 мл, 13×100мм, фиолетовый, ПЭТФ, уп.100 шт, СПЕЦЗАКАЗ	Пробирки вакуумные стерильные. Принадлежности для забора крови./Пробирки вакуумные с К2ЭДТА (для гематологии) и разделительным гелем, фиолетовая крышка, МиниМед (внесены в Реестр российской промышленной продукции)	1375	12007151	https://minimed.ru/product/1680/	minimed.ru
3 мл, 13x75 мм	Пробирка вакуумная с ЭДТА и разделительным гелем, 3 мл, 13×75мм, фиолетовый, ПЭТФ, уп.100 шт, СПЕЦЗАКАЗ	Пробирки вакуумные стерильные. Принадлежности для забора крови./Пробирки вакуумные с К2ЭДТА (для гематологии) и разделительным гелем, фиолетовая крышка, МиниМед (внесены в Реестр российской промышленной продукции)	1375	12007152	https://minimed.ru/product/1688/	minimed.ru
4 мл, 13x100 мм	Пробирка вакуумная с ЭДТА и разделительным гелем, 4 мл, 13×100мм, фиолетовый, ПЭТФ, уп.100 шт, СПЕЦЗАКАЗ	Пробирки вакуумные стерильные. Принадлежности для забора крови./Пробирки вакуумные с К2ЭДТА (для гематологии) и разделительным гелем, фиолетовая крышка, МиниМед (внесены в Реестр российской промышленной продукции)	1375	12007153	https://minimed.ru/product/1722/	minimed.ru
4 мл, 13x75 мм	Пробирка вакуумная с ЭДТА и разделительным гелем, 4 мл, 13×75мм, фиолетовый, ПЭТФ, уп.100 шт, СПЕЦЗАКАЗ	Пробирки вакуумные стерильные. Принадлежности для забора крови./Пробирки вакуумные с К2ЭДТА (для гематологии) и разделительным гелем, фиолетовая крышка, МиниМед (внесены в Реестр российской промышленной продукции)	1375	12007154	https://minimed.ru/product/1730/	minimed.ru
5 мл, 13x100 мм	Пробирка вакуумная с ЭДТА и разделительным гелем, 5 мл, 13×100мм, фиолетовый, ПЭТФ, уп.100 шт, СПЕЦЗАКАЗ	Пробирки вакуумные стерильные. Принадлежности для забора крови./Пробирки вакуумные с К2ЭДТА (для гематологии) и разделительным гелем, фиолетовая крышка, МиниМед (внесены в Реестр российской промышленной продукции)	1375	12007155	https://minimed.ru/product/1777/	minimed.ru
6 мл, 13x100 мм	Пробирка вакуумная с ЭДТА и разделительным гелем, 6 мл, 13×100мм, фиолетовый, ПЭТФ, уп.100 шт,СПЕЦЗАКАЗ	Пробирки вакуумные стерильные. Принадлежности для забора крови./Пробирки вакуумные с К2ЭДТА (для гематологии) и разделительным гелем, фиолетовая крышка, МиниМед (внесены в Реестр российской промышленной продукции)	1375	12007157	https://minimed.ru/product/3817/	minimed.ru
8 мл, 16x100мм	Пробирка вакуумная с ЭДТА и разделительным гелем, 8 мл, 16×100мм, фиолетовый, ПЭТФ, уп.100 шт. СПЕЦЗАКАЗ	Пробирки вакуумные стерильные. Принадлежности для забора крови./Пробирки вакуумные с К2ЭДТА (для гематологии) и разделительным гелем, фиолетовая крышка, МиниМед (внесены в Реестр российской промышленной продукции)	2352	12007159	https://minimed.ru/product/3278/	minimed.ru
9 мл, 16x100 мм	Пробирка вакуумная с ЭДТА и разделительным гелем, 9 мл, 16×100мм, фиолетовый, ПЭТФ, уп.100 шт., СПЕЦЗАКАЗ	Пробирки вакуумные стерильные. Принадлежности для забора крови./Пробирки вакуумные с К2ЭДТА (для гематологии) и разделительным гелем, фиолетовая крышка, МиниМед (внесены в Реестр российской промышленной продукции)	2352	12007160	https://minimed.ru/product/3286/	minimed.ru
10 мл, 16x100 мм	Пробирка вакуумная с ЭДТА и разделительным гелем, 10 мл, 16×100мм, фиолетовый, ПЭТФ, уп.100 шт., СПЕЦЗАКАЗ	Пробирки вакуумные стерильные. Принадлежности для забора крови./Пробирки вакуумные с К2ЭДТА (для гематологии) и разделительным гелем, фиолетовая крышка, МиниМед (внесены в Реестр российской промышленной продукции)	2352	12007161	https://minimed.ru/product/3294/	minimed.ru

Пробирки вакуумные стерильные. Принадлежности для забора крови./Пробирки вакуумные с К3ЭДТА (для гематологии), фиолетовая крышка, МиниМед (внесены в Реестр российской промышленной продукции)						
1 мл, 13x75 мм	Пробирка вакуумная с ЭДТА, 1мл, 13×75мм, фиолетовый, ПЭТФ, уп.100 шт	Пробирки вакуумные стерильные. Принадлежности для забора крови./Пробирки вакуумные с К3ЭДТА (для гематологии), фиолетовая крышка, МиниМед (внесены в Реестр российской промышленной продукции)	912	12007063	https://minimed.ru/product/272/	minimed.ru
2 мл, 13x75 мм	Пробирка вакуумная с ЭДТА, 2мл, 13×75мм, фиолетовый, ПЭТФ, уп.100 шт	Пробирки вакуумные стерильные. Принадлежности для забора крови./Пробирки вакуумные с К3ЭДТА (для гематологии), фиолетовая крышка, МиниМед (внесены в Реестр российской промышленной продукции)	912	12007045	https://minimed.ru/product/1644/	minimed.ru
3 мл, 13x100 мм	Пробирка вакуумная с ЭДТА, 3 мл, 13×100мм, фиолетовый, ПЭТФ, уп.100 шт	Пробирки вакуумные стерильные. Принадлежности для забора крови./Пробирки вакуумные с К3ЭДТА (для гематологии), фиолетовая крышка, МиниМед (внесены в Реестр российской промышленной продукции)	912	12007046	https://minimed.ru/product/1684/	minimed.ru
3 мл, 13x75 мм	Пробирка вакуумная с ЭДТА, 3 мл, 13×75мм, фиолетовый, ПЭТФ, уп.100 шт	Пробирки вакуумные стерильные. Принадлежности для забора крови./Пробирки вакуумные с К3ЭДТА (для гематологии), фиолетовая крышка, МиниМед (внесены в Реестр российской промышленной продукции)	912	12007047	https://minimed.ru/product/1692/	minimed.ru
4 мл, 13x100 мм	Пробирка вакуумная с ЭДТА, 4 мл, 13×100мм, фиолетовый, ПЭТФ, уп.100 шт	Пробирки вакуумные стерильные. Принадлежности для забора крови./Пробирки вакуумные с К3ЭДТА (для гематологии), фиолетовая крышка, МиниМед (внесены в Реестр российской промышленной продукции)	480	12007049	https://minimed.ru/product/1726/	minimed.ru
4 мл, 13x100 мм	Пробирка вакуумная с ЭДТА, 4 мл, 13×100мм, фиолетовый, ПЭТФ, уп.100 шт	Пробирки вакуумные стерильные. Принадлежности для забора крови./Пробирки вакуумные с К3ЭДТА (для гематологии), фиолетовая крышка, МиниМед (внесены в Реестр российской промышленной продукции)	912	12007049	https://minimed.ru/product/1726/	minimed.ru
4 мл, 13x75 мм	Пробирка вакуумная с ЭДТА, 4 мл, 13×75мм, фиолетовый, ПЭТФ, уп.100 шт	Пробирки вакуумные стерильные. Принадлежности для забора крови./Пробирки вакуумные с К3ЭДТА (для гематологии), фиолетовая крышка, МиниМед (внесены в Реестр российской промышленной продукции)	912	12007048	https://minimed.ru/product/1734/	minimed.ru
5 мл, 13x100 мм	Пробирка вакуумная с ЭДТА, 5 мл, 13×100мм, фиолетовый, ПЭТФ, уп.100 шт	Пробирки вакуумные стерильные. Принадлежности для забора крови./Пробирки вакуумные с К3ЭДТА (для гематологии), фиолетовая крышка, МиниМед (внесены в Реестр российской промышленной продукции)	912	12007060	https://minimed.ru/product/1781/	minimed.ru
5 мл, 13x75 мм	Пробирка вакуумная с ЭДТА, 5 мл, 13×75мм, фиолетовый, ПЭТФ, уп.100 шт	Пробирки вакуумные стерильные. Принадлежности для забора крови./Пробирки вакуумные с К3ЭДТА (для гематологии), фиолетовая крышка, МиниМед (внесены в Реестр российской промышленной продукции)	912	12007061	https://minimed.ru/product/1787/	minimed.ru
6 мл, 13x100 мм	Пробирка вакуумная с ЭДТА, 6 мл, 13×100мм, фиолетовый, ПЭТФ, уп.100 шт	Пробирки вакуумные стерильные. Принадлежности для забора крови./Пробирки вакуумные с К3ЭДТА (для гематологии), фиолетовая крышка, МиниМед (внесены в Реестр российской промышленной продукции)	912	12007062	https://minimed.ru/product/1803/	minimed.ru
7 мл, 13x100 мм	Пробирка вакуумная с ЭДТА, 7 мл, 13×100мм, фиолетовый, ПЭТФ, уп.100 шт, СПЕЦЗАКАЗ	Пробирки вакуумные стерильные. Принадлежности для забора крови./Пробирки вакуумные с К3ЭДТА (для гематологии), фиолетовая крышка, МиниМед (внесены в Реестр российской промышленной продукции)	912	12007064	https://minimed.ru/product/1815/	minimed.ru
8 мл, 16x100 мм	Пробирка вакуумная с ЭДТА, 8 мл, 16×100мм, фиолетовый, ПЭТФ, уп.100 шт., СПЕЦЗАКАЗ	Пробирки вакуумные стерильные. Принадлежности для забора крови./Пробирки вакуумные с К3ЭДТА (для гематологии), фиолетовая крышка, МиниМед (внесены в Реестр российской промышленной продукции)	1405	12007065	https://minimed.ru/product/3280/	minimed.ru
9 мл, 16x100 мм	Пробирка вакуумная с ЭДТА, 9 мл, 16×100мм, фиолетовый, ПЭТФ, уп.100 шт.	Пробирки вакуумные стерильные. Принадлежности для забора крови./Пробирки вакуумные с К3ЭДТА (для гематологии), фиолетовая крышка, МиниМед (внесены в Реестр российской промышленной продукции)	1405	12007066	https://minimed.ru/product/3288/	minimed.ru
10 мл, 16x100мм	Пробирка вакуумная с ЭДТА, 10 мл, 16×100мм, фиолетовый, ПЭТФ, уп.100 шт.	Пробирки вакуумные стерильные. Принадлежности для забора крови./Пробирки вакуумные с К3ЭДТА (для гематологии), фиолетовая крышка, МиниМед (внесены в Реестр российской промышленной продукции)	705	12007067	https://minimed.ru/product/3296/	minimed.ru
10 мл, 16x100 мм	Пробирка вакуумная с ЭДТА, 10 мл, 16×100мм, фиолетовый, ПЭТФ, уп.100 шт.	Пробирки вакуумные стерильные. Принадлежности для забора крови./Пробирки вакуумные с К3ЭДТА (для гематологии), фиолетовая крышка, МиниМед (внесены в Реестр российской промышленной продукции)	1405	12007067	https://minimed.ru/product/3296/	minimed.ru

Пробирки вакуумные стерильные. Принадлежности для забора крови./Пробирки вакуумные с К3ЭДТА (для гематологии) и разделительным гелем, фиолетовая крышка, МиниМед (внесены в Реестр российской промышленной продукции)						
1 мл, 13x75 мм	Пробирка вакуумная с ЭДТА и разделительным гелем, 1мл, 13×75мм, фиолетовый, ПЭТФ, уп.100 шт, СПЕЦЗАКАЗ	Пробирки вакуумные стерильные. Принадлежности для забора крови./Пробирки вакуумные с К3ЭДТА (для гематологии) и разделительным гелем, фиолетовая крышка, МиниМед (внесены в Реестр российской промышленной продукции)	1375	12007068	https://minimed.ru/product/1604/	minimed.ru
2 мл, 13x75 мм	Пробирка вакуумная с ЭДТА и разделительным гелем, 2мл, 13×75мм, фиолетовый, ПЭТФ, уп.100 шт, СПЕЦЗАКАЗ	Пробирки вакуумные стерильные. Принадлежности для забора крови./Пробирки вакуумные с К3ЭДТА (для гематологии) и разделительным гелем, фиолетовая крышка, МиниМед (внесены в Реестр российской промышленной продукции)	1375	12007006	https://minimed.ru/product/1643/	minimed.ru
3 мл, 13x100 мм	Пробирка вакуумная с ЭДТА и разделительным гелем, 3 мл, 13×100мм, фиолетовый, ПЭТФ, уп.100 шт, СПЕЦЗАКАЗ	Пробирки вакуумные стерильные. Принадлежности для забора крови./Пробирки вакуумные с К3ЭДТА (для гематологии) и разделительным гелем, фиолетовая крышка, МиниМед (внесены в Реестр российской промышленной продукции)	1375	12007007	https://minimed.ru/product/1683/	minimed.ru
3 мл, 13x75 мм	Пробирка вакуумная с ЭДТА и разделительным гелем, 3 мл, 13×75мм, фиолетовый, ПЭТФ, уп.100 шт, СПЕЦЗАКАЗ	Пробирки вакуумные стерильные. Принадлежности для забора крови./Пробирки вакуумные с К3ЭДТА (для гематологии) и разделительным гелем, фиолетовая крышка, МиниМед (внесены в Реестр российской промышленной продукции)	1375	12007008	https://minimed.ru/product/1691/	minimed.ru
4 мл, 13x100 мм	Пробирка вакуумная с ЭДТА и разделительным гелем, 4 мл, 13×100мм, фиолетовый, ПЭТФ, уп.100 шт, СПЕЦЗАКАЗ	Пробирки вакуумные стерильные. Принадлежности для забора крови./Пробирки вакуумные с К3ЭДТА (для гематологии) и разделительным гелем, фиолетовая крышка, МиниМед (внесены в Реестр российской промышленной продукции)	1375	12007009	https://minimed.ru/product/1725/	minimed.ru
4 мл, 13x75 мм	Пробирка вакуумная с ЭДТА и разделительным гелем, 4 мл, 13×75мм, фиолетовый, ПЭТФ, уп.100 шт, СПЕЦЗАКАЗ	Пробирки вакуумные стерильные. Принадлежности для забора крови./Пробирки вакуумные с К3ЭДТА (для гематологии) и разделительным гелем, фиолетовая крышка, МиниМед (внесены в Реестр российской промышленной продукции)	1375	12007069	https://minimed.ru/product/1733/	minimed.ru
5 мл, 13x100 мм	Пробирка вакуумная с ЭДТА и разделительным гелем, 5 мл, 13×100мм, фиолетовый, ПЭТФ, уп.100 шт, СПЕЦЗАКАЗ	Пробирки вакуумные стерильные. Принадлежности для забора крови./Пробирки вакуумные с К3ЭДТА (для гематологии) и разделительным гелем, фиолетовая крышка, МиниМед (внесены в Реестр российской промышленной продукции)	1375	12007079	https://minimed.ru/product/1780/	minimed.ru
6 мл, 13x100мм	Пробирка вакуумная с ЭДТА и разделительным гелем, 6 мл, 13×100мм, фиолетовый, ПЭТФ, уп.100 шт,СПЕЦЗАКАЗ	Пробирки вакуумные стерильные. Принадлежности для забора крови./Пробирки вакуумные с К3ЭДТА (для гематологии) и разделительным гелем, фиолетовая крышка, МиниМед (внесены в Реестр российской промышленной продукции)	1375	12007096	https://minimed.ru/product/3684/	minimed.ru
8 мл, 16x100 мм	Пробирка вакуумная с ЭДТА и разделительным гелем, 8 мл, 16×100мм, фиолетовый, ПЭТФ, уп.100 шт., СПЕЦЗАКАЗ	Пробирки вакуумные стерильные. Принадлежности для забора крови./Пробирки вакуумные с К3ЭДТА (для гематологии) и разделительным гелем, фиолетовая крышка, МиниМед (внесены в Реестр российской промышленной продукции)	2352	12007098	https://minimed.ru/product/3298/	minimed.ru
9 мл, 16x100 мм	Пробирка вакуумная с ЭДТА и разделительным гелем, 9 мл, 16×100мм, фиолетовый, ПЭТФ, уп.100 шт., СПЕЦЗАКАЗ	Пробирки вакуумные стерильные. Принадлежности для забора крови./Пробирки вакуумные с К3ЭДТА (для гематологии) и разделительным гелем, фиолетовая крышка, МиниМед (внесены в Реестр российской промышленной продукции)	2352	12007099	https://minimed.ru/product/3300/	minimed.ru
10 мл, 16x100 мм	Пробирка вакуумная с ЭДТА и разделительным гелем, 10 мл, 16×100мм, фиолетовый, ПЭТФ, уп.100 шт., СПЕЦЗАКАЗ	Пробирки вакуумные стерильные. Принадлежности для забора крови./Пробирки вакуумные с К3ЭДТА (для гематологии) и разделительным гелем, фиолетовая крышка, МиниМед (внесены в Реестр российской промышленной продукции)	2352	12007101	https://minimed.ru/product/3302/	minimed.ru

Пробирки вакуумные стерильные. Принадлежности для забора крови./Пробирки вакуумные с цитратом натрия 3,2% (для коагулологии), голубая крышка, МиниМед (внесены в Реестр российской промышленной продукции)						
1,8 мл, 13x100 мм	Пробирка вакуумная с цитратом натрия 3,2%,1,8 мл,13*100 мм, голубой, ПЭТФ, уп.100 шт, СПЕЦЗАКАЗ	Пробирки вакуумные стерильные. Принадлежности для забора крови./Пробирки вакуумные с цитратом натрия 3,2% (для коагулологии), голубая крышка, МиниМед (внесены в Реестр российской промышленной продукции)	912	12007071	https://minimed.ru/product/1528/	minimed.ru
1,8 мл, 13x75 мм	Пробирка вакуумная с цитратом натрия 3,2%, 1,8 мл,13*75 мм, голубой, ПЭТФ,уп.100 шт, СПЕЦЗАКАЗ	Пробирки вакуумные стерильные. Принадлежности для забора крови./Пробирки вакуумные с цитратом натрия 3,2% (для коагулологии), голубая крышка, МиниМед (внесены в Реестр российской промышленной продукции)	912	12007070	https://minimed.ru/product/1532/	minimed.ru
2,7 мл, 13x100 мм	Пробирка вакуумная с цитратом натрия 3,2%, 2,7 мл,13*100 мм, голубой, ПЭТФ,уп.100 шт, (с/г до 12.2026г)	Пробирки вакуумные стерильные. Принадлежности для забора крови./Пробирки вакуумные с цитратом натрия 3,2% (для коагулологии), голубая крышка, МиниМед (внесены в Реестр российской промышленной продукции)	480	12007072	https://minimed.ru/product/3335/	minimed.ru
2,7 мл, 13x100 мм	Пробирка вакуумная с цитратом натрия 3,2%, 2,7 мл,13*100 мм, голубой, ПЭТФ,уп.100 шт, (с/г до 12.2026г)	Пробирки вакуумные стерильные. Принадлежности для забора крови./Пробирки вакуумные с цитратом натрия 3,2% (для коагулологии), голубая крышка, МиниМед (внесены в Реестр российской промышленной продукции)	912	12007072	https://minimed.ru/product/3335/	minimed.ru
2,7 мл, 13x75 мм	Пробирка вакуумная с цитратом натрия 3,2%, 2,7 мл,13*75 мм, голубой, ПЭТФ,уп.100 шт	Пробирки вакуумные стерильные. Принадлежности для забора крови./Пробирки вакуумные с цитратом натрия 3,2% (для коагулологии), голубая крышка, МиниМед (внесены в Реестр российской промышленной продукции)	912	12007073	https://minimed.ru/product/1621/	minimed.ru
3,6 мл, 13x100 мм	Пробирка вакуумная с цитратом натрия 3,2%, 3,6 мл,13*100 мм, голубой, ПЭТФ,уп.100 шт, СПЕЦЗАКАЗ	Пробирки вакуумные стерильные. Принадлежности для забора крови./Пробирки вакуумные с цитратом натрия 3,2% (для коагулологии), голубая крышка, МиниМед (внесены в Реестр российской промышленной продукции)	912	12007075	https://minimed.ru/product/1669/	minimed.ru
3,6 мл, 13x75 мм	Пробирка вакуумная с цитратом натрия 3,2%,3,6 мл,13*75 мм, голубой, ПЭТФ,уп.100 шт	Пробирки вакуумные стерильные. Принадлежности для забора крови./Пробирки вакуумные с цитратом натрия 3,2% (для коагулологии), голубая крышка, МиниМед (внесены в Реестр российской промышленной продукции)	912	12007074	https://minimed.ru/product/1673/	minimed.ru
4,5 мл, 13x100 мм	Пробирка вакуумная с цитратом натрия 3,2%, 4,5 мл,13*100 мм, голубой, ПЭТФ,уп.100 шт	Пробирки вакуумные стерильные. Принадлежности для забора крови./Пробирки вакуумные с цитратом натрия 3,2% (для коагулологии), голубая крышка, МиниМед (внесены в Реестр российской промышленной продукции)	912	12007076	https://minimed.ru/product/1711/	minimed.ru
4,5 мл, 13x75 мм	Пробирка вакуумная с цитратом натрия 3,2%, 4,5 мл,13*75 мм, голубой, ПЭТФ,уп.100 шт	Пробирки вакуумные стерильные. Принадлежности для забора крови./Пробирки вакуумные с цитратом натрия 3,2% (для коагулологии), голубая крышка, МиниМед (внесены в Реестр российской промышленной продукции)	912	12007077	https://minimed.ru/product/1715/	minimed.ru
5,4 мл, 13x100 мм	Пробирка вакуумная с цитратом натрия 3,2%, 5,4 мл,13*100 мм, голубой, ПЭТФ,уп.100 шт,СПЕЦЗАКАЗ	Пробирки вакуумные стерильные. Принадлежности для забора крови./Пробирки вакуумные с цитратом натрия 3,2% (для коагулологии), голубая крышка, МиниМед (внесены в Реестр российской промышленной продукции)	912	12007078	https://minimed.ru/product/1754/	minimed.ru

Пробирки вакуумные стерильные. Принадлежности для забора крови./Пробирки вакуумные с цитратом натрия 3,8% (для коагулологии), голубая крышка, МиниМед (внесены в Реестр российской промышленной продукции)						
1,8 мл, 13x75 мм	Пробирка вакуумная с цитратом натрия 3,8%, 1,8 мл,13*75 мм, голубой, ПЭТФ,уп.100 шт	Пробирки вакуумные стерильные. Принадлежности для забора крови./Пробирки вакуумные с цитратом натрия 3,8% (для коагулологии), голубая крышка, МиниМед (внесены в Реестр российской промышленной продукции)	912	12007081	https://minimed.ru/product/1533/	minimed.ru
1,8 мл, 13x100 мм	Пробирка вакуумная с цитратом натрия 3,8%,1,8 мл,13*100 мм, голубой, ПЭТФ,уп.100 шт., СПЕЦЗАКАЗ	Пробирки вакуумные стерильные. Принадлежности для забора крови./Пробирки вакуумные с цитратом натрия 3,8% (для коагулологии), голубая крышка, МиниМед (внесены в Реестр российской промышленной продукции)	912	12007080	https://minimed.ru/product/1529/	minimed.ru
2,7 мл, 13x100 мм	Пробирка вакуумная с цитратом натрия 3,8%, 2,7 мл,13*100 мм, голубой, ПЭТФ,уп.100 шт, СПЕЦЗАКАЗ	Пробирки вакуумные стерильные. Принадлежности для забора крови./Пробирки вакуумные с цитратом натрия 3,8% (для коагулологии), голубая крышка, МиниМед (внесены в Реестр российской промышленной продукции)	912	12007082	https://minimed.ru/product/1617/	minimed.ru
2,7 мл, 13x75 мм	Пробирка вакуумная с цитратом натрия 3,8%, 2,7 мл,13*75 мм, голубой, ПЭТФ,уп.100 шт	Пробирки вакуумные стерильные. Принадлежности для забора крови./Пробирки вакуумные с цитратом натрия 3,8% (для коагулологии), голубая крышка, МиниМед (внесены в Реестр российской промышленной продукции)	912	12007083	https://minimed.ru/product/1623/	minimed.ru
3,6 мл, 13x100 мм	Пробирка вакуумная с цитратом натрия 3,8%, 3,6 мл,13*100 мм,голубой, ПЭТФ,уп.100 шт, СПЕЦЗАКАЗ	Пробирки вакуумные стерильные. Принадлежности для забора крови./Пробирки вакуумные с цитратом натрия 3,8% (для коагулологии), голубая крышка, МиниМед (внесены в Реестр российской промышленной продукции)	912	12007085	https://minimed.ru/product/1670/	minimed.ru
3,6 мл, 13x75 мм	Пробирка вакуумная с цитратом натрия 3,8%, 3,6 мл,13*75 мм, голубой, ПЭТФ,уп.100 шт	Пробирки вакуумные стерильные. Принадлежности для забора крови./Пробирки вакуумные с цитратом натрия 3,8% (для коагулологии), голубая крышка, МиниМед (внесены в Реестр российской промышленной продукции)	912	12007084	https://minimed.ru/product/1676/	minimed.ru
4,5 мл, 13x100 мм	Пробирка вакуумная с цитратом натрия 3,8%, 4,5 мл,13*100 мм, голубой, ПЭТФ,уп.100 шт	Пробирки вакуумные стерильные. Принадлежности для забора крови./Пробирки вакуумные с цитратом натрия 3,8% (для коагулологии), голубая крышка, МиниМед (внесены в Реестр российской промышленной продукции)	912	12007086	https://minimed.ru/product/1712/	minimed.ru
4,5 мл, 13x75 мм	Пробирка вакуумная с цитратом натрия 3,8%, 4,5 мл,13*75 мм, голубой, ПЭТФ,уп.100 шт	Пробирки вакуумные стерильные. Принадлежности для забора крови./Пробирки вакуумные с цитратом натрия 3,8% (для коагулологии), голубая крышка, МиниМед (внесены в Реестр российской промышленной продукции)	912	12007087	https://minimed.ru/product/1719/	minimed.ru
5,4 мл, 13x100 мм	Пробирка вакуумная с цитратом натрия 3,8%, 5,4 мл,13*100 мм, голубой, ПЭТФ,уп.100 шт, СПЕЦЗАКАЗ	Пробирки вакуумные стерильные. Принадлежности для забора крови./Пробирки вакуумные с цитратом натрия 3,8% (для коагулологии), голубая крышка, МиниМед (внесены в Реестр российской промышленной продукции)	912	12007088	https://minimed.ru/product/1753/	minimed.ru

Пробирки вакуумные стерильные. Принадлежности для забора крови./Пробирки вакуумные с Li-гепарином (для исследования плазмы), зеленая крышка, МиниМед (внесены в Реестр российской промышленной продукции)						
3 мл, 13x100 мм	Пробирка вакуумная с лития гепарином, 3 мл, 13×100 мм, зеленый, ПЭТФ, уп.100 шт, СПЕЦЗАКАЗ	Пробирки вакуумные стерильные. Принадлежности для забора крови./Пробирки вакуумные с Li-гепарином (для исследования плазмы), зеленая крышка, МиниМед (внесены в Реестр российской промышленной продукции)	1210	12007090	https://minimed.ru/product/1646/	minimed.ru
3 мл, 13x75 мм	Пробирка вакуумная с лития гепарином, 3 мл, 13×75 мм, зеленый, ПЭТФ, уп.100 шт, СПЕЦЗАКАЗ	Пробирки вакуумные стерильные. Принадлежности для забора крови./Пробирки вакуумные с Li-гепарином (для исследования плазмы), зеленая крышка, МиниМед (внесены в Реестр российской промышленной продукции)	1210	12007091	https://minimed.ru/product/1654/	minimed.ru
4 мл, 13x100 мм	Пробирка вакуумная с лития гепарином, 4 мл, 13×100 мм, зеленый, ПЭТФ, уп.100 шт, СПЕЦЗАКАЗ	Пробирки вакуумные стерильные. Принадлежности для забора крови./Пробирки вакуумные с Li-гепарином (для исследования плазмы), зеленая крышка, МиниМед (внесены в Реестр российской промышленной продукции)	1210	12007092	https://minimed.ru/product/1694/	minimed.ru
4 мл, 13x75 мм	Пробирка вакуумная с лития гепарином, 4 мл, 13×75 мм, зеленый, ПЭТФ, уп.100 шт	Пробирки вакуумные стерильные. Принадлежности для забора крови./Пробирки вакуумные с Li-гепарином (для исследования плазмы), зеленая крышка, МиниМед (внесены в Реестр российской промышленной продукции)	1210	12007093	https://minimed.ru/product/1702/	minimed.ru
5 мл, 13x100 мм	Пробирка вакуумная с лития гепарином, 5 мл, 13×100 мм, зеленый, ПЭТФ, уп.100 шт, СПЕЦЗАКАЗ	Пробирки вакуумные стерильные. Принадлежности для забора крови./Пробирки вакуумные с Li-гепарином (для исследования плазмы), зеленая крышка, МиниМед (внесены в Реестр российской промышленной продукции)	1210	12007094	https://minimed.ru/product/1737/	minimed.ru
5 мл, 13x75 мм	Пробирка вакуумная с лития гепарином, 5 мл, 13×75 мм, зеленый, ПЭТФ, уп.100 шт, СПЕЦЗАКАЗ	Пробирки вакуумные стерильные. Принадлежности для забора крови./Пробирки вакуумные с Li-гепарином (для исследования плазмы), зеленая крышка, МиниМед (внесены в Реестр российской промышленной продукции)	1210	12007106	https://minimed.ru/product/1746/	minimed.ru
6 мл, 13x100 мм	Пробирка вакуумная с лития гепарином, 6 мл, 13×100 мм, зеленый, ПЭТФ, уп.100 шт	Пробирки вакуумные стерильные. Принадлежности для забора крови./Пробирки вакуумные с Li-гепарином (для исследования плазмы), зеленая крышка, МиниМед (внесены в Реестр российской промышленной продукции)	1210	12007095	https://minimed.ru/product/1790/	minimed.ru
7 мл, 13x100 мм	Пробирка вакуумная с лития гепарином, 7 мл, 13×100 мм, зеленый, ПЭТФ, уп.100 шт, СПЕЦЗАКАЗ	Пробирки вакуумные стерильные. Принадлежности для забора крови./Пробирки вакуумные с Li-гепарином (для исследования плазмы), зеленая крышка, МиниМед (внесены в Реестр российской промышленной продукции)	1210	12007102	https://minimed.ru/product/1805/	minimed.ru
8мл, 16x100мм	Пробирка вакуумная с лития гепарином, 8 мл, 16×100 мм, зеленый, ПЭТФ, уп.100 шт. СПЕЦЗАКАЗ	Пробирки вакуумные стерильные. Принадлежности для забора крови./Пробирки вакуумные с Li-гепарином (для исследования плазмы), зеленая крышка, МиниМед (внесены в Реестр российской промышленной продукции)	2125	12007103	https://minimed.ru/product/3271/	minimed.ru
9 мл, 16x100мм	Пробирка вакуумная с лития гепарином, 9 мл, 16×100 мм, зеленый, ПЭТФ, уп.100 шт.	Пробирки вакуумные стерильные. Принадлежности для забора крови./Пробирки вакуумные с Li-гепарином (для исследования плазмы), зеленая крышка, МиниМед (внесены в Реестр российской промышленной продукции)	2125	12007104	https://minimed.ru/product/3281/	minimed.ru
10мл, 16x100мм	Пробирка вакуумная с лития гепарином, 10 мл,16×100 мм, зеленый, ПЭТФ, уп.100 шт, СПЕЦЗАКАЗ	Пробирки вакуумные стерильные. Принадлежности для забора крови./Пробирки вакуумные с Li-гепарином (для исследования плазмы), зеленая крышка, МиниМед (внесены в Реестр российской промышленной продукции)	2125	12007105	https://minimed.ru/product/3289/	minimed.ru

Пробирки вакуумные стерильные. Принадлежности для забора крови./Пробирки вакуумные с Na-гепарином (для исследования плазмы), зеленая крышка, МиниМед (внесены в Реестр российской промышленной продукции)						
3 мл, 13x100 мм	Пробирка вакуумная с натрия гепарином, 3 мл, 13×100 мм, зеленый, ПЭТФ, уп.100 шт, СПЕЦЗАКАЗ	Пробирки вакуумные стерильные. Принадлежности для забора крови./Пробирки вакуумные с Na-гепарином (для исследования плазмы), зеленая крышка, МиниМед (внесены в Реестр российской промышленной продукции)	1210	12007110	https://minimed.ru/product/1648/	minimed.ru
3 мл, 13x75 мм	Пробирка вакуумная с натрия гепарином, 3 мл, 13×75 мм, зеленый, ПЭТФ, уп.100 шт, СПЕЦЗАКАЗ	Пробирки вакуумные стерильные. Принадлежности для забора крови./Пробирки вакуумные с Na-гепарином (для исследования плазмы), зеленая крышка, МиниМед (внесены в Реестр российской промышленной продукции)	1210	12007111	https://minimed.ru/product/1656/	minimed.ru
4 мл, 13x100 мм	Пробирка вакуумная с натрия гепарином, 4 мл, 13×100 мм, зеленый, ПЭТФ, уп.100 шт, СПЕЦЗАКАЗ	Пробирки вакуумные стерильные. Принадлежности для забора крови./Пробирки вакуумные с Na-гепарином (для исследования плазмы), зеленая крышка, МиниМед (внесены в Реестр российской промышленной продукции)	1210	12007113	https://minimed.ru/product/1696/	minimed.ru
4 мл, 13x75 мм	Пробирка вакуумная с натрия гепарином, 4 мл, 13×75 мм, зеленый, ПЭТФ, уп.100 шт, СПЕЦЗАКАЗ	Пробирки вакуумные стерильные. Принадлежности для забора крови./Пробирки вакуумные с Na-гепарином (для исследования плазмы), зеленая крышка, МиниМед (внесены в Реестр российской промышленной продукции)	1210	12007112	https://minimed.ru/product/1704/	minimed.ru
5 мл, 13x100 мм	Пробирка вакуумная с натрия гепарином, 5 мл, 13×100 мм, зеленый, ПЭТФ, уп.100 шт, СПЕЦЗАКАЗ	Пробирки вакуумные стерильные. Принадлежности для забора крови./Пробирки вакуумные с Na-гепарином (для исследования плазмы), зеленая крышка, МиниМед (внесены в Реестр российской промышленной продукции)	1210	12007114	https://minimed.ru/product/1739/	minimed.ru
5 мл, 13x75 мм	Пробирка вакуумная с натрия гепарином, 5 мл, 13×75 мм, зеленый, ПЭТФ, уп.100 шт, СПЕЦЗАКАЗ	Пробирки вакуумные стерильные. Принадлежности для забора крови./Пробирки вакуумные с Na-гепарином (для исследования плазмы), зеленая крышка, МиниМед (внесены в Реестр российской промышленной продукции)	1210	12007116	https://minimed.ru/product/1748/	minimed.ru
6 мл, 13x100 мм	Пробирка вакуумная с натрия гепарином, 6 мл, 13×100 мм, зеленый, ПЭТФ, уп.100 шт, СПЕЦЗАКАЗ	Пробирки вакуумные стерильные. Принадлежности для забора крови./Пробирки вакуумные с Na-гепарином (для исследования плазмы), зеленая крышка, МиниМед (внесены в Реестр российской промышленной продукции)	1210	12007115	https://minimed.ru/product/1792/	minimed.ru
7 мл, 13x100 мм	Пробирка вакуумная с натрия гепарином, 7 мл, 13×100 мм, зеленый, ПЭТФ, уп.100 шт, СПЕЦЗАКАЗ	Пробирки вакуумные стерильные. Принадлежности для забора крови./Пробирки вакуумные с Na-гепарином (для исследования плазмы), зеленая крышка, МиниМед (внесены в Реестр российской промышленной продукции)	1210	12007117	https://minimed.ru/product/3111/	minimed.ru
8мл, 16x100мм	Пробирка вакуумная с натрия гепарином, 8 мл, 16×100 мм, зеленый, ПЭТФ, уп.100 шт. СПЕЦЗАКАЗ	Пробирки вакуумные стерильные. Принадлежности для забора крови./Пробирки вакуумные с Na-гепарином (для исследования плазмы), зеленая крышка, МиниМед (внесены в Реестр российской промышленной продукции)	2125	12007118	https://minimed.ru/product/3272/	minimed.ru
9 мл, 16x100 мм	Пробирка вакуумная с натрия гепарином, 9 мл, 16×100 мм, зеленый, ПЭТФ, уп.100 шт.	Пробирки вакуумные стерильные. Принадлежности для забора крови./Пробирки вакуумные с Na-гепарином (для исследования плазмы), зеленая крышка, МиниМед (внесены в Реестр российской промышленной продукции)	2125	12007119	https://minimed.ru/product/3282/	minimed.ru
10 мл, 16x100мм	Пробирка вакуумная с натрия гепарином, 10 мл, 16×100 мм, зеленый, ПЭТФ, уп.100 шт. СПЕЦЗАКАЗ	Пробирки вакуумные стерильные. Принадлежности для забора крови./Пробирки вакуумные с Na-гепарином (для исследования плазмы), зеленая крышка, МиниМед (внесены в Реестр российской промышленной продукции)	2125	12007190	https://minimed.ru/product/3290/	minimed.ru

Пробирки вакуумные стерильные. Принадлежности для забора крови./Пробирки вакуумные без наполнителей (для исследования сыворотки), красная крышка, МиниМед (внесены в Реестр российской промышленной продукции)						
2 мл, 13x75 мм	Пробирка вакуумная без наполнителя, 2 мл, 13×75 мм, красный, ПЭТФ, уп.100 шт,СПЕЦЗАКАЗ	Пробирки вакуумные стерильные. Принадлежности для забора крови./Пробирки вакуумные без наполнителей (для исследования сыворотки), красная крышка, МиниМед (внесены в Реестр российской промышленной продукции)	912	12007120	https://minimed.ru/product/1607/	minimed.ru
3 мл, 13x100 мм	Пробирка вакуумная без наполнителя, 3 мл, 13×100 мм, красный, ПЭТФ, уп.100 шт,СПЕЦЗАКАЗ	Пробирки вакуумные стерильные. Принадлежности для забора крови./Пробирки вакуумные без наполнителей (для исследования сыворотки), красная крышка, МиниМед (внесены в Реестр российской промышленной продукции)	912	12007122	https://minimed.ru/product/1650/	minimed.ru
3 мл, 13x75 мм	Пробирка вакуумная без наполнителя, 3 мл, 13×75 мм, красный, ПЭТФ, уп.100 шт,СПЕЦЗАКАЗ	Пробирки вакуумные стерильные. Принадлежности для забора крови./Пробирки вакуумные без наполнителей (для исследования сыворотки), красная крышка, МиниМед (внесены в Реестр российской промышленной продукции)	912	12007121	https://minimed.ru/product/1660/	minimed.ru
4 мл, 13x100 мм	Пробирка вакуумная без наполнителя, 4 мл, 13×100 мм, красный, ПЭТФ, уп.100 шт	Пробирки вакуумные стерильные. Принадлежности для забора крови./Пробирки вакуумные без наполнителей (для исследования сыворотки), красная крышка, МиниМед (внесены в Реестр российской промышленной продукции)	480	12007123	https://minimed.ru/product/1698/	minimed.ru
4 мл, 13x100 мм	Пробирка вакуумная без наполнителя, 4 мл, 13×100 мм, красный, ПЭТФ, уп.100 шт	Пробирки вакуумные стерильные. Принадлежности для забора крови./Пробирки вакуумные без наполнителей (для исследования сыворотки), красная крышка, МиниМед (внесены в Реестр российской промышленной продукции)	912	12007123	https://minimed.ru/product/1698/	minimed.ru
4 мл, 13x75 мм	Пробирка вакуумная без наполнителя, 4 мл, 13×75 мм, красный, ПЭТФ, уп.100 шт.	Пробирки вакуумные стерильные. Принадлежности для забора крови./Пробирки вакуумные без наполнителей (для исследования сыворотки), красная крышка, МиниМед (внесены в Реестр российской промышленной продукции)	912	12007124	https://minimed.ru/product/1706/	minimed.ru
5 мл, 13x100 мм	Пробирка вакуумная без наполнителя, 5 мл, 13×100 мм, красный, ПЭТФ, уп.100 шт	Пробирки вакуумные стерильные. Принадлежности для забора крови./Пробирки вакуумные без наполнителей (для исследования сыворотки), красная крышка, МиниМед (внесены в Реестр российской промышленной продукции)	912	12007126	https://minimed.ru/product/1741/	minimed.ru
5 мл, 13x75 мм	Пробирка вакуумная без наполнителя, 5 мл, 13×75 мм, красный, ПЭТФ, уп.100 шт	Пробирки вакуумные стерильные. Принадлежности для забора крови./Пробирки вакуумные без наполнителей (для исследования сыворотки), красная крышка, МиниМед (внесены в Реестр российской промышленной продукции)	912	12007125	https://minimed.ru/product/1750/	minimed.ru
6 мл, 13x100 мм	Пробирка вакуумная без наполнителя, 6 мл, 13×100 мм, красный, ПЭТФ, уп.100 шт	Пробирки вакуумные стерильные. Принадлежности для забора крови./Пробирки вакуумные без наполнителей (для исследования сыворотки), красная крышка, МиниМед (внесены в Реестр российской промышленной продукции)	912	12007127	https://minimed.ru/product/1795/	minimed.ru
7 мл, 13x100 мм	Пробирка вакуумная без наполнителя, 7 мл, 13×100 мм, красный, ПЭТФ, уп.100 шт	Пробирки вакуумные стерильные. Принадлежности для забора крови./Пробирки вакуумные без наполнителей (для исследования сыворотки), красная крышка, МиниМед (внесены в Реестр российской промышленной продукции)	912	12007129	https://minimed.ru/product/1809/	minimed.ru
8 мл, 16x100 мм	Пробирка вакуумная без наполнителя, 8 мл, 16×100 мм, красный, ПЭТФ, уп.100 шт.,СПЕЦЗАКАЗ	Пробирки вакуумные стерильные. Принадлежности для забора крови./Пробирки вакуумные без наполнителей (для исследования сыворотки), красная крышка, МиниМед (внесены в Реестр российской промышленной продукции)	1390	12007170	https://minimed.ru/product/3273/	minimed.ru
9 мл, 16x100 мм	Пробирка вакуумная без наполнителя, 9 мл, 16×100 мм, красный, ПЭТФ, уп.100 шт.	Пробирки вакуумные стерильные. Принадлежности для забора крови./Пробирки вакуумные без наполнителей (для исследования сыворотки), красная крышка, МиниМед (внесены в Реестр российской промышленной продукции)	1390	12007171	https://minimed.ru/product/3283/	minimed.ru
10 мл, 16x100 мм	Пробирка вакуумная без наполнителя, 10 мл, 16×100 мм, красный, ПЭТФ, уп.100 шт.	Пробирки вакуумные стерильные. Принадлежности для забора крови./Пробирки вакуумные без наполнителей (для исследования сыворотки), красная крышка, МиниМед (внесены в Реестр российской промышленной продукции)	1390	12007172	https://minimed.ru/product/3291/	minimed.ru

Пробирки вакуумные стерильные. Принадлежности для забора крови./Пробирки вакуумные (для исследования сыворотки) с гелем, красная крышка, МиниМед (внесены в Реестр российской промышленной продукции)						
2 мл, 13x75 мм	Пробирка вакуумная с разделительным гелем, 2 мл, 13×75 мм, красный, ПЭТФ, уп.100 шт, СПЕЦЗАКАЗ	Пробирки вакуумные стерильные. Принадлежности для забора крови./Пробирки вакуумные (для исследования сыворотки) с гелем, красная крышка, МиниМед (внесены в Реестр российской промышленной продукции)	1320	12007107	https://minimed.ru/product/1610/	minimed.ru
3 мл, 13x100 мм	Пробирка вакуумная с разделительным гелем, 3 мл, 13×100 мм, красный, ПЭТФ, уп.100 шт, СПЕЦЗАКАЗ	Пробирки вакуумные стерильные. Принадлежности для забора крови./Пробирки вакуумные (для исследования сыворотки) с гелем, красная крышка, МиниМед (внесены в Реестр российской промышленной продукции)	1320	12007108	https://minimed.ru/product/1653/	minimed.ru
3 мл, 13x75 мм	Пробирка вакуумная с разделительным гелем, 3 мл, 13×75 мм, красный, ПЭТФ, уп.100 шт, СПЕЦЗАКАЗ	Пробирки вакуумные стерильные. Принадлежности для забора крови./Пробирки вакуумные (для исследования сыворотки) с гелем, красная крышка, МиниМед (внесены в Реестр российской промышленной продукции)	1320	12007109	https://minimed.ru/product/1663/	minimed.ru
4 мл, 13x100 мм	Пробирка вакуумная с разделительным гелем, 4 мл, 13×100 мм, красный, ПЭТФ, уп.100 шт, СПЕЦЗАКАЗ	Пробирки вакуумные стерильные. Принадлежности для забора крови./Пробирки вакуумные (для исследования сыворотки) с гелем, красная крышка, МиниМед (внесены в Реестр российской промышленной продукции)	1320	12007173	https://minimed.ru/product/1701/	minimed.ru
4 мл, 13x75 мм	Пробирка вакуумная с разделительным гелем, 4 мл, 13×75 мм, красный, ПЭТФ, уп.100 шт, СПЕЦЗАКАЗ	Пробирки вакуумные стерильные. Принадлежности для забора крови./Пробирки вакуумные (для исследования сыворотки) с гелем, красная крышка, МиниМед (внесены в Реестр российской промышленной продукции)	1320	12007174	https://minimed.ru/product/1709/	minimed.ru
5 мл, 13x100 мм	Пробирка вакуумная с разделительным гелем, 5 мл, 13×100 мм, красный, ПЭТФ, уп.100 шт, СПЕЦЗАКАЗ	Пробирки вакуумные стерильные. Принадлежности для забора крови./Пробирки вакуумные (для исследования сыворотки) с гелем, красная крышка, МиниМед (внесены в Реестр российской промышленной продукции)	1320	12007175	https://minimed.ru/product/1745/	minimed.ru
6 мл, 13x100 мм	Пробирка вакуумная с разделительным гелем, 6 мл, 13×100 мм, красный, ПЭТФ, уп.100 шт, СПЕЦЗАКАЗ	Пробирки вакуумные стерильные. Принадлежности для забора крови./Пробирки вакуумные (для исследования сыворотки) с гелем, красная крышка, МиниМед (внесены в Реестр российской промышленной продукции)	1320	12007128	https://minimed.ru/product/4108/	minimed.ru
8 мл, 16x100мм	Пробирка вакуумная с разделительным гелем, 8 мл, 16×100 мм, красный, ПЭТФ, уп.100 шт. СПЕЦЗАКАЗ	Пробирки вакуумные стерильные. Принадлежности для забора крови./Пробирки вакуумные (для исследования сыворотки) с гелем, красная крышка, МиниМед (внесены в Реестр российской промышленной продукции)	2270	12007178	https://minimed.ru/product/3297/	minimed.ru
9 мл, 16x100 мм	Пробирка вакуумная с разделительным гелем, 9 мл, 16×100 мм, красный, ПЭТФ, уп.100 шт. СПЕЦЗАКАЗ	Пробирки вакуумные стерильные. Принадлежности для забора крови./Пробирки вакуумные (для исследования сыворотки) с гелем, красная крышка, МиниМед (внесены в Реестр российской промышленной продукции)	2270	12007179	https://minimed.ru/product/3299/	minimed.ru
10 мл, 16x100 мм	Пробирка вакуумная с разделительным гелем, 10 мл, 16×100 мм, красный, ПЭТФ, уп.100 шт. СПЕЦЗАКАЗ	Пробирки вакуумные стерильные. Принадлежности для забора крови./Пробирки вакуумные (для исследования сыворотки) с гелем, красная крышка, МиниМед (внесены в Реестр российской промышленной продукции)	2270	12007180	https://minimed.ru/product/3301/	minimed.ru

Пробирки вакуумные стерильные. Принадлежности для забора крови./Пробирки вакуумные с активатором свертывания (для исследования сыворотки), оранжевая крышка, МиниМед (внесены в Реестр российской промышленной продукции)						
2 мл, 13x75 мм	Пробирка вакуумная с активатором свёртывания, 2мл, 13×75мм, оранжевый, ПЭТФ, уп.100 шт	Пробирки вакуумные стерильные. Принадлежности для забора крови./Пробирки вакуумные с активатором свертывания (для исследования сыворотки), оранжевая крышка, МиниМед (внесены в Реестр российской промышленной продукции)	912	12007130	https://minimed.ru/product/3106/	minimed.ru
3,5 мл, 13x75 мм	Пробирка вакуумная с активатором свёртывания, 3,5мл, 13×75мм, оранжевый, ПЭТФ, уп.100 шт, СПЕЦЗАКАЗ	Пробирки вакуумные стерильные. Принадлежности для забора крови./Пробирки вакуумные с активатором свертывания (для исследования сыворотки), оранжевая крышка, МиниМед (внесены в Реестр российской промышленной продукции)	912	12007138	https://minimed.ru/product/1666/	minimed.ru
3 мл, 13x100 мм	Пробирка вакуумная с активатором свёртывания, 3мл, 13×100мм, оранжевый, ПЭТФ, уп.100 шт	Пробирки вакуумные стерильные. Принадлежности для забора крови./Пробирки вакуумные с активатором свертывания (для исследования сыворотки), оранжевая крышка, МиниМед (внесены в Реестр российской промышленной продукции)	480	12007132	https://minimed.ru/product/3107/	minimed.ru
3 мл, 13x100 мм	Пробирка вакуумная с активатором свёртывания, 3мл, 13×100мм, оранжевый, ПЭТФ, уп.100 шт	Пробирки вакуумные стерильные. Принадлежности для забора крови./Пробирки вакуумные с активатором свертывания (для исследования сыворотки), оранжевая крышка, МиниМед (внесены в Реестр российской промышленной продукции)	912	12007132	https://minimed.ru/product/3107/	minimed.ru
3 мл, 13x75 мм	Пробирка вакуумная с активатором свёртывания, 3мл, 13×75мм, оранжевый, ПЭТФ, уп.100 шт	Пробирки вакуумные стерильные. Принадлежности для забора крови./Пробирки вакуумные с активатором свертывания (для исследования сыворотки), оранжевая крышка, МиниМед (внесены в Реестр российской промышленной продукции)	912	12007131	https://minimed.ru/product/1686/	minimed.ru
4 мл, 13x100 мм	Пробирка вакуумная с активатором свёртывания, 4мл, 13×100мм, оранжевый, ПЭТФ, уп.100 шт	Пробирки вакуумные стерильные. Принадлежности для забора крови./Пробирки вакуумные с активатором свертывания (для исследования сыворотки), оранжевая крышка, МиниМед (внесены в Реестр российской промышленной продукции)	912	12007133	https://minimed.ru/product/3110/	minimed.ru
4 мл, 13x75 мм	Пробирка вакуумная с активатором свёртывания, 4мл, 13×75мм, оранжевый, ПЭТФ, уп.100 шт	Пробирки вакуумные стерильные. Принадлежности для забора крови./Пробирки вакуумные с активатором свертывания (для исследования сыворотки), оранжевая крышка, МиниМед (внесены в Реестр российской промышленной продукции)	912	12007134	https://minimed.ru/product/1728/	minimed.ru
5 мл, 13x100 мм	Пробирка вакуумная с активатором свёртывания, 5мл, 13×100мм, оранжевый, ПЭТФ, уп.100 шт	Пробирки вакуумные стерильные. Принадлежности для забора крови./Пробирки вакуумные с активатором свертывания (для исследования сыворотки), оранжевая крышка, МиниМед (внесены в Реестр российской промышленной продукции)	912	12007136	https://minimed.ru/product/1775/	minimed.ru
5 мл, 13x75 мм	Пробирка вакуумная с активатором свёртывания, 5мл, 13×75мм, оранжевый, ПЭТФ, уп.100 шт	Пробирки вакуумные стерильные. Принадлежности для забора крови./Пробирки вакуумные с активатором свертывания (для исследования сыворотки), оранжевая крышка, МиниМед (внесены в Реестр российской промышленной продукции)	912	12007135	https://minimed.ru/product/1783/	minimed.ru
6 мл, 13x100 мм	Пробирка вакуумная с активатором свёртывания, 6мл, 13×100мм, оранжевый, ПЭТФ, уп.100 шт	Пробирки вакуумные стерильные. Принадлежности для забора крови./Пробирки вакуумные с активатором свертывания (для исследования сыворотки), оранжевая крышка, МиниМед (внесены в Реестр российской промышленной продукции)	912	12007137	https://minimed.ru/product/1799/	minimed.ru
7 мл, 13x100 мм	Пробирка вакуумная с активатором свёртывания, 7мл, 13×100мм, оранжевый, ПЭТФ, уп.100 шт	Пробирки вакуумные стерильные. Принадлежности для забора крови./Пробирки вакуумные с активатором свертывания (для исследования сыворотки), оранжевая крышка, МиниМед (внесены в Реестр российской промышленной продукции)	912	12007139	https://minimed.ru/product/1811/	minimed.ru
8,5мл, 16x100мм	Пробирка вакуумная с активатором свёртывания, 8,5мл, 16×100мм, оранжевый, ПЭТФ, уп.100 шт., СПЕЦЗАКАЗ	Пробирки вакуумные стерильные. Принадлежности для забора крови./Пробирки вакуумные с активатором свертывания (для исследования сыворотки), оранжевая крышка, МиниМед (внесены в Реестр российской промышленной продукции)	1405	12007162	https://minimed.ru/product/3276/	minimed.ru
8мл, 16x100мм	Пробирка вакуумная с активатором свертывания, 8мл, 16×100мм, оранжевый, ПЭТФ, уп.100 шт., СПЕЦЗАКАЗ	Пробирки вакуумные стерильные. Принадлежности для забора крови./Пробирки вакуумные с активатором свертывания (для исследования сыворотки), оранжевая крышка, МиниМед (внесены в Реестр российской промышленной продукции)	1405	12007163	https://minimed.ru/product/3277/	minimed.ru
9мл, 16x100мм	Пробирка вакуумная с активатором свёртывания, 9мл, 16×100мм, оранжевый, ПЭТФ, уп.100 шт.	Пробирки вакуумные стерильные. Принадлежности для забора крови./Пробирки вакуумные с активатором свертывания (для исследования сыворотки), оранжевая крышка, МиниМед (внесены в Реестр российской промышленной продукции)	1405	12007164	https://minimed.ru/product/3285/	minimed.ru
10мл, 16x100мм	Пробирка вакуумная с активатором свёртывания, 10мл, 16×100мм, оранжевый, ПЭТФ, уп.100 шт.	Пробирки вакуумные стерильные. Принадлежности для забора крови./Пробирки вакуумные с активатором свертывания (для исследования сыворотки), оранжевая крышка, МиниМед (внесены в Реестр российской промышленной продукции)	1405	12007165	https://minimed.ru/product/3293/	minimed.ru

Пробирки вакуумные стерильные. Принадлежности для забора крови./Пробирки вакуумные с активатором свертывания и разделительным гелем (для исследования сыворотки), оранжевая крышка, МиниМед (внесены в Реестр российской промышленной продукции)						
2 мл, 13x75 мм	Пробирка вакуумная с активатором свёртывания и разделительным гелем, 2мл, 13*75 мм, оранжевый, ПЭТФ,уп.100 шт., СПЕЦЗАКАЗ	Пробирки вакуумные стерильные. Принадлежности для забора крови./Пробирки вакуумные с активатором свертывания и разделительным гелем (для исследования сыворотки), оранжевая крышка, МиниМед (внесены в Реестр российской промышленной продукции)	1375	12007169	https://minimed.ru/product/1609/	minimed.ru
3 мл, 13x100 мм	Пробирка вакуумная с активатором свёртывания и разделительным гелем, 3мл,13*100 мм, оранжевый, ПЭТФ,уп.100, СПЕЦЗАКАЗ	Пробирки вакуумные стерильные. Принадлежности для забора крови./Пробирки вакуумные с активатором свертывания и разделительным гелем (для исследования сыворотки), оранжевая крышка, МиниМед (внесены в Реестр российской промышленной продукции)	1375	12007140	https://minimed.ru/product/1652/	minimed.ru
3 мл, 13x75 мм	Пробирка вакуумная с активатором свёртывания и разделительным гелем, 3мл,13*75 мм, оранжевый, ПЭТФ,уп.100, СПЕЦЗАКАЗ	Пробирки вакуумные стерильные. Принадлежности для забора крови./Пробирки вакуумные с активатором свертывания и разделительным гелем (для исследования сыворотки), оранжевая крышка, МиниМед (внесены в Реестр российской промышленной продукции)	1375	12007141	https://minimed.ru/product/1662/	minimed.ru
3,5 мл, 13x75 мм	Пробирка вакуумная с активатором свёртывания и разделительным гелем, 3,5мл,13*75 мм, оранжевый, ПЭТФ, уп.100, СПЕЦЗАКАЗ	Пробирки вакуумные стерильные. Принадлежности для забора крови./Пробирки вакуумные с активатором свертывания и разделительным гелем (для исследования сыворотки), оранжевая крышка, МиниМед (внесены в Реестр российской промышленной продукции)	1375	12007142	https://minimed.ru/product/1665/	minimed.ru
4 мл, 13x100 мм	Пробирка вакуумная с активатором свёртывания и разделительным гелем, 4мл,13*100 мм, оранжевый, ПЭТФ,уп.100, СПЕЦЗАКАЗ	Пробирки вакуумные стерильные. Принадлежности для забора крови./Пробирки вакуумные с активатором свертывания и разделительным гелем (для исследования сыворотки), оранжевая крышка, МиниМед (внесены в Реестр российской промышленной продукции)	1375	12007143	https://minimed.ru/product/1700/	minimed.ru
4 мл, 13x75 мм	Пробирка вакуумная с активатором свёртывания и разделительным гелем, 4мл,13*75 мм, оранжевый, ПЭТФ,уп.100шт	Пробирки вакуумные стерильные. Принадлежности для забора крови./Пробирки вакуумные с активатором свертывания и разделительным гелем (для исследования сыворотки), оранжевая крышка, МиниМед (внесены в Реестр российской промышленной продукции)	1375	12007144	https://minimed.ru/product/1708/	minimed.ru
5 мл, 13x100 мм	Пробирка вакуумная с активатором свёртывания и разделительным гелем, 5мл,13*100 мм, оранжевый, ПЭТФ,уп.100шт.	Пробирки вакуумные стерильные. Принадлежности для забора крови./Пробирки вакуумные с активатором свертывания и разделительным гелем (для исследования сыворотки), оранжевая крышка, МиниМед (внесены в Реестр российской промышленной продукции)	1375	12007145	https://minimed.ru/product/1744/	minimed.ru
6 мл, 13x100 мм	Пробирка вакуумная с активатором свёртывания и разделительным гелем, 6 мл, 13*100 мм, оранжевый, ПЭТФ, уп.100шт	Пробирки вакуумные стерильные. Принадлежности для забора крови./Пробирки вакуумные с активатором свертывания и разделительным гелем (для исследования сыворотки), оранжевая крышка, МиниМед (внесены в Реестр российской промышленной продукции)	1375	12007146	https://minimed.ru/product/1797/	minimed.ru
8мл, 16x100мм	Пробирка вакуумная с активатором свёртывания и разделительным гелем, 8 мл, 16*100 мм, оранжевый, ПЭТФ,уп.100шт.	Пробирки вакуумные стерильные. Принадлежности для забора крови./Пробирки вакуумные с активатором свертывания и разделительным гелем (для исследования сыворотки), оранжевая крышка, МиниМед (внесены в Реестр российской промышленной продукции)	2352	12007148	https://minimed.ru/product/3274/	minimed.ru
8,5мл, 16x100мм	Пробирка вакуумная с активатором свёртывания и разделительным гелем, 8,5мл,16*100 мм, оранжевый, ПЭТФ,уп.100 шт.	Пробирки вакуумные стерильные. Принадлежности для забора крови./Пробирки вакуумные с активатором свертывания и разделительным гелем (для исследования сыворотки), оранжевая крышка, МиниМед (внесены в Реестр российской промышленной продукции)	2352	12007149	https://minimed.ru/product/3275/	minimed.ru
9мл, 16x100мм	Пробирка вакуумная с активатором свёртывания и разделительным гелем, 9мл,16*100 мм, оранжевый, ПЭТФ,уп.100 шт. СПЕЦЗАКАЗ	Пробирки вакуумные стерильные. Принадлежности для забора крови./Пробирки вакуумные с активатором свертывания и разделительным гелем (для исследования сыворотки), оранжевая крышка, МиниМед (внесены в Реестр российской промышленной продукции)	2352	12007166	https://minimed.ru/product/3284/	minimed.ru
10мл, 16x100мм	Пробирка вакуумная с активатором свёртывания и разделительным гелем, 10 мл,16*100 мм, оранжевый, ПЭТФ,уп.100шт. СПЕЦЗАКАЗ	Пробирки вакуумные стерильные. Принадлежности для забора крови./Пробирки вакуумные с активатором свертывания и разделительным гелем (для исследования сыворотки), оранжевая крышка, МиниМед (внесены в Реестр российской промышленной продукции)	2352	12007167	https://minimed.ru/product/3292/	minimed.ru

Пробирки вакуумные стерильные. Принадлежности для забора крови./Пробирки вакуумные стеклянные с К2ЭДТА (для гематологии), фиолетовая крышка, МиниМед (внесены в Реестр российской промышленной продукции)						
1 мл, 13x75 мм	Пробирка вакуумная с ЭДТА, 1мл, 13×75мм, фиолетовый, стекло, уп.100шт.,СПЕЦЗАКАЗ	Пробирки вакуумные стерильные. Принадлежности для забора крови./Пробирки вакуумные стеклянные с К2ЭДТА (для гематологии), фиолетовая крышка, МиниМед (внесены в Реестр российской промышленной продукции)	468	12007421	https://minimed.ru/product/1603/	minimed.ru
1 мл, 13x75 мм	Пробирка вакуумная с ЭДТА, 1мл, 13×75мм, фиолетовый, стекло, уп.100шт.,СПЕЦЗАКАЗ	Пробирки вакуумные стерильные. Принадлежности для забора крови./Пробирки вакуумные стеклянные с К2ЭДТА (для гематологии), фиолетовая крышка, МиниМед (внесены в Реестр российской промышленной продукции)	1025	12007421	https://minimed.ru/product/1603/	minimed.ru
2 мл, 13x75 мм	Пробирка вакуумная с ЭДТА, 2мл, 13×75мм, фиолетовый, стекло, уп.100 шт, СПЕЦЗАКАЗ	Пробирки вакуумные стерильные. Принадлежности для забора крови./Пробирки вакуумные стеклянные с К2ЭДТА (для гематологии), фиолетовая крышка, МиниМед (внесены в Реестр российской промышленной продукции)	468	12007422	https://minimed.ru/product/1642/	minimed.ru
2 мл, 13x75 мм	Пробирка вакуумная с ЭДТА, 2мл, 13×75мм, фиолетовый, стекло, уп.100 шт, СПЕЦЗАКАЗ	Пробирки вакуумные стерильные. Принадлежности для забора крови./Пробирки вакуумные стеклянные с К2ЭДТА (для гематологии), фиолетовая крышка, МиниМед (внесены в Реестр российской промышленной продукции)	1025	12007422	https://minimed.ru/product/1642/	minimed.ru
3 мл, 13x100 мм	Пробирка вакуумная с ЭДТА, 3 мл, 13×100мм, фиолетовый, стекло, уп.100шт, СПЕЦЗАКАЗ	Пробирки вакуумные стерильные. Принадлежности для забора крови./Пробирки вакуумные стеклянные с К2ЭДТА (для гематологии), фиолетовая крышка, МиниМед (внесены в Реестр российской промышленной продукции)	1087	12007423	https://minimed.ru/product/1682/	minimed.ru
3 мл, 13x75 мм	Пробирка вакуумная с ЭДТА, 3 мл, 13×75мм, фиолетовый, стекло, уп.100 шт, СПЕЦЗАКАЗ	Пробирки вакуумные стерильные. Принадлежности для забора крови./Пробирки вакуумные стеклянные с К2ЭДТА (для гематологии), фиолетовая крышка, МиниМед (внесены в Реестр российской промышленной продукции)	1025	12007424	https://minimed.ru/product/1690/	minimed.ru
4 мл, 13x100 мм	Пробирка вакуумная с ЭДТА, 4 мл, 13×100мм, фиолетовый, стекло, уп.100 шт, СПЕЦЗАКАЗ	Пробирки вакуумные стерильные. Принадлежности для забора крови./Пробирки вакуумные стеклянные с К2ЭДТА (для гематологии), фиолетовая крышка, МиниМед (внесены в Реестр российской промышленной продукции)	1087	12007425	https://minimed.ru/product/1724/	minimed.ru
4 мл, 13x75 мм	Пробирка вакуумная с ЭДТА, 4 мл, 13×75мм, фиолетовый, стекло, уп.100 шт, СПЕЦЗАКАЗ	Пробирки вакуумные стерильные. Принадлежности для забора крови./Пробирки вакуумные стеклянные с К2ЭДТА (для гематологии), фиолетовая крышка, МиниМед (внесены в Реестр российской промышленной продукции)	1025	12007426	https://minimed.ru/product/1732/	minimed.ru
5 мл, 13x100 мм	Пробирка вакуумная с ЭДТА, 5 мл, 13×100мм, фиолетовый, стекло, уп.100 шт, СПЕЦЗАКАЗ	Пробирки вакуумные стерильные. Принадлежности для забора крови./Пробирки вакуумные стеклянные с К2ЭДТА (для гематологии), фиолетовая крышка, МиниМед (внесены в Реестр российской промышленной продукции)	1087	12007427	https://minimed.ru/product/1779/	minimed.ru
5 мл, 13x75 мм	Пробирка вакуумная с ЭДТА, 5 мл, 13×75мм, фиолетовый, стекло, уп.100 шт, СПЕЦЗАКАЗ	Пробирки вакуумные стерильные. Принадлежности для забора крови./Пробирки вакуумные стеклянные с К2ЭДТА (для гематологии), фиолетовая крышка, МиниМед (внесены в Реестр российской промышленной продукции)	1025	12007428	https://minimed.ru/product/1786/	minimed.ru
6 мл, 13x100 мм	Пробирка вакуумная с ЭДТА, 6 мл, 13×100мм, фиолетовый, стекло, уп.100 шт, СПЕЦЗАКАЗ	Пробирки вакуумные стерильные. Принадлежности для забора крови./Пробирки вакуумные стеклянные с К2ЭДТА (для гематологии), фиолетовая крышка, МиниМед (внесены в Реестр российской промышленной продукции)	1087	12007429	https://minimed.ru/product/1802/	minimed.ru
7 мл, 13x100 мм	Пробирка вакуумная с ЭДТА, 7 мл, 13×100мм, фиолетовый, стекло, уп.100 шт, СПЕЦЗАКАЗ	Пробирки вакуумные стерильные. Принадлежности для забора крови./Пробирки вакуумные стеклянные с К2ЭДТА (для гематологии), фиолетовая крышка, МиниМед (внесены в Реестр российской промышленной продукции)	1087	12007430	https://minimed.ru/product/1814/	minimed.ru

Пробирки вакуумные стерильные. Принадлежности для забора крови./Пробирки вакуумные стеклянные с К3ЭДТА (для гематологии), фиолетовая крышка, МиниМед (внесены в Реестр российской промышленной продукции)						
1 мл, 13x75 мм	Пробирка вакуумная с ЭДТА, 1мл, 13×75мм, фиолетовый, стекло, уп.100 шт, СПЕЦЗАКАЗ	Пробирки вакуумные стерильные. Принадлежности для забора крови./Пробирки вакуумные стеклянные с К3ЭДТА (для гематологии), фиолетовая крышка, МиниМед (внесены в Реестр российской промышленной продукции)	1025	12007440	https://minimed.ru/product/273/	minimed.ru
2 мл, 13x75 мм	Пробирка вакуумная с ЭДТА, 2мл, 13×75мм, фиолетовый, стекло, уп.100 шт, СПЕЦЗАКАЗ	Пробирки вакуумные стерильные. Принадлежности для забора крови./Пробирки вакуумные стеклянные с К3ЭДТА (для гематологии), фиолетовая крышка, МиниМед (внесены в Реестр российской промышленной продукции)	1025	12007441	https://minimed.ru/product/1645/	minimed.ru
3 мл, 13x100 мм	Пробирка вакуумная с ЭДТА, 3 мл, 13×100мм, фиолетовый, стекло, уп.100 шт, СПЕЦЗАКАЗ	Пробирки вакуумные стерильные. Принадлежности для забора крови./Пробирки вакуумные стеклянные с К3ЭДТА (для гематологии), фиолетовая крышка, МиниМед (внесены в Реестр российской промышленной продукции)	1087	12007442	https://minimed.ru/product/1685/	minimed.ru
3 мл, 13x75 мм	Пробирка вакуумная с ЭДТА, 3 мл, 13×75мм, фиолетовый, стекло, уп.100 шт, СПЕЦЗАКАЗ	Пробирки вакуумные стерильные. Принадлежности для забора крови./Пробирки вакуумные стеклянные с К3ЭДТА (для гематологии), фиолетовая крышка, МиниМед (внесены в Реестр российской промышленной продукции)	1025	12007443	https://minimed.ru/product/1693/	minimed.ru
4 мл, 13x100 мм	Пробирка вакуумная с ЭДТА, 4 мл, 13×100мм, фиолетовый, стекло, уп.100 шт, СПЕЦЗАКАЗ	Пробирки вакуумные стерильные. Принадлежности для забора крови./Пробирки вакуумные стеклянные с К3ЭДТА (для гематологии), фиолетовая крышка, МиниМед (внесены в Реестр российской промышленной продукции)	1087	12007444	https://minimed.ru/product/1727/	minimed.ru
4 мл, 13x75 мм	Пробирка вакуумная с ЭДТА, 4 мл, 13×75мм, фиолетовый, стекло, уп.100 шт, СПЕЦЗАКАЗ	Пробирки вакуумные стерильные. Принадлежности для забора крови./Пробирки вакуумные стеклянные с К3ЭДТА (для гематологии), фиолетовая крышка, МиниМед (внесены в Реестр российской промышленной продукции)	1025	12007445	https://minimed.ru/product/1735/	minimed.ru
5 мл, 13x100 мм	Пробирка вакуумная с ЭДТА, 5 мл, 13×100мм, фиолетовый, стекло, уп.100 шт, СПЕЦЗАКАЗ	Пробирки вакуумные стерильные. Принадлежности для забора крови./Пробирки вакуумные стеклянные с К3ЭДТА (для гематологии), фиолетовая крышка, МиниМед (внесены в Реестр российской промышленной продукции)	1087	12007446	https://minimed.ru/product/1782/	minimed.ru
5 мл, 13x75 мм	Пробирка вакуумная с ЭДТА, 5 мл, 13×75мм, фиолетовый, стекло, уп.100 шт, СПЕЦЗАКАЗ	Пробирки вакуумные стерильные. Принадлежности для забора крови./Пробирки вакуумные стеклянные с К3ЭДТА (для гематологии), фиолетовая крышка, МиниМед (внесены в Реестр российской промышленной продукции)	1025	12007447	https://minimed.ru/product/1788/	minimed.ru
6 мл, 13x100 мм	Пробирка вакуумная с ЭДТА, 6 мл, 13×100мм, фиолетовый, стекло, уп.100 шт, СПЕЦЗАКАЗ	Пробирки вакуумные стерильные. Принадлежности для забора крови./Пробирки вакуумные стеклянные с К3ЭДТА (для гематологии), фиолетовая крышка, МиниМед (внесены в Реестр российской промышленной продукции)	1087	12007448	https://minimed.ru/product/1804/	minimed.ru
7 мл, 13x100 мм	Пробирка вакуумная с ЭДТА, 7 мл, 13×100мм, фиолетовый, стекло, уп.100 шт, СПЕЦЗАКАЗ	Пробирки вакуумные стерильные. Принадлежности для забора крови./Пробирки вакуумные стеклянные с К3ЭДТА (для гематологии), фиолетовая крышка, МиниМед (внесены в Реестр российской промышленной продукции)	1087	12007449	https://minimed.ru/product/1816/	minimed.ru

Пробирки вакуумные стерильные. Принадлежности для забора крови./Пробирки вакуумные стеклянные с цитратом натрия 3,2% (для коагулологии), голубая крышка, МиниМед (внесены в Реестр российской промышленной продукции)						
1,8 мл, 13x100 мм	Пробирка вакуумная с цитратом натрия 3,2%,1,8 мл,13*100 мм, голубой, стекло, уп.100 шт, СПЕЦЗАКАЗ	Пробирки вакуумные стерильные. Принадлежности для забора крови./Пробирки вакуумные стеклянные с цитратом натрия 3,2% (для коагулологии), голубая крышка, МиниМед (внесены в Реестр российской промышленной продукции)	1195	12007450	https://minimed.ru/product/1530/	minimed.ru
1,8 мл, 13x75 мм	Пробирка вакуумная с цитратом натрия 3,2%, 1,8 мл,13*75 мм, голубой, стекло, уп.100 шт, СПЕЦЗАКАЗ	Пробирки вакуумные стерильные. Принадлежности для забора крови./Пробирки вакуумные стеклянные с цитратом натрия 3,2% (для коагулологии), голубая крышка, МиниМед (внесены в Реестр российской промышленной продукции)	1131	12007451	https://minimed.ru/product/1534/	minimed.ru
2,7 мл, 13x100 мм	Пробирка вакуумная с цитратом натрия 3,2%, 2,7 мл,13*100 мм, голубой, стекло, уп.100 шт, СПЕЦЗАКАЗ	Пробирки вакуумные стерильные. Принадлежности для забора крови./Пробирки вакуумные стеклянные с цитратом натрия 3,2% (для коагулологии), голубая крышка, МиниМед (внесены в Реестр российской промышленной продукции)	1195	12007452	https://minimed.ru/product/1619/	minimed.ru
2,7 мл, 13x75 мм	Пробирка вакуумная с цитратом натрия 3,2%, 2,7 мл,13*75 мм, голубой, стекло, уп.100 шт, СПЕЦЗАКАЗ	Пробирки вакуумные стерильные. Принадлежности для забора крови./Пробирки вакуумные стеклянные с цитратом натрия 3,2% (для коагулологии), голубая крышка, МиниМед (внесены в Реестр российской промышленной продукции)	1131	12007453	https://minimed.ru/product/1622/	minimed.ru
3,6 мл, 13x100 мм	Пробирка вакуумная с цитратом натрия 3,2%, 3,6 мл,13*100 мм, голубой, стекло, уп.100 шт, СПЕЦЗАКАЗ	Пробирки вакуумные стерильные. Принадлежности для забора крови./Пробирки вакуумные стеклянные с цитратом натрия 3,2% (для коагулологии), голубая крышка, МиниМед (внесены в Реестр российской промышленной продукции)	1195	12007454	https://minimed.ru/product/1671/	minimed.ru
3,6 мл, 13x75 мм	Пробирка вакуумная с цитратом натрия 3,2%,3,6 мл,13*75 мм, голубой, стекло, уп.100 шт, СПЕЦЗАКАЗ	Пробирки вакуумные стерильные. Принадлежности для забора крови./Пробирки вакуумные стеклянные с цитратом натрия 3,2% (для коагулологии), голубая крышка, МиниМед (внесены в Реестр российской промышленной продукции)	1131	12007455	https://minimed.ru/product/1674/	minimed.ru
4,5 мл, 13x100 мм	Пробирка вакуумная с цитратом натрия 3,2%, 4,5 мл,13*100 мм, голубой, стекло, уп.100 шт, СПЕЦЗАКАЗ	Пробирки вакуумные стерильные. Принадлежности для забора крови./Пробирки вакуумные стеклянные с цитратом натрия 3,2% (для коагулологии), голубая крышка, МиниМед (внесены в Реестр российской промышленной продукции)	1195	12007456	https://minimed.ru/product/1714/	minimed.ru
4,5 мл, 13x75 мм	Пробирка вакуумная с цитратом натрия 3,2%, 4,5 мл,13*75 мм, голубой, стекло, уп.100 шт, (с/г до 10.26г)	Пробирки вакуумные стерильные. Принадлежности для забора крови./Пробирки вакуумные стеклянные с цитратом натрия 3,2% (для коагулологии), голубая крышка, МиниМед (внесены в Реестр российской промышленной продукции)	468	12007457	https://minimed.ru/product/4321/	minimed.ru
4,5 мл, 13x75 мм	Пробирка вакуумная с цитратом натрия 3,2%, 4,5 мл,13*75 мм, голубой, стекло, уп.100 шт, (с/г до 10.26г)	Пробирки вакуумные стерильные. Принадлежности для забора крови./Пробирки вакуумные стеклянные с цитратом натрия 3,2% (для коагулологии), голубая крышка, МиниМед (внесены в Реестр российской промышленной продукции)	1131	12007457	https://minimed.ru/product/4321/	minimed.ru
5,4 мл, 13x100 мм	Пробирка вакуумная с цитратом натрия 3,2%, 5,4 мл,13*100 мм, голубой, стекло,уп.100 шт, СПЕЦЗАКАЗ	Пробирки вакуумные стерильные. Принадлежности для забора крови./Пробирки вакуумные стеклянные с цитратом натрия 3,2% (для коагулологии), голубая крышка, МиниМед (внесены в Реестр российской промышленной продукции)	1195	12007411	https://minimed.ru/product/1755/	minimed.ru

Пробирки вакуумные стерильные. Принадлежности для забора крови./Пробирки вакуумные стеклянные с цитратом натрия 3,8% (для коагулологии), голубая крышка,МиниМед (внесены в Реестр российской промышленной продукции)						
1,8 мл, 13x100 мм	Пробирка вакуумная с цитратом натрия 3,8%,1,8 мл,13*100 мм, голубой, стекло, уп.100 шт, СПЕЦЗАКАЗ	Пробирки вакуумные стерильные. Принадлежности для забора крови./Пробирки вакуумные стеклянные с цитратом натрия 3,8% (для коагулологии), голубая крышка,МиниМед (внесены в Реестр российской промышленной продукции)	1195	12007414	https://minimed.ru/product/1531/	minimed.ru
1,8 мл, 13x75 мм, СПЕЦЗАКАЗ	Пробирка вакуумная с цитратом натрия 3,8%, 1,8 мл,13*75 мм, голубой, стекло, уп.100 шт, СПЕЦЗАКАЗ	Пробирки вакуумные стерильные. Принадлежности для забора крови./Пробирки вакуумные стеклянные с цитратом натрия 3,8% (для коагулологии), голубая крышка,МиниМед (внесены в Реестр российской промышленной продукции)	468	12007415	https://minimed.ru/product/1535/	minimed.ru
1,8 мл, 13x75 мм	Пробирка вакуумная с цитратом натрия 3,8%, 1,8 мл,13*75 мм, голубой, стекло, уп.100 шт, СПЕЦЗАКАЗ	Пробирки вакуумные стерильные. Принадлежности для забора крови./Пробирки вакуумные стеклянные с цитратом натрия 3,8% (для коагулологии), голубая крышка,МиниМед (внесены в Реестр российской промышленной продукции)	1131	12007415	https://minimed.ru/product/1535/	minimed.ru
2,7 мл, 13x100 мм	Пробирка вакуумная с цитратом натрия 3,8%, 2,7 мл,13*100 мм, голубой, стекло, уп.100 шт, СПЕЦЗАКАЗ	Пробирки вакуумные стерильные. Принадлежности для забора крови./Пробирки вакуумные стеклянные с цитратом натрия 3,8% (для коагулологии), голубая крышка,МиниМед (внесены в Реестр российской промышленной продукции)	1195	12007416	https://minimed.ru/product/1620/	minimed.ru
2,7 мл, 13x75 мм	Пробирка вакуумная с цитратом натрия 3,8%, 2,7 мл,13*75 мм, голубой, стекло, уп.100 шт, СПЕЦЗАКАЗ	Пробирки вакуумные стерильные. Принадлежности для забора крови./Пробирки вакуумные стеклянные с цитратом натрия 3,8% (для коагулологии), голубая крышка,МиниМед (внесены в Реестр российской промышленной продукции)	1131	12007417	https://minimed.ru/product/3157/	minimed.ru
3,6 мл, 13x100 мм	Пробирка вакуумная с цитратом натрия 3,8%, 3,6 мл,13*100 мм,голубой, стекло, уп.100 шт, СПЕЦЗАКАЗ	Пробирки вакуумные стерильные. Принадлежности для забора крови./Пробирки вакуумные стеклянные с цитратом натрия 3,8% (для коагулологии), голубая крышка,МиниМед (внесены в Реестр российской промышленной продукции)	1195	12007418	https://minimed.ru/product/1672/	minimed.ru
3,6 мл, 13x75 мм	Пробирка вакуумная с цитратом натрия 3,8%, 3,6 мл,13*75 мм, голубой, стекло, уп.100 шт, СПЕЦЗАКАЗ	Пробирки вакуумные стерильные. Принадлежности для забора крови./Пробирки вакуумные стеклянные с цитратом натрия 3,8% (для коагулологии), голубая крышка,МиниМед (внесены в Реестр российской промышленной продукции)	1131	12007419	https://minimed.ru/product/1677/	minimed.ru
4,5 мл, 13x100 мм	Пробирка вакуумная с цитратом натрия 3,8%, 4,5 мл,13*100 мм, голубой, стекло, уп.100 шт	Пробирки вакуумные стерильные. Принадлежности для забора крови./Пробирки вакуумные стеклянные с цитратом натрия 3,8% (для коагулологии), голубая крышка,МиниМед (внесены в Реестр российской промышленной продукции)	1195	12007410	https://minimed.ru/product/1713/	minimed.ru
4,5 мл, 13x75 мм	Пробирка вакуумная с цитратом натрия 3,8%, 4,5 мл,13*75 мм, голубой, стекло, уп.100 шт	Пробирки вакуумные стерильные. Принадлежности для забора крови./Пробирки вакуумные стеклянные с цитратом натрия 3,8% (для коагулологии), голубая крышка,МиниМед (внесены в Реестр российской промышленной продукции)	1131	12007413	https://minimed.ru/product/1716/	minimed.ru
5,4 мл, 13x100 мм	Пробирка вакуумная с цитратом натрия 3,8%, 5,4 мл,13*100 мм, голубой, стекло, уп.100 шт	Пробирки вакуумные стерильные. Принадлежности для забора крови./Пробирки вакуумные стеклянные с цитратом натрия 3,8% (для коагулологии), голубая крышка,МиниМед (внесены в Реестр российской промышленной продукции)	1195	12007412	https://minimed.ru/product/1756/	minimed.ru

Пробирки вакуумные стерильные. Принадлежности для забора крови./Пробирки вакуумные стеклянные с Li-гепарином (для исследования плазмы), зеленая крышка,МиниМед (внесены в Реестр российской промышленной продукции)						
3 мл, 13x100 мм	Пробирка вакуумная с лития гепарином, 3 мл, 13×100 мм, зеленый, стекло, уп.100 шт	Пробирки вакуумные стерильные. Принадлежности для забора крови./Пробирки вакуумные стеклянные с Li-гепарином (для исследования плазмы), зеленая крышка,МиниМед (внесены в Реестр российской промышленной продукции)	1545	12007460	https://minimed.ru/product/1647/	minimed.ru
3 мл, 13x75 мм	Пробирка вакуумная с лития гепарином, 3 мл, 13×75 мм, зеленый, стекло, уп.100 шт	Пробирки вакуумные стерильные. Принадлежности для забора крови./Пробирки вакуумные стеклянные с Li-гепарином (для исследования плазмы), зеленая крышка,МиниМед (внесены в Реестр российской промышленной продукции)	1458	12007461	https://minimed.ru/product/1655/	minimed.ru
4 мл, 13x100 мм	Пробирка вакуумная с лития гепарином, 4 мл, 13×100 мм, зеленый, стекло, уп.100 шт	Пробирки вакуумные стерильные. Принадлежности для забора крови./Пробирки вакуумные стеклянные с Li-гепарином (для исследования плазмы), зеленая крышка,МиниМед (внесены в Реестр российской промышленной продукции)	1545	12007462	https://minimed.ru/product/1695/	minimed.ru
4 мл, 13x75 мм	Пробирка вакуумная с лития гепарином, 4 мл, 13×75 мм, зеленый, стекло, уп.100 шт	Пробирки вакуумные стерильные. Принадлежности для забора крови./Пробирки вакуумные стеклянные с Li-гепарином (для исследования плазмы), зеленая крышка,МиниМед (внесены в Реестр российской промышленной продукции)	1458	12007463	https://minimed.ru/product/1703/	minimed.ru
5 мл, 13x100 мм	Пробирка вакуумная с лития гепарином, 5 мл, 13×100 мм, зеленый, стекло, уп.100 шт	Пробирки вакуумные стерильные. Принадлежности для забора крови./Пробирки вакуумные стеклянные с Li-гепарином (для исследования плазмы), зеленая крышка,МиниМед (внесены в Реестр российской промышленной продукции)	1545	12007464	https://minimed.ru/product/1738/	minimed.ru
5 мл, 13x75 мм	Пробирка вакуумная с лития гепарином, 5 мл, 13×75 мм, зеленый, стекло, уп.100 шт	Пробирки вакуумные стерильные. Принадлежности для забора крови./Пробирки вакуумные стеклянные с Li-гепарином (для исследования плазмы), зеленая крышка,МиниМед (внесены в Реестр российской промышленной продукции)	1458	12007465	https://minimed.ru/product/1747/	minimed.ru
6 мл, 13x100 мм	Пробирка вакуумная с лития гепарином, 6 мл, 13×100 мм, зеленый, стекло, уп.100 шт	Пробирки вакуумные стерильные. Принадлежности для забора крови./Пробирки вакуумные стеклянные с Li-гепарином (для исследования плазмы), зеленая крышка,МиниМед (внесены в Реестр российской промышленной продукции)	1545	12007466	https://minimed.ru/product/1791/	minimed.ru
7 мл, 13x100 мм	Пробирка вакуумная с лития гепарином, 7 мл, 13×100 мм, зеленый, стекло, уп.100 шт	Пробирки вакуумные стерильные. Принадлежности для забора крови./Пробирки вакуумные стеклянные с Li-гепарином (для исследования плазмы), зеленая крышка,МиниМед (внесены в Реестр российской промышленной продукции)	1545	12007467	https://minimed.ru/product/1806/	minimed.ru

Пробирки вакуумные стерильные. Принадлежности для забора крови./Пробирки вакуумные стеклянные с Na-гепарином (для исследования плазмы), зеленая крышка, МиниМед (внесены в Реестр российской промышленной продукции)						
3 мл, 13x100 мм	Пробирка вакуумная с натрия гепарином, 3 мл, 13×100 мм, зеленый, стекло, уп.100 шт	Пробирки вакуумные стерильные. Принадлежности для забора крови./Пробирки вакуумные стеклянные с Na-гепарином (для исследования плазмы), зеленая крышка, МиниМед (внесены в Реестр российской промышленной продукции)	1545	12007470	https://minimed.ru/product/1649/	minimed.ru
3 мл, 13x75 мм	Пробирка вакуумная с натрия гепарином, 3 мл, 13×75 мм, зеленый, стекло, уп.100 шт	Пробирки вакуумные стерильные. Принадлежности для забора крови./Пробирки вакуумные стеклянные с Na-гепарином (для исследования плазмы), зеленая крышка, МиниМед (внесены в Реестр российской промышленной продукции)	1458	12007471	https://minimed.ru/product/1657/	minimed.ru
4 мл, 13x100 мм	Пробирка вакуумная с натрия гепарином, 4 мл, 13×100 мм, зеленый, стекло, уп.100 шт	Пробирки вакуумные стерильные. Принадлежности для забора крови./Пробирки вакуумные стеклянные с Na-гепарином (для исследования плазмы), зеленая крышка, МиниМед (внесены в Реестр российской промышленной продукции)	1545	12007472	https://minimed.ru/product/1697/	minimed.ru
4 мл, 13x75 мм	Пробирка вакуумная с натрия гепарином, 4 мл, 13×75 мм, зеленый, стекло, уп.100 шт	Пробирки вакуумные стерильные. Принадлежности для забора крови./Пробирки вакуумные стеклянные с Na-гепарином (для исследования плазмы), зеленая крышка, МиниМед (внесены в Реестр российской промышленной продукции)	1458	12007473	https://minimed.ru/product/1705/	minimed.ru
5 мл, 13x100 мм	Пробирка вакуумная с натрия гепарином, 5 мл, 13×100 мм, зеленый, стекло, уп.100 шт	Пробирки вакуумные стерильные. Принадлежности для забора крови./Пробирки вакуумные стеклянные с Na-гепарином (для исследования плазмы), зеленая крышка, МиниМед (внесены в Реестр российской промышленной продукции)	1545	12007474	https://minimed.ru/product/1740/	minimed.ru
5 мл, 13x75 мм	Пробирка вакуумная с натрия гепарином, 5 мл, 13×75 мм, зеленый, стекло, уп.100 шт	Пробирки вакуумные стерильные. Принадлежности для забора крови./Пробирки вакуумные стеклянные с Na-гепарином (для исследования плазмы), зеленая крышка, МиниМед (внесены в Реестр российской промышленной продукции)	1458	12007475	https://minimed.ru/product/1749/	minimed.ru
6 мл, 13x100 мм	Пробирка вакуумная с натрия гепарином, 6 мл, 13×100 мм, зеленый, стекло, уп.100 шт	Пробирки вакуумные стерильные. Принадлежности для забора крови./Пробирки вакуумные стеклянные с Na-гепарином (для исследования плазмы), зеленая крышка, МиниМед (внесены в Реестр российской промышленной продукции)	1545	12007476	https://minimed.ru/product/1793/	minimed.ru
7 мл, 13x100 мм	Пробирка вакуумная с натрия гепарином, 7 мл, 13×100 мм, зеленый, стекло, уп.100 шт	Пробирки вакуумные стерильные. Принадлежности для забора крови./Пробирки вакуумные стеклянные с Na-гепарином (для исследования плазмы), зеленая крышка, МиниМед (внесены в Реестр российской промышленной продукции)	1545	12007477	https://minimed.ru/product/1808/	minimed.ru

Пробирки вакуумные стерильные. Принадлежности для забора крови./Пробирки вакуумные стеклянные с разделительным гелем (для исследования сыворотки), красная крышка, МиниМед (внесены в Реестр российской промышленной продукции)						
2 мл, 13x75 мм	Пробирка вакуумная с разделительным гелем, 2 мл, 13×75 мм, красный, стекло, уп.100 шт	Пробирки вакуумные стерильные. Принадлежности для забора крови./Пробирки вакуумные стеклянные с разделительным гелем (для исследования сыворотки), красная крышка, МиниМед (внесены в Реестр российской промышленной продукции)	1329	12007432	https://minimed.ru/product/2893/	minimed.ru
3 мл, 13x100 мм	Пробирка вакуумная с разделительным гелем, 3 мл, 13×100 мм, красный, стекло, уп.100 шт	Пробирки вакуумные стерильные. Принадлежности для забора крови./Пробирки вакуумные стеклянные с разделительным гелем (для исследования сыворотки), красная крышка, МиниМед (внесены в Реестр российской промышленной продукции)	1383	12007433	https://minimed.ru/product/2897/	minimed.ru
3 мл, 13x75 мм	Пробирка вакуумная с разделительным гелем, 3 мл, 13×75 мм, красный, стекло, уп.100 шт	Пробирки вакуумные стерильные. Принадлежности для забора крови./Пробирки вакуумные стеклянные с разделительным гелем (для исследования сыворотки), красная крышка, МиниМед (внесены в Реестр российской промышленной продукции)	1329	12007434	https://minimed.ru/product/2899/	minimed.ru
4 мл, 13x100 мм	Пробирка вакуумная с разделительным гелем, 4 мл, 13×100 мм, красный, стекло, уп.100 шт	Пробирки вакуумные стерильные. Принадлежности для забора крови./Пробирки вакуумные стеклянные с разделительным гелем (для исследования сыворотки), красная крышка, МиниМед (внесены в Реестр российской промышленной продукции)	1383	12007435	https://minimed.ru/product/2906/	minimed.ru
4 мл, 13x75 мм	Пробирка вакуумная с разделительным гелем, 4 мл, 13×75 мм, красный, стекло, уп.100 шт	Пробирки вакуумные стерильные. Принадлежности для забора крови./Пробирки вакуумные стеклянные с разделительным гелем (для исследования сыворотки), красная крышка, МиниМед (внесены в Реестр российской промышленной продукции)	1329	12007436	https://minimed.ru/product/2909/	minimed.ru
5 мл, 13x100 мм	Пробирка вакуумная с разделительным гелем, 5 мл, 13×100 мм, красный, стекло, уп.100 шт	Пробирки вакуумные стерильные. Принадлежности для забора крови./Пробирки вакуумные стеклянные с разделительным гелем (для исследования сыворотки), красная крышка, МиниМед (внесены в Реестр российской промышленной продукции)	1383	12007437	https://minimed.ru/product/2915/	minimed.ru
6 мл, 13x100 мм	Пробирка вакуумная с разделительным гелем, 6 мл, 13×100 мм, красный, стекло, уп.100 шт	Пробирки вакуумные стерильные. Принадлежности для забора крови./Пробирки вакуумные стеклянные с разделительным гелем (для исследования сыворотки), красная крышка, МиниМед (внесены в Реестр российской промышленной продукции)	1383	12007558	https://minimed.ru/product/4167/	minimed.ru

Пробирки вакуумные стерильные. Принадлежности для забора крови./Пробирки вакуумные стеклянные без наполнителей (для исследования сыворотки), красная крышка, МиниМед (внесены в Реестр российской промышленной продукции)						
2 мл, 13x75 мм	Пробирка вакуумная без наполнителя, 2 мл, 13×75 мм, красный, стекло, уп.100 шт	Пробирки вакуумные стерильные. Принадлежности для забора крови./Пробирки вакуумные стеклянные без наполнителей (для исследования сыворотки), красная крышка, МиниМед (внесены в Реестр российской промышленной продукции)	1007	12007480	https://minimed.ru/product/1608/	minimed.ru
3 мл, 13x100 мм	Пробирка вакуумная без наполнителя, 3 мл, 13×100 мм, красный, стекло, уп.100 шт	Пробирки вакуумные стерильные. Принадлежности для забора крови./Пробирки вакуумные стеклянные без наполнителей (для исследования сыворотки), красная крышка, МиниМед (внесены в Реестр российской промышленной продукции)	1061	12007481	https://minimed.ru/product/1651/	minimed.ru
3 мл, 13x75 мм	Пробирка вакуумная без наполнителя, 3 мл, 13×75 мм, красный, стекло, уп.100 шт	Пробирки вакуумные стерильные. Принадлежности для забора крови./Пробирки вакуумные стеклянные без наполнителей (для исследования сыворотки), красная крышка, МиниМед (внесены в Реестр российской промышленной продукции)	1007	12007482	https://minimed.ru/product/1661/	minimed.ru
4 мл, 13x100 мм	Пробирка вакуумная без наполнителя, 4 мл, 13×100 мм, красный, стекло, уп.100 шт	Пробирки вакуумные стерильные. Принадлежности для забора крови./Пробирки вакуумные стеклянные без наполнителей (для исследования сыворотки), красная крышка, МиниМед (внесены в Реестр российской промышленной продукции)	1061	12007483	https://minimed.ru/product/1699/	minimed.ru
4 мл, 13x75 мм	Пробирка вакуумная без наполнителя, 4 мл, 13×75 мм, красный, стекло, уп.100 шт	Пробирки вакуумные стерильные. Принадлежности для забора крови./Пробирки вакуумные стеклянные без наполнителей (для исследования сыворотки), красная крышка, МиниМед (внесены в Реестр российской промышленной продукции)	1007	12007484	https://minimed.ru/product/1707/	minimed.ru
5 мл, 13x100 мм	Пробирка вакуумная без наполнителя, 5 мл, 13×100 мм, красный, стекло, уп.100 шт	Пробирки вакуумные стерильные. Принадлежности для забора крови./Пробирки вакуумные стеклянные без наполнителей (для исследования сыворотки), красная крышка, МиниМед (внесены в Реестр российской промышленной продукции)	1061	12007485	https://minimed.ru/product/1742/	minimed.ru
5 мл, 13x75 мм	Пробирка вакуумная без наполнителя, 5 мл, 13×75 мм, красный, стекло, уп.100 шт	Пробирки вакуумные стерильные. Принадлежности для забора крови./Пробирки вакуумные стеклянные без наполнителей (для исследования сыворотки), красная крышка, МиниМед (внесены в Реестр российской промышленной продукции)	1007	12007486	https://minimed.ru/product/1751/	minimed.ru
6 мл, 13x100 мм	Пробирка вакуумная без наполнителя, 6 мл, 13×100 мм, красный, стекло, уп.100 шт	Пробирки вакуумные стерильные. Принадлежности для забора крови./Пробирки вакуумные стеклянные без наполнителей (для исследования сыворотки), красная крышка, МиниМед (внесены в Реестр российской промышленной продукции)	1061	12007487	https://minimed.ru/product/1794/	minimed.ru
7 мл, 13x100 мм	Пробирка вакуумная без наполнителя, 7 мл, 13×100 мм, красный, стекло, уп.100 шт	Пробирки вакуумные стерильные. Принадлежности для забора крови./Пробирки вакуумные стеклянные без наполнителей (для исследования сыворотки), красная крышка, МиниМед (внесены в Реестр российской промышленной продукции)	1061	12007488	https://minimed.ru/product/1810/	minimed.ru

Пробирки вакуумные стерильные. Принадлежности для забора крови./Пробирки вакуумные стеклянные с активатором свертывания (для исследования сыворотки), оранжевая крышка, МиниМед (внесены в Реестр российской промышленной продукции)						
2 мл, 13x75 мм	Пробирка вакуумная с активатором свёртывания, 2мл, 13×75мм, оранжевый, стекло, уп.100 шт	Пробирки вакуумные стерильные. Принадлежности для забора крови./Пробирки вакуумные стеклянные с активатором свертывания (для исследования сыворотки), оранжевая крышка, МиниМед (внесены в Реестр российской промышленной продукции)	1158	12007490	https://minimed.ru/product/1639/	minimed.ru
3,5 мл, 13x75 мм	Пробирка вакуумная с активатором свёртывания, 3,5мл, 13×75мм, оранжевый, стекло, уп.100 шт	Пробирки вакуумные стерильные. Принадлежности для забора крови./Пробирки вакуумные стеклянные с активатором свертывания (для исследования сыворотки), оранжевая крышка, МиниМед (внесены в Реестр российской промышленной продукции)	1158	12007491	https://minimed.ru/product/1667/	minimed.ru
3 мл, 13x100 мм	Пробирка вакуумная с активатором свёртывания, 3мл, 13×100мм, оранжевый, стекло, уп.100 шт	Пробирки вакуумные стерильные. Принадлежности для забора крови./Пробирки вакуумные стеклянные с активатором свертывания (для исследования сыворотки), оранжевая крышка, МиниМед (внесены в Реестр российской промышленной продукции)	1220	12007492	https://minimed.ru/product/1679/	minimed.ru
3 мл, 13x75 мм	Пробирка вакуумная с активатором свёртывания, 3мл, 13×75мм, оранжевый, стекло, уп.100 шт, СПЕЦЗАКАЗ	Пробирки вакуумные стерильные. Принадлежности для забора крови./Пробирки вакуумные стеклянные с активатором свертывания (для исследования сыворотки), оранжевая крышка, МиниМед (внесены в Реестр российской промышленной продукции)	1158	12007493	https://minimed.ru/product/1687/	minimed.ru
4 мл, 13x100 мм	Пробирка вакуумная с активатором свёртывания, 4мл, 13×100мм, оранжевый, стекло, уп.100 шт	Пробирки вакуумные стерильные. Принадлежности для забора крови./Пробирки вакуумные стеклянные с активатором свертывания (для исследования сыворотки), оранжевая крышка, МиниМед (внесены в Реестр российской промышленной продукции)	1220	12007494	https://minimed.ru/product/1721/	minimed.ru
4 мл, 13x75 мм	Пробирка вакуумная с активатором свёртывания, 4мл, 13×75мм, оранжевый, стекло, уп.100 шт	Пробирки вакуумные стерильные. Принадлежности для забора крови./Пробирки вакуумные стеклянные с активатором свертывания (для исследования сыворотки), оранжевая крышка, МиниМед (внесены в Реестр российской промышленной продукции)	1158	12007495	https://minimed.ru/product/1729/	minimed.ru
5 мл, 13x100 мм	Пробирка вакуумная с активатором свёртывания, 5мл, 13×100мм, оранжевый, стекло, уп.100 шт	Пробирки вакуумные стерильные. Принадлежности для забора крови./Пробирки вакуумные стеклянные с активатором свертывания (для исследования сыворотки), оранжевая крышка, МиниМед (внесены в Реестр российской промышленной продукции)	1220	12007496	https://minimed.ru/product/1776/	minimed.ru
5 мл, 13x75 мм	Пробирка вакуумная с активатором свёртывания, 5мл, 13×75мм, оранжевый, стекло, уп.100 шт	Пробирки вакуумные стерильные. Принадлежности для забора крови./Пробирки вакуумные стеклянные с активатором свертывания (для исследования сыворотки), оранжевая крышка, МиниМед (внесены в Реестр российской промышленной продукции)	1158	12007497	https://minimed.ru/product/1784/	minimed.ru
6 мл, 13x100 мм	Пробирка вакуумная с активатором свёртывания, 6мл, 13×100мм, оранжевый, стекло, уп.100 шт	Пробирки вакуумные стерильные. Принадлежности для забора крови./Пробирки вакуумные стеклянные с активатором свертывания (для исследования сыворотки), оранжевая крышка, МиниМед (внесены в Реестр российской промышленной продукции)	1220	12006370	https://minimed.ru/product/1800/	minimed.ru
7 мл, 13x100 мм	Пробирка вакуумная с активатором свёртывания, 7мл, 13×100мм, оранжевый, стекло, уп.100 шт	Пробирки вакуумные стерильные. Принадлежности для забора крови./Пробирки вакуумные стеклянные с активатором свертывания (для исследования сыворотки), оранжевая крышка, МиниМед (внесены в Реестр российской промышленной продукции)	1220	12007498	https://minimed.ru/product/1812/	minimed.ru

Пробирки вакуумные стерильные. Принадлежности для забора крови./Пробирки вакуумные стеклянные с К2ЭДТА (для гематологии) и разделительным гелем, фиолетовая крышка, МиниМед (внесены в Реестр российской промышленной продукции)						
1мл, 13x75мм	Пробирка вакуумная с ЭДТА и разделительным гелем, 1мл, 13×75мм, фиолетовый, стекло, уп.100 шт.	Пробирки вакуумные стерильные. Принадлежности для забора крови./Пробирки вакуумные стеклянные с К2ЭДТА (для гематологии) и разделительным гелем, фиолетовая крышка, МиниМед (внесены в Реестр российской промышленной продукции)	1402	12007521	https://minimed.ru/product/2891/	minimed.ru
2мл, 13x75мм	Пробирка вакуумная с ЭДТА и разделительным гелем, 2мл, 13×75мм, фиолетовый, стекло, уп.100 шт	Пробирки вакуумные стерильные. Принадлежности для забора крови./Пробирки вакуумные стеклянные с К2ЭДТА (для гематологии) и разделительным гелем, фиолетовая крышка, МиниМед (внесены в Реестр российской промышленной продукции)	1402	12007522	https://minimed.ru/product/2895/	minimed.ru
3 мл, 13x100мм	Пробирка вакуумная с ЭДТА и разделительным гелем, 3 мл, 13×100мм, фиолетовый, стекло, уп.100 шт	Пробирки вакуумные стерильные. Принадлежности для забора крови./Пробирки вакуумные стеклянные с К2ЭДТА (для гематологии) и разделительным гелем, фиолетовая крышка, МиниМед (внесены в Реестр российской промышленной продукции)	1473	12007520	https://minimed.ru/product/2902/	minimed.ru
3 мл, 13x75мм	Пробирка вакуумная с ЭДТА и разделительным гелем, 3 мл, 13×75мм, фиолетовый, стекло, уп.100 шт	Пробирки вакуумные стерильные. Принадлежности для забора крови./Пробирки вакуумные стеклянные с К2ЭДТА (для гематологии) и разделительным гелем, фиолетовая крышка, МиниМед (внесены в Реестр российской промышленной продукции)	1402	12007523	https://minimed.ru/product/2904/	minimed.ru
4 мл, 13x100мм	Пробирка вакуумная с ЭДТА и разделительным гелем, 4 мл, 13×100мм, фиолетовый, стекло, уп.100 шт	Пробирки вакуумные стерильные. Принадлежности для забора крови./Пробирки вакуумные стеклянные с К2ЭДТА (для гематологии) и разделительным гелем, фиолетовая крышка, МиниМед (внесены в Реестр российской промышленной продукции)	1473	12007524	https://minimed.ru/product/2911/	minimed.ru
4 мл, 13x75мм	Пробирка вакуумная с ЭДТА и разделительным гелем, 4 мл, 13×75мм, фиолетовый, стекло, уп.100 шт	Пробирки вакуумные стерильные. Принадлежности для забора крови./Пробирки вакуумные стеклянные с К2ЭДТА (для гематологии) и разделительным гелем, фиолетовая крышка, МиниМед (внесены в Реестр российской промышленной продукции)	1402	12007526	https://minimed.ru/product/2913/	minimed.ru
5 мл, 13x100мм	Пробирка вакуумная с ЭДТА и разделительным гелем, 5 мл, 13×100мм, фиолетовый,стекло, уп.100 шт	Пробирки вакуумные стерильные. Принадлежности для забора крови./Пробирки вакуумные стеклянные с К2ЭДТА (для гематологии) и разделительным гелем, фиолетовая крышка, МиниМед (внесены в Реестр российской промышленной продукции)	1473	12007525	https://minimed.ru/product/2917/	minimed.ru
6 мл, 13x100мм	Пробирка вакуумная с ЭДТА и разделительным гелем, 6 мл, 13×100мм, фиолетовый,стекло, уп.100 шт	Пробирки вакуумные стерильные. Принадлежности для забора крови./Пробирки вакуумные стеклянные с К2ЭДТА (для гематологии) и разделительным гелем, фиолетовая крышка, МиниМед (внесены в Реестр российской промышленной продукции)	1473	12006107	https://minimed.ru/product/4168/	minimed.ru

Пробирки вакуумные стерильные. Принадлежности для забора крови./Пробирки вакуумные стеклянные с К3ЭДТА (для гематологии) и разделительным гелем, фиолетовая крышка, МиниМед (внесены в Реестр российской промышленной продукции)						
1мл, 13x75мм	Пробирка вакуумная с ЭДТА и разделительным гелем, 1мл, 13×75мм, фиолетовый, стекло, уп.100 шт	Пробирки вакуумные стерильные. Принадлежности для забора крови./Пробирки вакуумные стеклянные с К3ЭДТА (для гематологии) и разделительным гелем, фиолетовая крышка, МиниМед (внесены в Реестр российской промышленной продукции)	1402	12007531	https://minimed.ru/product/2892/	minimed.ru
2мл, 13x75мм	Пробирка вакуумная с ЭДТА и разделительным гелем, 2мл, 13×75мм, фиолетовый, стекло, уп.100 шт	Пробирки вакуумные стерильные. Принадлежности для забора крови./Пробирки вакуумные стеклянные с К3ЭДТА (для гематологии) и разделительным гелем, фиолетовая крышка, МиниМед (внесены в Реестр российской промышленной продукции)	1402	12007532	https://minimed.ru/product/2896/	minimed.ru
3 мл, 13x100мм	Пробирка вакуумная с ЭДТА и разделительным гелем, 3 мл, 13×100мм, фиолетовый, стекло, уп.100 шт	Пробирки вакуумные стерильные. Принадлежности для забора крови./Пробирки вакуумные стеклянные с К3ЭДТА (для гематологии) и разделительным гелем, фиолетовая крышка, МиниМед (внесены в Реестр российской промышленной продукции)	1473	12007530	https://minimed.ru/product/2903/	minimed.ru
3 мл, 13x75мм	Пробирка вакуумная с ЭДТА и разделительным гелем, 3 мл, 13×75мм, фиолетовый, стекло, уп.100 шт	Пробирки вакуумные стерильные. Принадлежности для забора крови./Пробирки вакуумные стеклянные с К3ЭДТА (для гематологии) и разделительным гелем, фиолетовая крышка, МиниМед (внесены в Реестр российской промышленной продукции)	1402	12007533	https://minimed.ru/product/2905/	minimed.ru
4 мл, 13x100мм	Пробирка вакуумная с ЭДТА и разделительным гелем, 4 мл, 13×100мм, фиолетовый, стекло, уп.100 шт	Пробирки вакуумные стерильные. Принадлежности для забора крови./Пробирки вакуумные стеклянные с К3ЭДТА (для гематологии) и разделительным гелем, фиолетовая крышка, МиниМед (внесены в Реестр российской промышленной продукции)	1473	12007538	https://minimed.ru/product/2912/	minimed.ru
4 мл, 13x75мм	Пробирка вакуумная с ЭДТА и разделительным гелем, 4 мл, 13×75мм, фиолетовый, стекло, уп.100 шт	Пробирки вакуумные стерильные. Принадлежности для забора крови./Пробирки вакуумные стеклянные с К3ЭДТА (для гематологии) и разделительным гелем, фиолетовая крышка, МиниМед (внесены в Реестр российской промышленной продукции)	1402	12007534	https://minimed.ru/product/2914/	minimed.ru
5 мл, 13x100мм	Пробирка вакуумная с ЭДТА и разделительным гелем, 5 мл, 13×100мм, фиолетовый, стекло, уп.100 шт	Пробирки вакуумные стерильные. Принадлежности для забора крови./Пробирки вакуумные стеклянные с К3ЭДТА (для гематологии) и разделительным гелем, фиолетовая крышка, МиниМед (внесены в Реестр российской промышленной продукции)	1473	12007535	https://minimed.ru/product/2918/	minimed.ru
6 мл, 13x100мм	Пробирка вакуумная с ЭДТА и разделительным гелем, 6 мл, 13×100мм, фиолетовый, стекло, уп.100 шт	Пробирки вакуумные стерильные. Принадлежности для забора крови./Пробирки вакуумные стеклянные с К3ЭДТА (для гематологии) и разделительным гелем, фиолетовая крышка, МиниМед (внесены в Реестр российской промышленной продукции)	1473	12006108	https://minimed.ru/product/4169/	minimed.ru

Пробирки вакуумные стерильные. Принадлежности для забора крови./Пробирки вакуумные стеклянные с активатором свертывания и разделительным гелем (для исследования сыворотки), оранжевая крышка, МиниМед (внесены в Реестр российской промышленной продукции)						
2мл, 13x75 мм	Пробирка вакуумная с активатором свёртывания и разделительным гелем, 2мл, 13*75 мм, оранжевый, стекло,уп.100 шт.	Пробирки вакуумные стерильные. Принадлежности для забора крови./Пробирки вакуумные стеклянные с активатором свертывания и разделительным гелем (для исследования сыворотки), оранжевая крышка, МиниМед (внесены в Реестр российской промышленной продукции)	1402	12007510	https://minimed.ru/product/2894/	minimed.ru
3мл,13x100 мм	Пробирка вакуумная с активатором свёртывания и разделительным гелем, 3мл,13*100 мм, оранжевый, стекло,уп.100 шт.	Пробирки вакуумные стерильные. Принадлежности для забора крови./Пробирки вакуумные стеклянные с активатором свертывания и разделительным гелем (для исследования сыворотки), оранжевая крышка, МиниМед (внесены в Реестр российской промышленной продукции)	1473	12007511	https://minimed.ru/product/2898/	minimed.ru
3 мл,13x75 мм	Пробирка вакуумная с активатором свёртывания и разделительным гелем, 3мл,13*75 мм, оранжевый, стекло,уп.100 шт.	Пробирки вакуумные стерильные. Принадлежности для забора крови./Пробирки вакуумные стеклянные с активатором свертывания и разделительным гелем (для исследования сыворотки), оранжевая крышка, МиниМед (внесены в Реестр российской промышленной продукции)	1402	12007512	https://minimed.ru/product/2900/	minimed.ru
3,5мл,13x75 мм	Пробирка вакуумная с активатором свёртывания и разделительным гелем, 3,5мл,13*75 мм, оранжевый, стекло, уп.100 шт.	Пробирки вакуумные стерильные. Принадлежности для забора крови./Пробирки вакуумные стеклянные с активатором свертывания и разделительным гелем (для исследования сыворотки), оранжевая крышка, МиниМед (внесены в Реестр российской промышленной продукции)	1402	12007513	https://minimed.ru/product/2901/	minimed.ru
4мл,13x100 мм	Пробирка вакуумная с активатором свёртывания и разделительным гелем, 4мл,13*100 мм, оранжевый, стекло,уп.100 шт.	Пробирки вакуумные стерильные. Принадлежности для забора крови./Пробирки вакуумные стеклянные с активатором свертывания и разделительным гелем (для исследования сыворотки), оранжевая крышка, МиниМед (внесены в Реестр российской промышленной продукции)	1473	12007514	https://minimed.ru/product/2907/	minimed.ru
4мл,13x75 мм	Пробирка вакуумная с активатором свёртывания и разделительным гелем, 4мл,13*75 мм, оранжевый, стекло,уп.100 шт.	Пробирки вакуумные стерильные. Принадлежности для забора крови./Пробирки вакуумные стеклянные с активатором свертывания и разделительным гелем (для исследования сыворотки), оранжевая крышка, МиниМед (внесены в Реестр российской промышленной продукции)	1402	12007517	https://minimed.ru/product/2910/	minimed.ru
5мл,13x100 мм	Пробирка вакуумная с активатором свёртывания и разделительным гелем, 5мл,13*100 мм, оранжевый, стекло,уп.100 шт.	Пробирки вакуумные стерильные. Принадлежности для забора крови./Пробирки вакуумные стеклянные с активатором свертывания и разделительным гелем (для исследования сыворотки), оранжевая крышка, МиниМед (внесены в Реестр российской промышленной продукции)	1473	12007515	https://minimed.ru/product/2916/	minimed.ru
6 мл, 13x100 мм	Пробирка вакуумная с активатором свёртывания и разделительным гелем, 6 мл, 13*100 мм, оранжевый, стекло, уп.100 шт	Пробирки вакуумные стерильные. Принадлежности для забора крови./Пробирки вакуумные стеклянные с активатором свертывания и разделительным гелем (для исследования сыворотки), оранжевая крышка, МиниМед (внесены в Реестр российской промышленной продукции)	1473	12007516	https://minimed.ru/product/2919/	minimed.ru

Пробирки вакуумные стерильные. Принадлежности для забора крови./Держатели  вакуумных пробирок						
	Держатель вакуумных пробирок по ТУ 32.50.13-013-54287340-2017, ПЕРИНТ, уп.100шт	Пробирки вакуумные стерильные. Принадлежности для забора крови./Держатели  вакуумных пробирок	250	12006824	https://minimed.ru/product/3626/	minimed.ru
	Держатель для вакуумных систем забора крови, Эрмайнс, уп. 250 шт	Пробирки вакуумные стерильные. Принадлежности для забора крови./Держатели  вакуумных пробирок	2	12006827	https://minimed.ru/product/4175/	minimed.ru
	Держатель вакуумной пробирки с иглой для забора крови одноразового применения стерильный, инд.уп/кор.500шт	Пробирки вакуумные стерильные. Принадлежности для забора крови./Держатели  вакуумных пробирок	34	12006823	https://minimed.ru/product/3614/	minimed.ru
	Устройство для переноса мочи в вакуумную пробирку 100мм, ПЕРИНТ, уп.50 шт/кор.20уп ## РРПП	Пробирки вакуумные стерильные. Принадлежности для забора крови./Держатели  вакуумных пробирок	891	12006825	https://minimed.ru/product/4123/	minimed.ru

Пробирки вакуумные стерильные. Принадлежности для забора крови./Жгуты						
	Изделия для забора крови PUTH в наборах и отдельных упаковках Жгут 400мм уп.1 шт.	Пробирки вакуумные стерильные. Принадлежности для забора крови./Жгуты	73	12006901	https://minimed.ru/product/3362/	minimed.ru
	Жгут на верхнюю/нижнюю конечность, многоразового использования "BERIMED" по уп.6 шт.	Пробирки вакуумные стерильные. Принадлежности для забора крови./Жгуты	73	12007243	https://minimed.ru/product/3378/	minimed.ru

Пробирки вакуумные стерильные. Принадлежности для забора крови./Иглы						
	Игла двусторонняя "Lind-Vac" 18G*1 1/2", 1,2*38мм, розовая вет, уп.100шт	Пробирки вакуумные стерильные. Принадлежности для забора крови./Иглы	790	12006393	https://minimed.ru/product/3553/	minimed.ru
	Игла двусторонняя "IMPROVACUTER", зеленая 21G*1 1/2, 0,8*38мм, /592121380/, уп.100шт	Пробирки вакуумные стерильные. Принадлежности для забора крови./Иглы	1400	12006315	https://minimed.ru/product/586/	minimed.ru
	Игла двусторонняя "Lind-Vac" 21G*1 1/2", 0.8*38мм, зеленая, уп.100шт	Пробирки вакуумные стерильные. Принадлежности для забора крови./Иглы	790	12006383	https://minimed.ru/product/2881/	minimed.ru
	Игла двусторонняя "IMPROVACUTER", черная, 22G*1 1/2", 0,7*38мм /592122380/, уп.100 шт	Пробирки вакуумные стерильные. Принадлежности для забора крови./Иглы	1400	12006337	https://minimed.ru/product/587/	minimed.ru
	Игла двусторонняя "Lind-Vac" 22G*1 1/2", 0.7*38мм, черная, уп.100шт	Пробирки вакуумные стерильные. Принадлежности для забора крови./Иглы	790	12006371	https://minimed.ru/product/2882/	minimed.ru
	Игла - бабочка "IMPROVACUTER" соедин. с луер-адаптером с резьбой 21Gх3,4", 0,8*19мм, длина трубки 19 см, зеленая /594121190/, уп.100 шт.	Пробирки вакуумные стерильные. Принадлежности для забора крови./Иглы	1490	12006317	https://minimed.ru/product/583/	minimed.ru
	Игла - бабочка "Lind-Vac" с луер-адаптером 21Gх3,4", 0,8*19мм, длина трубки 19см, зеленая, уп.100 шт.	Пробирки вакуумные стерильные. Принадлежности для забора крови./Иглы	1280	12006381	https://minimed.ru/product/2879/	minimed.ru
	Игла - бабочка "Lind-Vac" с луер-адаптером 23 G*3/4" 0.6мм*19мм, длина трубки 19см, уп.100шт	Пробирки вакуумные стерильные. Принадлежности для забора крови./Иглы	1280	12006382	https://minimed.ru/product/2880/	minimed.ru
	Игла двусторонняя с камерой визуализации "IMPROVACUTER", зеленая,21G*1 1/2, 08*38 мм /592221380/, уп.100 шт	Пробирки вакуумные стерильные. Принадлежности для забора крови./Иглы	1800	12006318	https://minimed.ru/product/589/	minimed.ru
	Игла двусторонняя с камерой визуализации "Lind-Vac" 21G*1 1/2", 08*38 мм, зеленая, уп.50 шт	Пробирки вакуумные стерильные. Принадлежности для забора крови./Иглы	950	12006372	https://minimed.ru/product/3007/	minimed.ru

Пробирки вакуумные стерильные. Принадлежности для забора крови./Ланцеты						
	Автоматический ланцет Qlance Спешиал, глубина прокола 2 мм, лезвие 0,8мм (21G), желтый, уп.100шт	Пробирки вакуумные стерильные. Принадлежности для забора крови./Ланцеты	1200	12010825	https://minimed.ru/product/1023/	minimed.ru
	Автоматический ланцет Qlance Универсал, глубина прокола 1,8мм, игла 21G, синий, уп.100шт	Пробирки вакуумные стерильные. Принадлежности для забора крови./Ланцеты	1200	12010824	https://minimed.ru/product/1024/	minimed.ru
	Автоматический ланцет Qlance Экстра, глубина прокола 2,4 мм, игла 21G, синий, уп.100шт	Пробирки вакуумные стерильные. Принадлежности для забора крови./Ланцеты	1300	12010826	https://minimed.ru/product/1021/	minimed.ru
	Автоматический ланцет Qlance Уни Лайт, глубина прокола 1,8 мм, игла 23G, голубой, уп.100шт	Пробирки вакуумные стерильные. Принадлежности для забора крови./Ланцеты	1300	12010829	https://minimed.ru/product/3014/	minimed.ru
	Автоматический ланцет Qlance Лайт, глубина прокола 1,8 мм, игла 26G, зеленый, уп.100шт	Пробирки вакуумные стерильные. Принадлежности для забора крови./Ланцеты	1300	12010827	https://minimed.ru/product/1022/	minimed.ru
	Ланцет Acti-lance Lite, глубина прокола 1,5 мм, игла 28G, фиолет, уп.200 шт	Пробирки вакуумные стерильные. Принадлежности для забора крови./Ланцеты	4700	12010813	https://minimed.ru/product/1025/	minimed.ru
	Ланцет Acti-lance Special, глубина разреза 2мм, лезвие шириной 1,5мм (17G), уп.200шт	Пробирки вакуумные стерильные. Принадлежности для забора крови./Ланцеты	5070	12010814	https://minimed.ru/product/1026/	minimed.ru
	Ланцет Acti-lance Universal, глубина прокола 1,8мм, игла 23G, синий, уп.200шт	Пробирки вакуумные стерильные. Принадлежности для забора крови./Ланцеты	4700	12010815	https://minimed.ru/product/1027/	minimed.ru
	Ланцет Heamolance Plus Low Flow, глубина прокола 1,4 мм, игла 25G, синий уп.200шт	Пробирки вакуумные стерильные. Принадлежности для забора крови./Ланцеты	4600	12010831	https://minimed.ru/product/4134/	minimed.ru
	Ланцет Heamolance Plus Max Flow, глубина прокола 1,6 мм, лезвие1,5 мм, cиреневый, уп.200шт	Пробирки вакуумные стерильные. Принадлежности для забора крови./Ланцеты	5000	12010832	https://minimed.ru/product/4135/	minimed.ru
	Ланцет Heamolance Plus Micro Flow, глубина прокола 1,6мм, игла 28G, голубой, уп.200шт	Пробирки вакуумные стерильные. Принадлежности для забора крови./Ланцеты	4600	12010833	https://minimed.ru/product/4136/	minimed.ru
	Ланцет Heamolance Plus Normal Flow, глубина прокола 1,8 мм, игла 21G, зеленый, уп.200шт	Пробирки вакуумные стерильные. Принадлежности для забора крови./Ланцеты	4600	12010834	https://minimed.ru/product/4137/	minimed.ru
	Ланцет Heamolance Plus Pediatric, глубина разреза 1,2мм, лезвие1,5 мм, розовый, уп.200шт	Пробирки вакуумные стерильные. Принадлежности для забора крови./Ланцеты	5000	12010835	https://minimed.ru/product/4138/	minimed.ru

Лабораторная посуда и принадлежности из фарфора/Воронки Бюхнера						
	Воронка Бюхнера, 51отв., уп. 10 шт	Лабораторная посуда и принадлежности из фарфора/Воронки Бюхнера	225	13000605	https://minimed.ru/product/416/	minimed.ru
	Воронка Бюхнера, 91отв., уп.5 шт	Лабораторная посуда и принадлежности из фарфора/Воронки Бюхнера	430	13000606	https://minimed.ru/product/418/	minimed.ru
	Воронка Бюхнера, 103отв., уп.2 шт	Лабораторная посуда и принадлежности из фарфора/Воронки Бюхнера	588	13000607	https://minimed.ru/product/419/	minimed.ru
	Воронка Бюхнера, 126отв., уп.2 шт	Лабораторная посуда и принадлежности из фарфора/Воронки Бюхнера	819	13000608	https://minimed.ru/product/2878/	minimed.ru
N 1	Воронка Бюхнера № 1, D65 мм	Лабораторная посуда и принадлежности из фарфора/Воронки Бюхнера	635	13000600	https://minimed.ru/product/417/	minimed.ru
N 2	Воронка Бюхнера № 2, D80 мм, уп.1 шт	Лабораторная посуда и принадлежности из фарфора/Воронки Бюхнера	836	13000601	https://minimed.ru/product/3097/	minimed.ru
N 3	Воронка Бюхнера № 3, D100 мм, уп.3 шт	Лабораторная посуда и принадлежности из фарфора/Воронки Бюхнера	1590	13000602	https://minimed.ru/product/3098/	minimed.ru
N 4	Воронка Бюхнера № 4, D130 мм	Лабораторная посуда и принадлежности из фарфора/Воронки Бюхнера	2525	13000603	https://minimed.ru/product/420/	minimed.ru
N 5	Воронка Бюхнера № 5, D175, Н270 мм, 1400 мл	Лабораторная посуда и принадлежности из фарфора/Воронки Бюхнера	6615	13000604	https://minimed.ru/product/421/	minimed.ru
	Воронка Бюхнера № 6, мм	Лабораторная посуда и принадлежности из фарфора/Воронки Бюхнера	13320	13000609	https://minimed.ru/product/3343/	minimed.ru

Лабораторная посуда и принадлежности из фарфора/Вставки к эксикаторам						
	Вставка к эксикатору 150 мм	Лабораторная посуда и принадлежности из фарфора/Вставки к эксикаторам	174	10004800	https://minimed.ru/product/468/	minimed.ru
	Вставка к эксикатору 180 мм	Лабораторная посуда и принадлежности из фарфора/Вставки к эксикаторам	240	10004803	https://minimed.ru/product/469/	minimed.ru
	Вставка к эксикатору 210 мм	Лабораторная посуда и принадлежности из фарфора/Вставки к эксикаторам	348	10004807	https://minimed.ru/product/471/	minimed.ru
	Вставка к эксикатору 240 мм	Лабораторная посуда и принадлежности из фарфора/Вставки к эксикаторам	521	10004815	https://minimed.ru/product/472/	minimed.ru
	Вставка к эксикатору 300 мм	Лабораторная посуда и принадлежности из фарфора/Вставки к эксикаторам	819	10004817	https://minimed.ru/product/474/	minimed.ru
	Вставка к эксикатору, d вставки 175 мм, исп.1	Лабораторная посуда и принадлежности из фарфора/Вставки к эксикаторам	1881	10004840	https://minimed.ru/product/470/	minimed.ru
	Вставка к эксикатору, d вставки 230 мм, исп 1	Лабораторная посуда и принадлежности из фарфора/Вставки к эксикаторам	3896	10004842	https://minimed.ru/product/4076/	minimed.ru

Лабораторная посуда и принадлежности из фарфора/Кастрюли						
100 мл	Кастрюля (емкость с руч. д/выпар. жидк.) фарфор. 100мл;, d50, Н45мм, уп.10 шт.	Лабораторная посуда и принадлежности из фарфора/Кастрюли	182	13000703	https://minimed.ru/product/636/	minimed.ru
250 мл	Кастрюля (емкость с руч. д/выпар. жидк.) фарфор. 250мл;, d70, Н60мм, уп.5 шт	Лабораторная посуда и принадлежности из фарфора/Кастрюли	290	13000704	https://minimed.ru/product/637/	minimed.ru
500 мл	Кастрюля (емкость с руч. д/выпар. жидк.) фарфор. 500мл;, d80, Н70мм	Лабораторная посуда и принадлежности из фарфора/Кастрюли	530	13000705	https://minimed.ru/product/638/	minimed.ru
	Кастрюля фарфор. № 1, 100мл, уп.15 шт	Лабораторная посуда и принадлежности из фарфора/Кастрюли	471	13000700	https://minimed.ru/product/631/	minimed.ru
	Кастрюля фарфор. № 2, 250мл, уп.5 шт	Лабораторная посуда и принадлежности из фарфора/Кастрюли	976	13000701	https://minimed.ru/product/632/	minimed.ru
	Кастрюля фарфор. № 3, 500мл, уп.2 шт	Лабораторная посуда и принадлежности из фарфора/Кастрюли	1579	13000702	https://minimed.ru/product/633/	minimed.ru
	Кастрюля фарфор. № 4, 1000мл, уп. 1 шт.	Лабораторная посуда и принадлежности из фарфора/Кастрюли	2836	13000707	https://minimed.ru/product/634/	minimed.ru
	Кастрюля фарфор. № 5, 2000мл	Лабораторная посуда и принадлежности из фарфора/Кастрюли	5496	13000706	https://minimed.ru/product/635/	minimed.ru

Лабораторная посуда и принадлежности из фарфора/Кружки						
	Кружка фарфоровая с носиком № 1, 0,25л, уп.5 шт	Лабораторная посуда и принадлежности из фарфора/Кружки	1204	13000500	https://minimed.ru/product/959/	minimed.ru
	Кружка фарфоровая с носиком № 2, 0,5л, уп.2 шт	Лабораторная посуда и принадлежности из фарфора/Кружки	2090	13000501	https://minimed.ru/product/960/	minimed.ru
	Кружка фарфоровая с носиком № 3, 1л, уп.4 шт	Лабораторная посуда и принадлежности из фарфора/Кружки	3697	13000502	https://minimed.ru/product/961/	minimed.ru
	Кружка фарфоровая с носиком № 4, 1,5л, уп.2 шт	Лабораторная посуда и принадлежности из фарфора/Кружки	4665	13000503	https://minimed.ru/product/962/	minimed.ru
	Кружка фарфоровая с носиком № 5, 2 л, уп.2 шт	Лабораторная посуда и принадлежности из фарфора/Кружки	5422	13000504	https://minimed.ru/product/963/	minimed.ru

Лабораторная посуда и принадлежности из фарфора/Лодочки						
	Лодочка для сжигания 88*15*10, уп.1000 шт	Лабораторная посуда и принадлежности из фарфора/Лодочки	11	13000901	https://minimed.ru/product/1038/	minimed.ru
	Лодочка для сжигания №1, 65*10*7, уп.20 / 2000 шт	Лабораторная посуда и принадлежности из фарфора/Лодочки	32	13000904	https://minimed.ru/product/1039/	minimed.ru
	Лодочка для сжигания №2, 85*14*10, уп.20 /1200 шт	Лабораторная посуда и принадлежности из фарфора/Лодочки	39	13000900	https://minimed.ru/product/1040/	minimed.ru
	Лодочка зольности №2, уп.10 шт	Лабораторная посуда и принадлежности из фарфора/Лодочки	112	12006103	https://minimed.ru/product/1043/	minimed.ru
	Лодочка для сжигания №3, 105*18*14, уп.10 шт	Лабораторная посуда и принадлежности из фарфора/Лодочки	120	13000903	https://minimed.ru/product/1041/	minimed.ru
	Лодочка для сжигания №4, 125*20*16, уп.10 шт	Лабораторная посуда и принадлежности из фарфора/Лодочки	163	13000902	https://minimed.ru/product/1042/	minimed.ru

Лабораторная посуда и принадлежности из фарфора/Ложки фарфоровые						
	Ложка-шпатель фарфоровая 140мм, уп.5/100 шт	Лабораторная посуда и принадлежности из фарфора/Ложки фарфоровые	215	13000804	https://minimed.ru/product/1050/	minimed.ru
	Ложка фарфоровая № 1, 120 мм, уп.5 шт	Лабораторная посуда и принадлежности из фарфора/Ложки фарфоровые	266	13000800	https://minimed.ru/product/1044/	minimed.ru
	Ложка фарфоровая № 2,150мм, уп.5 шт	Лабораторная посуда и принадлежности из фарфора/Ложки фарфоровые	305	13000801	https://minimed.ru/product/1045/	minimed.ru
	Ложка фарфоровая № 3, 200мм, уп.5 шт	Лабораторная посуда и принадлежности из фарфора/Ложки фарфоровые	402	13000802	https://minimed.ru/product/1046/	minimed.ru
	Ложка фарфоровая №4, 250мм, уп.1 шт	Лабораторная посуда и принадлежности из фарфора/Ложки фарфоровые	713	13000805	https://minimed.ru/product/1047/	minimed.ru

Лабораторная посуда и принадлежности из фарфора/Пестики						
	Пест для ступки диам. 60 мм, d10, L 70мм, уп.5/100 шт	Лабораторная посуда и принадлежности из фарфора/Пестики	58	13000205	https://minimed.ru/product/1295/	minimed.ru
	Пест для ступки диам. 80 мм, d18, L96мм, уп.5 шт	Лабораторная посуда и принадлежности из фарфора/Пестики	74	13000206	https://minimed.ru/product/1296/	minimed.ru
	Пест для ступки диам.130 мм, d20, L123мм, уп.5/50 шт	Лабораторная посуда и принадлежности из фарфора/Пестики	170	13000208	https://minimed.ru/product/1298/	minimed.ru
	Пест для ступки диам.160 мм, d23, мм, уп.5 шт	Лабораторная посуда и принадлежности из фарфора/Пестики	290	13000209	https://minimed.ru/product/1299/	minimed.ru
	Пест для ступки диам.216 мм, d22, мм	Лабораторная посуда и принадлежности из фарфора/Пестики	505	13000202	https://minimed.ru/product/1300/	minimed.ru
	Пест № 1, d10, L90мм, уп.5 шт	Лабораторная посуда и принадлежности из фарфора/Пестики	230	13000200	https://minimed.ru/product/1292/	minimed.ru
	Пест № 2, d14, L120мм, уп.5 шт	Лабораторная посуда и принадлежности из фарфора/Пестики	407	13000201	https://minimed.ru/product/1293/	minimed.ru
	Пест № 3, d18, L170мм, уп.5 шт	Лабораторная посуда и принадлежности из фарфора/Пестики	820	13000203	https://minimed.ru/product/2869/	minimed.ru
	Пест № 4, d20, L210мм, уп.5 шт	Лабораторная посуда и принадлежности из фарфора/Пестики	1475	13000204	https://minimed.ru/product/1294/	minimed.ru

Лабораторная посуда и принадлежности из фарфора/Стаканы фарфоровые						
	Стакан фарфоровый №1, 25 мл уп. 5 шт	Лабораторная посуда и принадлежности из фарфора/Стаканы фарфоровые	150	13000000	https://minimed.ru/product/2192/	minimed.ru
	Стакан фарфоровый №2, 50 мл, уп. 5 шт.	Лабораторная посуда и принадлежности из фарфора/Стаканы фарфоровые	263	13000001	https://minimed.ru/product/2193/	minimed.ru
	Стакан фарфоровый №3, 150мл, d 50мм, h 90мм, уп.10шт.	Лабораторная посуда и принадлежности из фарфора/Стаканы фарфоровые	474	13000002	https://minimed.ru/product/2194/	minimed.ru
	Стакан фарфоровый №4, 250 мл, d 60 мм, h 110 мм, уп.5 шт	Лабораторная посуда и принадлежности из фарфора/Стаканы фарфоровые	722	13000003	https://minimed.ru/product/2195/	minimed.ru
	Стакан фарфоровый №5, 400мл, d 75 мм, h 120, уп.4шт.	Лабораторная посуда и принадлежности из фарфора/Стаканы фарфоровые	1307	13000004	https://minimed.ru/product/2196/	minimed.ru
	Стакан фарфоровый №6, 600мл, d 85 мм, h 135 мм, уп.2 шт	Лабораторная посуда и принадлежности из фарфора/Стаканы фарфоровые	1992	13000005	https://minimed.ru/product/2197/	minimed.ru
	Стакан фарфоровый №7, 1000 мл, d 100 мм, h 170 мм, уп.5 шт	Лабораторная посуда и принадлежности из фарфора/Стаканы фарфоровые	3567	13000006	https://minimed.ru/product/2198/	minimed.ru
	Стакан фарфоровый №8, 2000мл, d125 мм, h 205 мм, уп.3шт	Лабораторная посуда и принадлежности из фарфора/Стаканы фарфоровые	4566	13000007	https://minimed.ru/product/2199/	minimed.ru
	Стакан фарфоровый №9, 4000мл, d 175 мм, h 220 мм	Лабораторная посуда и принадлежности из фарфора/Стаканы фарфоровые	9951	13000009	https://minimed.ru/product/2200/	minimed.ru

Лабораторная посуда и принадлежности из фарфора/Ступки фарфоровые						
d-60	Ступка с пестиком фарфор., d35, Н27, уп.6/120 шт	Лабораторная посуда и принадлежности из фарфора/Ступки фарфоровые	161	13000106	https://minimed.ru/product/2269/	minimed.ru
d-80	Ступка с пестиком фарфор., d50, Н37, уп.1/100 шт	Лабораторная посуда и принадлежности из фарфора/Ступки фарфоровые	195	13000107	https://minimed.ru/product/2270/	minimed.ru
d-100	Ступка с пестиком фарфор., d60, Н45	Лабораторная посуда и принадлежности из фарфора/Ступки фарфоровые	277	13000124	https://minimed.ru/product/2271/	minimed.ru
d-130	Ступка с пестиком фарфор., d80, Н62	Лабораторная посуда и принадлежности из фарфора/Ступки фарфоровые	401	13000109	https://minimed.ru/product/2272/	minimed.ru
d-160	Ступка с пестиком фарфор., d90, Н74, уп.1/20 шт	Лабораторная посуда и принадлежности из фарфора/Ступки фарфоровые	646	13000110	https://minimed.ru/product/2273/	minimed.ru
d-216	Ступка с пестиком фарфор., d114, Н90, уп.1/6 шт	Лабораторная посуда и принадлежности из фарфора/Ступки фарфоровые	1804	13000111	https://minimed.ru/product/2274/	minimed.ru
	Ступка с пестиком фарфоровая №1, мм, h 35 мм, уп.5шт	Лабораторная посуда и принадлежности из фарфора/Ступки фарфоровые	578	13000130	https://minimed.ru/product/3510/	minimed.ru
	Ступка с пестиком фарфоровая №2, мм, h 40 мм, уп.5шт	Лабораторная посуда и принадлежности из фарфора/Ступки фарфоровые	773	13000131	https://minimed.ru/product/3511/	minimed.ru
	Ступка с пестиком фарфоровая №3, мм, h 45 мм, уп.1 шт	Лабораторная посуда и принадлежности из фарфора/Ступки фарфоровые	1297	13000132	https://minimed.ru/product/3512/	minimed.ru
D 110	Ступка с пестиком фарфоровая №4, мм, h 50 мм, уп.1/20шт	Лабораторная посуда и принадлежности из фарфора/Ступки фарфоровые	1971	13000133	https://minimed.ru/product/3513/	minimed.ru
D 140	Ступка с пестиком фарфоровая №5, мм, h 70 мм, уп.2 шт	Лабораторная посуда и принадлежности из фарфора/Ступки фарфоровые	4100	13000134	https://minimed.ru/product/3514/	minimed.ru
D 180	Ступка с пестиком фарфоровая №6, мм, h 90 мм, уп.1 шт	Лабораторная посуда и принадлежности из фарфора/Ступки фарфоровые	7705	13000135	https://minimed.ru/product/3515/	minimed.ru
D 240	Ступка с пестиком фарфоровая №7, мм, h 110 мм, уп.1 шт	Лабораторная посуда и принадлежности из фарфора/Ступки фарфоровые	17238	13000136	https://minimed.ru/product/3516/	minimed.ru

Лабораторная посуда и принадлежности из фарфора/Тигли высокие						
	Тигель №1, высокий 3 мл, уп.20 шт	Лабораторная посуда и принадлежности из фарфора/Тигли высокие	70	13000303	https://minimed.ru/product/2317/	minimed.ru
	Тигель №2, высокий 8 мл, уп. 10 шт.	Лабораторная посуда и принадлежности из фарфора/Тигли высокие	75	13000305	https://minimed.ru/product/2318/	minimed.ru
	Тигель №3, высокий 18 мл, уп.10 шт	Лабораторная посуда и принадлежности из фарфора/Тигли высокие	110	13000306	https://minimed.ru/product/2319/	minimed.ru
	Тигель №4, высокий 35мл, уп.5 шт	Лабораторная посуда и принадлежности из фарфора/Тигли высокие	232	13000309	https://minimed.ru/product/2320/	minimed.ru
	Тигель №5, высокий 90 мл, уп.4 шт	Лабораторная посуда и принадлежности из фарфора/Тигли высокие	372	13000311	https://minimed.ru/product/2321/	minimed.ru
	Тигель №6 высокий 225 мл, уп.1 шт	Лабораторная посуда и принадлежности из фарфора/Тигли высокие	698	13000340	https://minimed.ru/product/2322/	minimed.ru
25 мл	Тигель высокий с крышкой;, d23, уп.5 шт	Лабораторная посуда и принадлежности из фарфора/Тигли высокие	54	13000341	https://minimed.ru/product/3171/	minimed.ru

Лабораторная посуда и принадлежности из фарфора/Тигли низкие						
50 мл	Тигель низкий с крышкой;, d30, уп.5 шт	Лабораторная посуда и принадлежности из фарфора/Тигли низкие	66	13000335	https://minimed.ru/product/2328/	minimed.ru
	Тигель №1, низкий 2 мл	Лабораторная посуда и принадлежности из фарфора/Тигли низкие	70	13000302	https://minimed.ru/product/2331/	minimed.ru
	Тигель №2, 5 мл низкий, уп.10 шт	Лабораторная посуда и принадлежности из фарфора/Тигли низкие	78	13000304	https://minimed.ru/product/2332/	minimed.ru
	Тигель №3, 10 мл низ., уп.10 шт	Лабораторная посуда и принадлежности из фарфора/Тигли низкие	92	13000307	https://minimed.ru/product/2333/	minimed.ru
	Тигель №4, 25 мл низкий, уп.10 шт	Лабораторная посуда и принадлежности из фарфора/Тигли низкие	139	13000308	https://minimed.ru/product/2334/	minimed.ru
	Тигель №5, 50 мл низкий, уп.5 шт	Лабораторная посуда и принадлежности из фарфора/Тигли низкие	226	13000310	https://minimed.ru/product/2335/	minimed.ru
	Тигель №6, низ. 135 мл	Лабораторная посуда и принадлежности из фарфора/Тигли низкие	480	13000312	https://minimed.ru/product/2336/	minimed.ru

Лабораторная посуда и принадлежности из фарфора/Крышки к тиглям						
	Крышка к тиглю №1, уп.10 шт	Лабораторная посуда и принадлежности из фарфора/Крышки к тиглям	61	13000342	https://minimed.ru/product/3221/	minimed.ru
	Крышка к тиглю №2, уп.10 шт	Лабораторная посуда и принадлежности из фарфора/Крышки к тиглям	66	13000343	https://minimed.ru/product/3222/	minimed.ru
	Крышка к тиглю №3, уп.10 шт	Лабораторная посуда и принадлежности из фарфора/Крышки к тиглям	84	13000313	https://minimed.ru/product/968/	minimed.ru
	Крышка к тиглю №4, уп.10 шт	Лабораторная посуда и принадлежности из фарфора/Крышки к тиглям	113	13000300	https://minimed.ru/product/969/	minimed.ru
	Крышка к тиглю №5, уп.10 шт	Лабораторная посуда и принадлежности из фарфора/Крышки к тиглям	124	13000301	https://minimed.ru/product/970/	minimed.ru
	Крышка к тиглю №6, уп.5 шт	Лабораторная посуда и принадлежности из фарфора/Крышки к тиглям	261	13000344	https://minimed.ru/product/3223/	minimed.ru
	Крышка к тиглю выс. 25мл, уп.10 шт	Лабораторная посуда и принадлежности из фарфора/Крышки к тиглям	6	13000328	https://minimed.ru/product/966/	minimed.ru
	Крышка к тиглю выс. 50мл, уп.10 шт	Лабораторная посуда и принадлежности из фарфора/Крышки к тиглям	6	13000329	https://minimed.ru/product/967/	minimed.ru
	Крышка к тиглю низ. 50мл, уп.10 шт	Лабораторная посуда и принадлежности из фарфора/Крышки к тиглям	18	13000327	https://minimed.ru/product/972/	minimed.ru

Лабораторная посуда и принадлежности из фарфора/Чаши для выпаривания						
35 мл	Чаша выпарительная, 60*25, уп.10/200 шт	Лабораторная посуда и принадлежности из фарфора/Чаши для выпаривания	66	13000407	https://minimed.ru/product/2507/	minimed.ru
50 мл	Чаша выпарительная, 70*28, уп.5 шт	Лабораторная посуда и принадлежности из фарфора/Чаши для выпаривания	87	13000408	https://minimed.ru/product/2508/	minimed.ru
100 мл	Чаша выпарительная, 90*35, уп.5/100 шт	Лабораторная посуда и принадлежности из фарфора/Чаши для выпаривания	95	13000409	https://minimed.ru/product/2509/	minimed.ru
250 мл	Чаша выпарительная, 118*48, уп.10 шт	Лабораторная посуда и принадлежности из фарфора/Чаши для выпаривания	195	13000410	https://minimed.ru/product/2510/	minimed.ru
400 мл	Чаша выпарительная, 150*58, уп.5 шт	Лабораторная посуда и принадлежности из фарфора/Чаши для выпаривания	215	13000411	https://minimed.ru/product/2511/	minimed.ru
750 мл	Чаша выпарительная, 180*62, уп.5 шт	Лабораторная посуда и принадлежности из фарфора/Чаши для выпаривания	410	13000412	https://minimed.ru/product/2512/	minimed.ru
	Чаша выпарительная №1, 25 мл, уп.10 шт	Лабораторная посуда и принадлежности из фарфора/Чаши для выпаривания	169	13000401	https://minimed.ru/product/2513/	minimed.ru
	Чаша выпарительная №2, 50 мл, уп.5 шт	Лабораторная посуда и принадлежности из фарфора/Чаши для выпаривания	284	13000402	https://minimed.ru/product/2514/	minimed.ru
	Чаша выпарительная №3, 100 мл, уп.10 шт	Лабораторная посуда и принадлежности из фарфора/Чаши для выпаривания	527	13000403	https://minimed.ru/product/2515/	minimed.ru
	Чаша выпарительная №4, 150 мл, уп.10 шт	Лабораторная посуда и принадлежности из фарфора/Чаши для выпаривания	648	13000413	https://minimed.ru/product/2516/	minimed.ru
	Чаша выпарительная №5, 250 мл, уп.5 шт	Лабораторная посуда и принадлежности из фарфора/Чаши для выпаривания	1145	13000404	https://minimed.ru/product/2517/	minimed.ru
	Чаша выпарительная №6, 450 мл, уп.5 шт	Лабораторная посуда и принадлежности из фарфора/Чаши для выпаривания	1787	13000405	https://minimed.ru/product/2518/	minimed.ru
	Чаша выпарительная №7, 850 мл, уп.5 шт	Лабораторная посуда и принадлежности из фарфора/Чаши для выпаривания	2582	13000406	https://minimed.ru/product/2519/	minimed.ru
	Чаша выпарительная №8, 1500 мл	Лабораторная посуда и принадлежности из фарфора/Чаши для выпаривания	6680	13000414	https://minimed.ru/product/2520/	minimed.ru
	Чаша выпарительная №9, 4000 мл	Лабораторная посуда и принадлежности из фарфора/Чаши для выпаривания	10902	13000400	https://minimed.ru/product/2521/	minimed.ru

Лабораторная посуда и принадлежности из фарфора/Шпатели керамические						
	Шпатель керамический №1, 120 мм, уп.5шт	Лабораторная посуда и принадлежности из фарфора/Шпатели керамические	270	12006709	https://minimed.ru/product/2573/	minimed.ru
	Шпатель керамический №2, 150 мм, уп.5шт	Лабораторная посуда и принадлежности из фарфора/Шпатели керамические	299	12006706	https://minimed.ru/product/2574/	minimed.ru
	Шпатель керамический №3, 200 мм, уп.5шт	Лабораторная посуда и принадлежности из фарфора/Шпатели керамические	390	12006710	https://minimed.ru/product/2575/	minimed.ru

Лабораторная посуда и принадлежности прочие/Баллоны для отбора проб газа, Kartell						
1000 мл	Баллон для отбора проб газа, латекс, Kartell, уп.1 шт	Лабораторная посуда и принадлежности прочие/Баллоны для отбора проб газа, Kartell	2115	12009139	https://minimed.ru/product/293/	minimed.ru
2000 мл	Баллон для отбора проб газа, латекс, Kartell, уп.1 шт	Лабораторная посуда и принадлежности прочие/Баллоны для отбора проб газа, Kartell	3115	12009025	https://minimed.ru/product/295/	minimed.ru
4000 мл	Баллон для отбора проб газа, латекс, Kartell, уп.1 шт	Лабораторная посуда и принадлежности прочие/Баллоны для отбора проб газа, Kartell	3863	12009068	https://minimed.ru/product/296/	minimed.ru
5000 мл	Баллон для отбора проб газа, латекс, Kartell, уп.1 шт	Лабораторная посуда и принадлежности прочие/Баллоны для отбора проб газа, Kartell	5150	12009224	https://minimed.ru/product/297/	minimed.ru
8000 мл	Баллон для отбора проб газа, латекс, Kartell, уп.1 шт	Лабораторная посуда и принадлежности прочие/Баллоны для отбора проб газа, Kartell	4782	12009069	https://minimed.ru/product/298/	minimed.ru

Лабораторная посуда и принадлежности прочие/Бинты в индивидуальной упаковке						
	Бинт марлевый медицинский 5*10 нестерильный, инд.уп., плотность 36г/кв.м.	Лабораторная посуда и принадлежности прочие/Бинты в индивидуальной упаковке	27	18000505	https://minimed.ru/product/339/	minimed.ru
	Бинт марлевый медицинский 5*10 стерильный, инд.уп., плотность 36г/кв.м.	Лабораторная посуда и принадлежности прочие/Бинты в индивидуальной упаковке	27	18000506	https://minimed.ru/product/340/	minimed.ru
	Бинт марлевый медицинский 5*10 нестерильный по уп.30 шт.	Лабораторная посуда и принадлежности прочие/Бинты в индивидуальной упаковке	18	18000515	https://minimed.ru/product/2938/	minimed.ru
	Бинт марлевый медицинский 7*14 нестерильный, инд.уп., плотность 36г/кв.м.	Лабораторная посуда и принадлежности прочие/Бинты в индивидуальной упаковке	50	18000509	https://minimed.ru/product/341/	minimed.ru
	Бинт марлевый медицинский 7*14 стерильный, инд.уп., плотность 36г/кв.м.	Лабораторная посуда и принадлежности прочие/Бинты в индивидуальной упаковке	55	18000510	https://minimed.ru/product/342/	minimed.ru

Лабораторная посуда и принадлежности прочие/Биоскан, тест-полоски						
	Полоски индикаторные для качественного или полуколичественного определения белка в моче (БИОСКАН®-Белок) уп. 100 шт.	Лабораторная посуда и принадлежности прочие/Биоскан, тест-полоски	396	12006400	https://minimed.ru/product/336/	minimed.ru
	Полоски индикаторные для определения белка и рН в моче (БИОСКАН®-Белок, рН) уп. 100 шт.	Лабораторная посуда и принадлежности прочие/Биоскан, тест-полоски	494	12006413	https://minimed.ru/product/337/	minimed.ru
	Полоски индикаторные для определения скрытой крови, кетонов, глюкозы, белка и рН в моче (БИОСКАН® - Пента) уп.100 шт	Лабораторная посуда и принадлежности прочие/Биоскан, тест-полоски	935	12006405	https://minimed.ru/product/344/	minimed.ru
	Полоски индикаторные для определения скрытой крови (эритроцитов/гемоглобина) в моче (БИОСКАН® — Гемоскан) уп. 100шт	Лабораторная посуда и принадлежности прочие/Биоскан, тест-полоски	555	12006406	https://minimed.ru/product/477/	minimed.ru
	Полоски индикаторные для определения глюкозы в моче (БИОСКАН® — Глюкоза) уп. 100шт	Лабораторная посуда и принадлежности прочие/Биоскан, тест-полоски	396	12006401	https://minimed.ru/product/481/	minimed.ru
	Полоски индикаторные для определения глюкозы и кетонов в моче (БИОСКАН® — Глюкоза, Кетоны) уп. 100шт.	Лабораторная посуда и принадлежности прочие/Биоскан, тест-полоски	531	12006407	https://minimed.ru/product/482/	minimed.ru
	Полоски индикаторные для определения Глюкозы, белка и рН в моче (БИОСКАН® — Глюкоза, белок, рН) уп. 100шт.	Лабораторная посуда и принадлежности прочие/Биоскан, тест-полоски	570	12006402	https://minimed.ru/product/483/	minimed.ru
	Полоски индикаторные для определения кетонов в моче (БИОСКАН® — КЕТОНЫ), уп.100 шт.	Лабораторная посуда и принадлежности прочие/Биоскан, тест-полоски	396	12006403	https://minimed.ru/product/646/	minimed.ru
	Полоски индикаторные для определения уровня кислотности (pH) в моче(БИОСКАН® — pH), уп.100 шт	Лабораторная посуда и принадлежности прочие/Биоскан, тест-полоски	320	12006408	https://minimed.ru/product/2038/	minimed.ru

Лабораторная посуда и принадлежности прочие/Бумага офисная						
	Бумага офисная А4 80г/м2, в коробке 10 уп	Лабораторная посуда и принадлежности прочие/Бумага офисная	293	25001111	https://minimed.ru/product/3479/	minimed.ru

Лабораторная посуда и принадлежности прочие/Бумага фильтровальная						
	Бумага фильтровальная 20*20, 1/7 кг	Лабораторная посуда и принадлежности прочие/Бумага фильтровальная	577	12001002	https://minimed.ru/product/348/	minimed.ru
	Бумага фильтровальная 100*100 см, 5 кг	Лабораторная посуда и принадлежности прочие/Бумага фильтровальная	535	12001006	https://minimed.ru/product/349/	minimed.ru

Лабораторная посуда и принадлежности прочие/Вата						
	Вата медицинская гигроскопическая гигиеническая хлопковая, н/ст. 250 гр. Емельяновская	Лабораторная посуда и принадлежности прочие/Вата	123	18000800	https://minimed.ru/product/414/	minimed.ru
	Вата медицинская гигроскопическая хирургическая хлопковая, н/ст. 250 гр. Емельяновская	Лабораторная посуда и принадлежности прочие/Вата	123	18000808	https://minimed.ru/product/415/	minimed.ru

Лабораторная посуда и принадлежности прочие/Груши резиновые, Kartell						
	Груша универсальная д/пипеток,(синт.каучук,силикон), Kartell, уп.1шт	Лабораторная посуда и принадлежности прочие/Груши резиновые, Kartell	988	12011303	https://minimed.ru/product/484/	minimed.ru
	Груша резиновая с клапаном и трубкой, d-46мм, Kartell, уп.1шт	Лабораторная посуда и принадлежности прочие/Груши резиновые, Kartell	3219	12011341	https://minimed.ru/product/485/	minimed.ru
	Груша резиновая с тремя клапанами и переходником, Kartell, уп.1шт	Лабораторная посуда и принадлежности прочие/Груши резиновые, Kartell	1012	12011302	https://minimed.ru/product/486/	minimed.ru
	Груша резиновая для создания разрежения с двумя клапанами, d-46мм, Kartell, уп.1шт	Лабораторная посуда и принадлежности прочие/Груши резиновые, Kartell	6990	12011340	https://minimed.ru/product/488/	minimed.ru
	Груша резиновая с тремя клапанами, ин.уп./250 шт	Лабораторная посуда и принадлежности прочие/Груши резиновые, Kartell	501	12011343	https://minimed.ru/product/489/	minimed.ru

Лабораторная посуда и принадлежности прочие/Ерши						
	Ерш бутылочный, искусственная щетина, уп.1шт	Лабораторная посуда и принадлежности прочие/Ерши	104	12001501	https://minimed.ru/product/562/	minimed.ru
	Ерш д/пипеток и бюреток, L=610 мм, диам.8 мм*120 мм, инд.уп./2500 шт	Лабораторная посуда и принадлежности прочие/Ерши	73	12001511	https://minimed.ru/product/3063/	minimed.ru
	Ерш для пенициллиновых флаконов,натуральная щетина, 00с18-30, уп.1шт.	Лабораторная посуда и принадлежности прочие/Ерши	71	12001502	https://minimed.ru/product/564/	minimed.ru
	Ерш пробирочный, натур. щетина, пластм.ручка, 5с, уп.1шт	Лабораторная посуда и принадлежности прочие/Ерши	113	12001504	https://minimed.ru/product/567/	minimed.ru
	Ерш пробирочный белый, искусственная щетина, уп.1шт	Лабораторная посуда и принадлежности прочие/Ерши	98	12001503	https://minimed.ru/product/565/	minimed.ru
	Ерш пробирочный, натуральная щетина, уп.1шт	Лабораторная посуда и принадлежности прочие/Ерши	111	12001509	https://minimed.ru/product/566/	minimed.ru

Лабораторная посуда и принадлежности прочие/Зажимы						
	Зажим лабораторный для резиновых трубок винтовой (Гофмана), уп.20шт	Лабораторная посуда и принадлежности прочие/Зажимы	302	12001601	https://minimed.ru/product/570/	minimed.ru
	Зажим металлический пружинящий для пережатия резиновых и других эластичных трубок при лаборат.работах " Мора", уп.20шт	Лабораторная посуда и принадлежности прочие/Зажимы	318	12001602	https://minimed.ru/product/580/	minimed.ru
	Зажим пробирочный, пластмассовая ручка, уп.10шт	Лабораторная посуда и принадлежности прочие/Зажимы	158	12001605	https://minimed.ru/product/581/	minimed.ru

Лабораторная посуда и принадлежности прочие/Иглы гистологические						
	Игла гистологическая препарировальная изогнутая	Лабораторная посуда и принадлежности прочие/Иглы гистологические	205	12010204	https://minimed.ru/product/3749/	minimed.ru
	Игла гистологическая препарировальная прямая	Лабораторная посуда и принадлежности прочие/Иглы гистологические	221	12010200	https://minimed.ru/product/3750/	minimed.ru

Лабораторная посуда и принадлежности прочие/Карандаш по стеклу, Vitrograf						
	Карандаш (Vitrograf-маркер) по стеклу красный, уп.50 шт	Лабораторная посуда и принадлежности прочие/Карандаш по стеклу, Vitrograf	11	12002007	https://minimed.ru/product/629/	minimed.ru
	Карандаш (Vitrograf-маркер) по стеклу синий, уп.50 шт	Лабораторная посуда и принадлежности прочие/Карандаш по стеклу, Vitrograf	11	12002006	https://minimed.ru/product/630/	minimed.ru

Лабораторная посуда и принадлежности прочие/Колпачки алюминиевые						
КП-16	Колпачок пробирочные стерилизационные, уп.100 шт	Лабораторная посуда и принадлежности прочие/Колпачки алюминиевые	268	12011101	https://minimed.ru/product/3008/	minimed.ru
К-2-20	Колпачок алюминиевый 12А20, /для пениц.флак/, уп.250 шт	Лабораторная посуда и принадлежности прочие/Колпачки алюминиевые	1	12011110	https://minimed.ru/product/805/	minimed.ru
К-2-20	Колпачок алюминиевый 12А20, /для пениц.флак/, прошедший престерилиз.очистку, уп.1000 шт	Лабораторная посуда и принадлежности прочие/Колпачки алюминиевые	1	12011106	https://minimed.ru/product/806/	minimed.ru
К-2-20	Колпачок алюминиевый 12А20, /для пениц.флак/, уп.20 тыс.шт	Лабораторная посуда и принадлежности прочие/Колпачки алюминиевые	1	12011102	https://minimed.ru/product/807/	minimed.ru
К-3-34	Колпачок алюминиевый мед. 12Б34 - прошедший престерилиз. очистку, уп.500/5тыс.шт	Лабораторная посуда и принадлежности прочие/Колпачки алюминиевые	3	12011103	https://minimed.ru/product/808/	minimed.ru

Лабораторная посуда и принадлежности прочие/Крафт-бумага						
	Крафт-бумага 100*106см, уп. 5 кг	Лабораторная посуда и принадлежности прочие/Крафт-бумага	171	12002102	https://minimed.ru/product/928/	minimed.ru

Лабораторная посуда и принадлежности прочие/Крафт-пакеты						
	Пакет для паровой, воздушной, этиленоксидной стерилизации бумажный (крафт) самоклеящийся плоский ПБСП-СтериМаг 100*200, уп.100шт	Лабораторная посуда и принадлежности прочие/Крафт-пакеты	5	12002238	https://minimed.ru/product/929/	minimed.ru
	Пакет для паровой, воздушной, этиленоксидной стерилизации бумажный (крафт) самоклеящийся плоский ПБСП-СтериМаг 100*250, уп.100шт	Лабораторная посуда и принадлежности прочие/Крафт-пакеты	5	12002239	https://minimed.ru/product/930/	minimed.ru
	Пакет для паровой, воздушной, этиленоксидной стерилизации бумажный (крафт) самоклеящийся плоский ПБСП-СтериМаг 150*250, уп.100шт	Лабораторная посуда и принадлежности прочие/Крафт-пакеты	7	12002240	https://minimed.ru/product/931/	minimed.ru
	Пакет для паровой, воздушной, этиленоксидной стерилизации бумажный (крафт) самоклеящийся плоский ПБСП-СтериМаг 150*300, уп.100шт	Лабораторная посуда и принадлежности прочие/Крафт-пакеты	7	12002241	https://minimed.ru/product/932/	minimed.ru
	Пакет для паровой, воздушной, этиленоксидной стерилизации бумажный (крафт) самоклеящийся плоский ПБСП-СтериМаг 200*280, уп.100шт	Лабораторная посуда и принадлежности прочие/Крафт-пакеты	9	12002242	https://minimed.ru/product/933/	minimed.ru
	Пакет для паровой, воздушной, этиленоксидной стерилизации бумажный (крафт) самоклеящийся плоский ПБСП-СтериМаг 250*320, уп.100шт	Лабораторная посуда и принадлежности прочие/Крафт-пакеты	12	12002243	https://minimed.ru/product/934/	minimed.ru
	Пакет для паровой, воздушной, этиленоксидной стерилизации бумажный (крафт) самоклеящийся плоский ПБСП-СтериМаг 270*350, уп.100шт	Лабораторная посуда и принадлежности прочие/Крафт-пакеты	14	12002244	https://minimed.ru/product/935/	minimed.ru
	Крафт-пакеты 9*30, уп.100 шт.	Лабораторная посуда и принадлежности прочие/Крафт-пакеты	3	12002215	https://minimed.ru/product/939/	minimed.ru
	Крафт-пакеты 20*25, уп.100 шт.	Лабораторная посуда и принадлежности прочие/Крафт-пакеты	4	12002206	https://minimed.ru/product/947/	minimed.ru

Лабораторная посуда и принадлежности прочие/Ложка химическая						
	Ложка химическая д/сжигания, нерж.сталь L=300 мм, инд.уп.	Лабораторная посуда и принадлежности прочие/Ложка химическая	174	12007887	https://minimed.ru/product/1048/	minimed.ru

Лабораторная посуда и принадлежности прочие/Лотки и крышки металлические, нержавеющая сталь						
ЛМПу-200	Крышка 200*150 нерж для лотка	Лабораторная посуда и принадлежности прочие/Лотки и крышки металлические, нержавеющая сталь	485	12002627	https://minimed.ru/product/3009/	minimed.ru
ЛМПу-260	Крышка 260*180 нерж.для лотка	Лабораторная посуда и принадлежности прочие/Лотки и крышки металлические, нержавеющая сталь	610	12002628	https://minimed.ru/product/3010/	minimed.ru
ЛМПу-300	Крышка 300*220 нерж. для лотка	Лабораторная посуда и принадлежности прочие/Лотки и крышки металлические, нержавеющая сталь	819	12002630	https://minimed.ru/product/3011/	minimed.ru
ЛМПу-400	Крышка 400*300 нерж. для лотка	Лабораторная посуда и принадлежности прочие/Лотки и крышки металлические, нержавеющая сталь	2090	12002638	https://minimed.ru/product/3012/	minimed.ru
ЛМПч-160	Лоток медицинский металлический почкообразный "Ока-Медик" (160*70*25)	Лабораторная посуда и принадлежности прочие/Лотки и крышки металлические, нержавеющая сталь	300	12002600	https://minimed.ru/product/1052/	minimed.ru
ЛМПч-200	Лоток медицинский металлический почкообразный "Ока-Медик" (200*120*30)	Лабораторная посуда и принадлежности прочие/Лотки и крышки металлические, нержавеющая сталь	480	12002616	https://minimed.ru/product/1053/	minimed.ru
ЛМПч-260	Лоток медицинский металлический почкообразный "Ока-Медик" (260*160*32)	Лабораторная посуда и принадлежности прочие/Лотки и крышки металлические, нержавеющая сталь	690	12002617	https://minimed.ru/product/1054/	minimed.ru
ЛМПу-200	Лоток медицинский металлический прямоугольный "Ока-Медик" (200*150*30) без крышки	Лабораторная посуда и принадлежности прочие/Лотки и крышки металлические, нержавеющая сталь	450	12002614	https://minimed.ru/product/1055/	minimed.ru
ЛМПу-260	Лоток медицинский металлический прямоугольный "Ока-Медик" (260*180*30 ) без крышки	Лабораторная посуда и принадлежности прочие/Лотки и крышки металлические, нержавеющая сталь	690	12002602	https://minimed.ru/product/1056/	minimed.ru
ЛМПу-300	Лоток медицинский металлический прямоугольный "Ока-Медик" (300*220*30) без крышки	Лабораторная посуда и принадлежности прочие/Лотки и крышки металлические, нержавеющая сталь	870	12002604	https://minimed.ru/product/1057/	minimed.ru
ЛМПу-400	Лоток медицинский металлический прямоугольный "Ока-Медик" (400*300*40) без крышки	Лабораторная посуда и принадлежности прочие/Лотки и крышки металлические, нержавеющая сталь	1910	12002634	https://minimed.ru/product/1058/	minimed.ru
	Лоток для дезинфекции пипеток	Лабораторная посуда и принадлежности прочие/Лотки и крышки металлические, нержавеющая сталь	3849	12002639	https://minimed.ru/product/1059/	minimed.ru

Лабораторная посуда и принадлежности прочие/Магниты для мешалки, ПТФЭ						
	Магнит для мешалки с кольцевым утолщением 6*20 мм тип В из ПТФЭ, инд.уп./100 шт	Лабораторная посуда и принадлежности прочие/Магниты для мешалки, ПТФЭ	116	12011250	https://minimed.ru/product/3441/	minimed.ru
	Магнит для мешалки с кольцевым утолщением 6*25 мм тип В из ПТФЭ, инд.уп./100/1000 шт	Лабораторная посуда и принадлежности прочие/Магниты для мешалки, ПТФЭ	149	12011252	https://minimed.ru/product/3442/	minimed.ru
	Магнит для мешалки с кольцевым утолщением 6*30 мм тип В из ПТФЭ, инд.уп./100 шт	Лабораторная посуда и принадлежности прочие/Магниты для мешалки, ПТФЭ	178	12011254	https://minimed.ru/product/3443/	minimed.ru
	Магнит для мешалки цилиндрический 6*20 мм тип С из ПТФЭ, инд.уп./100 шт	Лабораторная посуда и принадлежности прочие/Магниты для мешалки, ПТФЭ	116	12011251	https://minimed.ru/product/3444/	minimed.ru
	Магнит для мешалки цилиндрический 6*25 мм тип С из ПТФЭ, инд.уп./100 шт	Лабораторная посуда и принадлежности прочие/Магниты для мешалки, ПТФЭ	149	12011253	https://minimed.ru/product/3445/	minimed.ru
	Магнит для мешалки цилиндрический 6*30 мм тип С из ПТФЭ, инд.уп./100/500 шт	Лабораторная посуда и принадлежности прочие/Магниты для мешалки, ПТФЭ	178	12011255	https://minimed.ru/product/3446/	minimed.ru

Лабораторная посуда и принадлежности прочие/Марля						
	Марля медицинская 1000 м	Лабораторная посуда и принадлежности прочие/Марля	33	18000300	https://minimed.ru/product/1080/	minimed.ru
	Марля, уп.10 м, плотность 36 г/м	Лабораторная посуда и принадлежности прочие/Марля	35	18000301	https://minimed.ru/product/1081/	minimed.ru

Лабораторная посуда и принадлежности прочие/Набор для определения диаметра трубок						
	Набор для определения диаметра трубок, ABS зеленый, Kartell	Лабораторная посуда и принадлежности прочие/Набор для определения диаметра трубок	434	12009231	https://minimed.ru/product/1103/	minimed.ru

Лабораторная посуда и принадлежности прочие/Бахилы						
ПНД2-8/8/2р-С-С	Бахила мед. р-С-С, синие двойные, уп. 50 пар	Лабораторная посуда и принадлежности прочие/Бахилы	4	25001069	https://minimed.ru/product/3308/	minimed.ru

Лабораторная посуда и принадлежности прочие/Маски трехслойные						
	Маска 3-х слойная на резинках, уп.100 шт.	Лабораторная посуда и принадлежности прочие/Маски трехслойные	3	25001066	https://minimed.ru/product/3101/	minimed.ru

Лабораторная посуда и принадлежности прочие/Шапочки						
	Шапочка "Шарлотта" голубая, уп.100	Лабораторная посуда и принадлежности прочие/Шапочки	2	25001053	https://minimed.ru/product/2567/	minimed.ru

Лабораторная посуда и принадлежности прочие/Палочки для извлечения магнитов						
	Палочка для извлечения магнитов 9*300 мм, магнит с покрытием из ПTФЭ, инд.уп./10/250 шт	Лабораторная посуда и принадлежности прочие/Палочки для извлечения магнитов	704	12009255	https://minimed.ru/product/3447/	minimed.ru

Лабораторная посуда и принадлежности прочие/Парафильм						
	Парафинизированная пленка "PARAFILM" мм *38 м, 1 рул./кор.12 рул.	Лабораторная посуда и принадлежности прочие/Парафильм	5769	12002756	https://minimed.ru/product/4020/	minimed.ru
	Парафинизированная пленка "PARAFILM" M 50 мм *75 м, 1 рул./кор.24 рул.	Лабораторная посуда и принадлежности прочие/Парафильм	5970	12002755	https://minimed.ru/product/4021/	minimed.ru

Лабораторная посуда и принадлежности прочие/Пергамент марки "Б"						
	Пергамент листовой, марка "Б", пищевой, 42*70 см, уп.7 кг	Лабораторная посуда и принадлежности прочие/Пергамент марки "Б"	414	12007001	https://minimed.ru/product/1217/	minimed.ru
	Пергамент листовой, марка "Б", пищевой, 42*70 см, уп.1 кг	Лабораторная посуда и принадлежности прочие/Пергамент марки "Б"	574	12007002	https://minimed.ru/product/4339/	minimed.ru

Лабораторная посуда и принадлежности прочие/Перчатки анатомические						
	Перчатка анатомические латексные "АЗРИ" по №7, уп.15 пар/кор.20 уп	Лабораторная посуда и принадлежности прочие/Перчатки анатомические	1027	4607006490079 №7	https://minimed.ru/product/4150/	minimed.ru
	Перчатка анатомические латексные "АЗРИ" по №8, уп.15 пар/кор.20 уп	Лабораторная посуда и принадлежности прочие/Перчатки анатомические	1027	4607006490079 №8	https://minimed.ru/product/4151/	minimed.ru
	Перчатка анатомические латексные "АЗРИ" по №9, уп.15 пар/кор.20 уп	Лабораторная посуда и принадлежности прочие/Перчатки анатомические	1027	4607006490079 №9	https://minimed.ru/product/4152/	minimed.ru

Лабораторная посуда и принадлежности прочие/Перчатки нитриловые						
	Перчатка смотровые одноразовые нестерильная НИТРИЛОВЫЕ SFM Supersoft Violet Blue, неопудренные, текстурированные, S, Германия, уп.100 пар/кор.10уп	Лабораторная посуда и принадлежности прочие/Перчатки нитриловые	1000	4036534024225	https://minimed.ru/product/4149/	minimed.ru
	Перчатка смотровые одноразовые нестерильная НИТРИЛОВЫЕ SFM Supersoft Violet Blue, неопудренные, текстурированные, М, Германия, уп.100 пар/кор.10уп	Лабораторная посуда и принадлежности прочие/Перчатки нитриловые	1000	4036534025222	https://minimed.ru/product/4153/	minimed.ru
	Перчатка смотровые одноразовые нестерильная НИТРИЛОВЫЕ SFM Supersoft Violet Blue, неопудренные, текстурированные, М, Германия, уп.50 пар/кор.10уп	Лабораторная посуда и принадлежности прочие/Перчатки нитриловые	500	4036534642702	https://minimed.ru/product/4179/	minimed.ru
	Перчатка смотровые одноразовые нестерильная НИТРИЛОВЫЕ SFM Supersoft Violet Blue, неопудренные, текстурированные, L, Германия, уп.100 пар/кор.10уп	Лабораторная посуда и принадлежности прочие/Перчатки нитриловые	1000	4036534026229	https://minimed.ru/product/4155/	minimed.ru
	Перчатка смотровые одноразовые нестерильная НИТРИЛОВЫЕ SFM Supersoft Violet Blue, неопудренные, текстурированные, XL, Германия, уп.100 пар/кор.10уп	Лабораторная посуда и принадлежности прочие/Перчатки нитриловые	1000	4036534927250	https://minimed.ru/product/4154/	minimed.ru

Лабораторная посуда и принадлежности прочие/Перчатки сверхпрочные						
	Перчатка смотровые одноразовые нестерильная латексные SFM®: неопудренные, текстурированные,особо прочные, S, Германия, уп.25 пар/кор.10уп	Лабораторная посуда и принадлежности прочие/Перчатки сверхпрочные	800	4036534460207	https://minimed.ru/product/4156/	minimed.ru
	Перчатка смотровые одноразовые нестерильная латексные SFM®: неопудренные, текстурированные,особо прочные, S, ULTRA, Германия, уп.25 пар/кор.10уп	Лабораторная посуда и принадлежности прочие/Перчатки сверхпрочные	1091	4036534475454	https://minimed.ru/product/4157/	minimed.ru
	Перчатка смотровые одноразовые нестерильная латексные SFM®: неопудренные, текстурированные,особо прочные, М, Германия, уп.25 пар/кор.10уп	Лабораторная посуда и принадлежности прочие/Перчатки сверхпрочные	800	4036534461204	https://minimed.ru/product/4158/	minimed.ru
	Перчатка смотровые одноразовые нестерильная латексные SFM®: неопудренные, текстурированные,особо прочные, М, ULTRA, Германия, уп.25 пар/кор.10уп	Лабораторная посуда и принадлежности прочие/Перчатки сверхпрочные	900	4036534476451-1	https://minimed.ru/product/4159/	minimed.ru
	Перчатка смотровые одноразовые нестерильная латексные SFM®: неопудренные, текстурированные,особо прочные, L, Германия, уп.25 пар/кор.10уп	Лабораторная посуда и принадлежности прочие/Перчатки сверхпрочные	800	4036534462201	https://minimed.ru/product/4160/	minimed.ru
	Перчатка смотровые одноразовые нестерильная латексные SFM®: неопудренные, текстурированные,особо прочные, XL, Германия, уп.25 пар/кор.10уп	Лабораторная посуда и принадлежности прочие/Перчатки сверхпрочные	800	4036534463208	https://minimed.ru/product/4161/	minimed.ru

Лабораторная посуда и принадлежности прочие/Перчатки смотровые						
	Перчатка смотровые латексные опудренные гладкие нестерильная MiniMax р. S, уп.50пар/кор.10уп	Лабораторная посуда и принадлежности прочие/Перчатки смотровые	727	4603732050624	https://minimed.ru/product/4162/	minimed.ru
	Перчатка смотровые латексные опудренные гладкие нестерильная MiniMax р. M, уп.50пар/кор.10уп	Лабораторная посуда и принадлежности прочие/Перчатки смотровые	727	4603732050648	https://minimed.ru/product/4163/	minimed.ru
	Перчатка смотровые латексные опудренные гладкие нестерильная MiniMax р. L, уп. 50 пар/кор.10уп	Лабораторная посуда и принадлежности прочие/Перчатки смотровые	727	4603732050662	https://minimed.ru/product/4164/	minimed.ru
	Перчатка смотровые латексные опудренные, нестерильная MiniMax р. XL, уп. 50 пар/кор.10уп	Лабораторная посуда и принадлежности прочие/Перчатки смотровые	727	4603732050686	https://minimed.ru/product/4165/	minimed.ru

Лабораторная посуда и принадлежности прочие/Перчатки резиновые технические КЩС						
	Перчатка резиновая техн. 20 тип1, р-р L, инд.уп.	Лабораторная посуда и принадлежности прочие/Перчатки резиновые технические КЩС	238	18001427	https://minimed.ru/product/3950/	minimed.ru

Лабораторная посуда и принадлежности прочие/Петледержатели						
	Держатель цанговый для микробиологических петель, уп.20шт.	Лабораторная посуда и принадлежности прочие/Петледержатели	1227	12007338	https://minimed.ru/product/1301/	minimed.ru

Лабораторная посуда и принадлежности прочие/Петли микробиологические						
	Набор петель м/б ( от 0 до 5 мм), набор 6 шт.	Лабораторная посуда и принадлежности прочие/Петли микробиологические	260	12007300	https://minimed.ru/product/1104/	minimed.ru
	Петля м/б диам. 0 мм,уп.5шт.	Лабораторная посуда и принадлежности прочие/Петли микробиологические	44	12007325	https://minimed.ru/product/1315/	minimed.ru
	Петля м/б нихромовая диам. 1 мм,уп.5шт.	Лабораторная посуда и принадлежности прочие/Петли микробиологические	44	12007302	https://minimed.ru/product/1316/	minimed.ru
	Петля м/б нихромовая диам. 2 мм, уп. 5шт	Лабораторная посуда и принадлежности прочие/Петли микробиологические	44	12007304	https://minimed.ru/product/1317/	minimed.ru
	Петля м/б нихромовая диам. 3 мм,уп.5шт	Лабораторная посуда и принадлежности прочие/Петли микробиологические	44	12007307	https://minimed.ru/product/1318/	minimed.ru
	Петля м/б нихромовая диам. 4 мм,уп.5шт.	Лабораторная посуда и принадлежности прочие/Петли микробиологические	44	12007323	https://minimed.ru/product/1319/	minimed.ru
	Петля м/б нихромовая диам. 5 мм, уп.5 шт	Лабораторная посуда и принадлежности прочие/Петли микробиологические	7	12007308	https://minimed.ru/product/2980/	minimed.ru
	Петля м/б нихромовая диам. 5 мм,уп.5шт.	Лабораторная посуда и принадлежности прочие/Петли микробиологические	44	12007309	https://minimed.ru/product/1320/	minimed.ru

Лабораторная посуда и принадлежности прочие/Петли микробиологические с алюминиевым держателем						
	Петля микробиологическая №0 из нихрома с держателем (герметично упакована в пакет для стерилизации)	Лабораторная посуда и принадлежности прочие/Петли микробиологические с алюминиевым держателем	134	12007729	https://minimed.ru/product/3682/	minimed.ru
	Петля м/б с держателем из алюминиевого сплава № 1, уп 2шт	Лабораторная посуда и принадлежности прочие/Петли микробиологические с алюминиевым держателем	134	12007314	https://minimed.ru/product/1321/	minimed.ru
	Петля м/б с держателем из алюминиевого сплава № 2, уп. 2шт	Лабораторная посуда и принадлежности прочие/Петли микробиологические с алюминиевым держателем	134	12007328	https://minimed.ru/product/1322/	minimed.ru
	Петля м/б с держателем из алюминиевого сплава № 3, уп 2 шт	Лабораторная посуда и принадлежности прочие/Петли микробиологические с алюминиевым держателем	134	12007327	https://minimed.ru/product/1323/	minimed.ru
	Петля м/б с держателем из алюминиевого сплава №4, уп 2 шт.	Лабораторная посуда и принадлежности прочие/Петли микробиологические с алюминиевым держателем	134	12007317	https://minimed.ru/product/1324/	minimed.ru
	Петля м/б с держателем из алюминиевого сплава № 5, уп 2 шт.	Лабораторная посуда и принадлежности прочие/Петли микробиологические с алюминиевым держателем	134	12007329	https://minimed.ru/product/1325/	minimed.ru

Лабораторная посуда и принадлежности прочие/Петли ректальные						
	Петля ректальная изогнутая алюминиевый сплав, уп,5 шт, Бактер	Лабораторная посуда и принадлежности прочие/Петли ректальные	79	12007326	https://minimed.ru/product/1326/	minimed.ru
	Петля ректальная прямая крученая алюминиевый сплав, уп,5 шт, Бактер	Лабораторная посуда и принадлежности прочие/Петли ректальные	77	12007333	https://minimed.ru/product/1327/	minimed.ru
	Петля ректальная прямая пластиковая (автоклавируется), н/стер., уп,5 шт, Бактер	Лабораторная посуда и принадлежности прочие/Петли ректальные	80	12007332	https://minimed.ru/product/1328/	minimed.ru
	Петля ректальная прямая пластиковая с конусной силиконовой пробкой № 14 (БС) с каналом, уп.50шт	Лабораторная посуда и принадлежности прочие/Петли ректальные	185	12007335	https://minimed.ru/product/1329/	minimed.ru
	Петля ректальная прямая цельнометаллическая алюминиевый сплав, уп,5 шт, Бактер	Лабораторная посуда и принадлежности прочие/Петли ректальные	77	12007331	https://minimed.ru/product/1330/	minimed.ru

Лабораторная посуда и принадлежности прочие/Пинцеты анатомические общего назначения						
	Пинцет анатомический общего назначения нагартованный холодной штамповкой 150*2,5мм ПАи-"МИЗ-В"	Лабораторная посуда и принадлежности прочие/Пинцеты анатомические общего назначения	670	12011203	https://minimed.ru/product/1341/	minimed.ru
	Пинцет анатомический общего назначения 200*2,5мм ПАон-"МИЗ-В"	Лабораторная посуда и принадлежности прочие/Пинцеты анатомические общего назначения	970	12011204	https://minimed.ru/product/1342/	minimed.ru
	Пинцет анатомический общего назначения *2,5мм	Лабораторная посуда и принадлежности прочие/Пинцеты анатомические общего назначения	970	12011202	https://minimed.ru/product/1343/	minimed.ru

Лабораторная посуда и принадлежности прочие/Прихватки для горячих предметов, Kartell						
	Прихватка для горячих предметов до 250°С, инд.уп./60 шт	Лабораторная посуда и принадлежности прочие/Прихватки для горячих предметов, Kartell	455	12009009	https://minimed.ru/product/3693/	minimed.ru

Лабораторная посуда и принадлежности прочие/Пробки ватно-марлевые						
ПБ-14	Пробка ватно-марлевая для пробирок, нестерил, 100шт/уп	Лабораторная посуда и принадлежности прочие/Пробки ватно-марлевые	3730	12003083	https://minimed.ru/product/4073/	minimed.ru
ПБ-14	Пробка ватно-марлевая для пробирок, нестерил, 500шт/уп	Лабораторная посуда и принадлежности прочие/Пробки ватно-марлевые	16803	12002942	https://minimed.ru/product/1911/	minimed.ru

Лабораторная посуда и принадлежности прочие/Пробки резиновые						
	Пробка резиновая (к СОЭ-метру), уп. 100шт	Лабораторная посуда и принадлежности прочие/Пробки резиновые	2	12002907	https://minimed.ru/product/1904/	minimed.ru
	Пробка резиновая тип 4Ц (исп.2)	Лабораторная посуда и принадлежности прочие/Пробки резиновые	10	12004910	https://minimed.ru/product/4067/	minimed.ru
	Пробка резиновая тип 4Ц (исп.2), уп.500 шт	Лабораторная посуда и принадлежности прочие/Пробки резиновые	8	12004909	https://minimed.ru/product/4109/	minimed.ru
	Пробка резиновая конусная № 5, уп.100шт	Лабораторная посуда и принадлежности прочие/Пробки резиновые	3	12008003	https://minimed.ru/product/3889/	minimed.ru
	Пробка резиновая конусная № 7,5, уп.100шт	Лабораторная посуда и принадлежности прочие/Пробки резиновые	3	12007978	https://minimed.ru/product/4028/	minimed.ru
	Пробка резиновая конусная № 10, уп. 100шт	Лабораторная посуда и принадлежности прочие/Пробки резиновые	6	12007979	https://minimed.ru/product/3890/	minimed.ru
	Пробка резиновая конусная № 12,5, уп. 100шт	Лабораторная посуда и принадлежности прочие/Пробки резиновые	7	12007980	https://minimed.ru/product/3891/	minimed.ru
	Пробка резиновая конусная № 14,5, уп.50/100шт	Лабораторная посуда и принадлежности прочие/Пробки резиновые	9	12008004	https://minimed.ru/product/3892/	minimed.ru
	Пробка резиновая конусная № 16, уп.50 шт/100шт.	Лабораторная посуда и принадлежности прочие/Пробки резиновые	14	12008005	https://minimed.ru/product/3893/	minimed.ru
	Пробка резиновая конусная № 19,уп.50/100шт.	Лабораторная посуда и принадлежности прочие/Пробки резиновые	17	12008006	https://minimed.ru/product/3894/	minimed.ru
	Пробка резиновая конусная № 21,5, уп.50шт	Лабораторная посуда и принадлежности прочие/Пробки резиновые	24	12007981	https://minimed.ru/product/3895/	minimed.ru
	Пробка резиновая конусная № 24, уп.10шт	Лабораторная посуда и принадлежности прочие/Пробки резиновые	30	12008007	https://minimed.ru/product/3896/	minimed.ru
	Пробка резиновая конусная № 29, уп. 10шт	Лабораторная посуда и принадлежности прочие/Пробки резиновые	48	12008008	https://minimed.ru/product/3897/	minimed.ru
	Пробка резиновая конусная № 34,5, уп.10шт	Лабораторная посуда и принадлежности прочие/Пробки резиновые	51	12007982	https://minimed.ru/product/3898/	minimed.ru
	Пробка резиновая конусная № 40, уп.10шт	Лабораторная посуда и принадлежности прочие/Пробки резиновые	89	12008009	https://minimed.ru/product/3899/	minimed.ru
	Пробка резиновая конусная № 45, уп.10шт	Лабораторная посуда и принадлежности прочие/Пробки резиновые	139	12008010	https://minimed.ru/product/3900/	minimed.ru
	Пробка резиновая конусная № 50, уп.10шт	Лабораторная посуда и принадлежности прочие/Пробки резиновые	222	12008011	https://minimed.ru/product/3901/	minimed.ru
	Пробка резиновая конусная № 60, уп.5шт	Лабораторная посуда и принадлежности прочие/Пробки резиновые	294	12007983	https://minimed.ru/product/3902/	minimed.ru
	Пробка резиновая конусная № 85, уп.5шт	Лабораторная посуда и принадлежности прочие/Пробки резиновые	672	12008012	https://minimed.ru/product/3903/	minimed.ru
	Пробка резиновая конусная №100, уп.5шт	Лабораторная посуда и принадлежности прочие/Пробки резиновые	980	12007984	https://minimed.ru/product/3904/	minimed.ru
1-1	Пробка резиновая тип д/пеницил.фл., уп.250шт/2000шт	Лабораторная посуда и принадлежности прочие/Пробки резиновые	2	12002949	https://minimed.ru/product/1955/	minimed.ru
	Пробка резиновая д/инсулиновых флаконов, уп.1000шт	Лабораторная посуда и принадлежности прочие/Пробки резиновые	1	12002950	https://minimed.ru/product/1956/	minimed.ru

Лабораторная посуда и принадлежности прочие/Пробки резиновые с отверстиями, Kartell						
	Пробка коническая с 1 отверстием,резиновая,12/9 мм, h-18мм, Кartell, уп.25шт	Лабораторная посуда и принадлежности прочие/Пробки резиновые с отверстиями, Kartell	32	12009328	https://minimed.ru/product/1912/	minimed.ru
	Пробка коническая с 1 отверстием,резиновая,14/11 мм, h-18мм, Кartell, уп.25шт	Лабораторная посуда и принадлежности прочие/Пробки резиновые с отверстиями, Kartell	38	12009043	https://minimed.ru/product/1913/	minimed.ru
	Пробка коническая с 1 отверстием,резиновая,16/12 мм, h-20мм, Кartell, уп.25шт	Лабораторная посуда и принадлежности прочие/Пробки резиновые с отверстиями, Kartell	44	12009335	https://minimed.ru/product/1914/	minimed.ru
	Пробка коническая с 1 отверстием,резиновая, 18/13 мм, h-22мм, Кartell, уп.25шт	Лабораторная посуда и принадлежности прочие/Пробки резиновые с отверстиями, Kartell	64	12009321	https://minimed.ru/product/1915/	minimed.ru
	Пробка коническая с 1 отверстием,резиновая, 20/14 мм, h-24мм, уп. 25 шт, Кartell	Лабораторная посуда и принадлежности прочие/Пробки резиновые с отверстиями, Kartell	74	12009338	https://minimed.ru/product/1916/	minimed.ru
	Пробка коническая с 1 отверстием,резиновая,23/16 мм, h-26мм, Кartell, уп.25шт	Лабораторная посуда и принадлежности прочие/Пробки резиновые с отверстиями, Kartell	104	12009330	https://minimed.ru/product/1917/	minimed.ru
	Пробка коническая с 1 отверстием,резиновая,26/19 мм, h-28мм, Кartell, уп.25шт	Лабораторная посуда и принадлежности прочие/Пробки резиновые с отверстиями, Kartell	137	12009332	https://minimed.ru/product/1918/	minimed.ru
	Пробка коническая с 1 отверстием,резиновая,30/21 мм, h-29мм, Кartell, уп.25шт	Лабораторная посуда и принадлежности прочие/Пробки резиновые с отверстиями, Kartell	177	12009337	https://minimed.ru/product/1919/	minimed.ru
	Пробка коническая с 1 отверстием,резиновая,32/25 мм, h-34мм, Кartell, уп.25шт	Лабораторная посуда и принадлежности прочие/Пробки резиновые с отверстиями, Kartell	254	12009336	https://minimed.ru/product/1920/	minimed.ru
	Пробка коническая с 1 отверстием,резиновая,37/28мм, h-37мм, Кartell, уп.5 шт	Лабораторная посуда и принадлежности прочие/Пробки резиновые с отверстиями, Kartell	372	12009066	https://minimed.ru/product/1921/	minimed.ru
	Пробка коническая с 1 отверстием,резиновая,42/32мм, h-41мм, Кartell, уп.5 шт	Лабораторная посуда и принадлежности прочие/Пробки резиновые с отверстиями, Kartell	546	12009137	https://minimed.ru/product/1922/	minimed.ru
	Пробка коническая с 1 отверстием,резиновая,45/34мм, h-45мм, Кartell, уп.5 шт	Лабораторная посуда и принадлежности прочие/Пробки резиновые с отверстиями, Kartell	579	12009422	https://minimed.ru/product/1923/	minimed.ru
	Пробка коническая с 1 отверстием,резиновая,48/37 мм, h-50мм, Кartell, уп.5 шт	Лабораторная посуда и принадлежности прочие/Пробки резиновые с отверстиями, Kartell	725	12009331	https://minimed.ru/product/1924/	minimed.ru
	Пробка коническая с 1 отверстием,резиновая,54/41 мм, h-53мм, Кartell, уп.5 шт	Лабораторная посуда и принадлежности прочие/Пробки резиновые с отверстиями, Kartell	968	12009379	https://minimed.ru/product/1925/	minimed.ru
	Пробка коническая с 1 отверстием,резиновая,60/43 мм, h-60мм, Кartell, уп.5 шт	Лабораторная посуда и принадлежности прочие/Пробки резиновые с отверстиями, Kartell	1156	12009339	https://minimed.ru/product/1926/	minimed.ru
	Пробка коническая с 2-мя отверст.,резиновая, 20/14 мм, h-24мм, Кartell, уп.25 шт	Лабораторная посуда и принадлежности прочие/Пробки резиновые с отверстиями, Kartell	67	12009322	https://minimed.ru/product/1927/	minimed.ru
	Пробка коническая с 2-мя отверст.,резиновая, 23/16 мм, h-26мм, Кartell, уп.25 шт	Лабораторная посуда и принадлежности прочие/Пробки резиновые с отверстиями, Kartell	89	12009341	https://minimed.ru/product/1928/	minimed.ru
	Пробка коническая с 2-мя отверст.,резиновая, 26/19 мм, h-28мм, Кartell, уп.25 шт	Лабораторная посуда и принадлежности прочие/Пробки резиновые с отверстиями, Kartell	135	12009342	https://minimed.ru/product/1929/	minimed.ru
	Пробка коническая с 2-мя отверст.,резиновая, 30/21 мм, h-29мм, Кartell, уп.25 шт	Лабораторная посуда и принадлежности прочие/Пробки резиновые с отверстиями, Kartell	175	12009343	https://minimed.ru/product/1930/	minimed.ru
	Пробка коническая с 2-мя отверст.,резиновая,32/25 мм, h -34мм, Кartell, уп.25 шт	Лабораторная посуда и принадлежности прочие/Пробки резиновые с отверстиями, Kartell	254	12009056	https://minimed.ru/product/1931/	minimed.ru
	Пробка коническая с 2-мя отверст.,резиновая,37/28 мм, h -37мм, Кartell, уп.5 шт	Лабораторная посуда и принадлежности прочие/Пробки резиновые с отверстиями, Kartell	454	12009333	https://minimed.ru/product/1932/	minimed.ru
	Пробка коническая с 2-мя отверст.,резиновая,42/32 мм, h -41мм, Кartell, уп.5 шт	Лабораторная посуда и принадлежности прочие/Пробки резиновые с отверстиями, Kartell	543	12009334	https://minimed.ru/product/1933/	minimed.ru
	Пробка коническая с 2-мя отверст.,резиновая,45/34 мм, h -45мм, Кartell, уп.5 шт	Лабораторная посуда и принадлежности прочие/Пробки резиновые с отверстиями, Kartell	541	12009323	https://minimed.ru/product/1934/	minimed.ru
	Пробка коническая с 2-мя отверст.,резиновая,48/37 мм, h-50мм, Кartell, уп.5 шт	Лабораторная посуда и принадлежности прочие/Пробки резиновые с отверстиями, Kartell	542	12009344	https://minimed.ru/product/1935/	minimed.ru
	Пробка коническая с 2-мя отверст.,резиновая,54/41 мм, h-53 мм, Кartell, уп.5 шт	Лабораторная посуда и принадлежности прочие/Пробки резиновые с отверстиями, Kartell	712	12009345	https://minimed.ru/product/1936/	minimed.ru
	Пробка коническая с 2-мя отверст.,резиновая,60/43 мм, h-60мм, Кartell, уп.5 шт	Лабораторная посуда и принадлежности прочие/Пробки резиновые с отверстиями, Kartell	977	12009346	https://minimed.ru/product/1937/	minimed.ru

Лабораторная посуда и принадлежности прочие/Пробки силиконовые						
	Пробка силиконовая №12 конусная без канала, белая, уп.100 шт	Лабораторная посуда и принадлежности прочие/Пробки силиконовые	62	12007928	https://minimed.ru/product/3065/	minimed.ru
	Пробка силиконовая №14 конусная с каналом, белая, уп.100 шт	Лабораторная посуда и принадлежности прочие/Пробки силиконовые	67	12007879	https://minimed.ru/product/1958/	minimed.ru
	Пробка силиконовая №14 конусная с каналом, прозрачная, уп.100шт	Лабораторная посуда и принадлежности прочие/Пробки силиконовые	67	12002970	https://minimed.ru/product/1959/	minimed.ru
	Пробка силиконовая №14 конусная, белая, б/канала, уп.100 шт	Лабораторная посуда и принадлежности прочие/Пробки силиконовые	68	12002956	https://minimed.ru/product/1960/	minimed.ru
	Пробка силиконовая №19 конусная белая без канала, уп.100 шт	Лабораторная посуда и принадлежности прочие/Пробки силиконовые	99	12002945	https://minimed.ru/product/1962/	minimed.ru
	Пробка силиконовая №19 конусная с каналом, белая, уп.100 шт	Лабораторная посуда и принадлежности прочие/Пробки силиконовые	86	12007880	https://minimed.ru/product/1963/	minimed.ru
	Пробка силиконовая №24 конусная с каналом, белая, уп.50 шт	Лабораторная посуда и принадлежности прочие/Пробки силиконовые	197	12003090	https://minimed.ru/product/2831/	minimed.ru
	Пробка силиконовая №24 конусная без канала, уп.50 шт	Лабораторная посуда и принадлежности прочие/Пробки силиконовые	206	12002937	https://minimed.ru/product/1964/	minimed.ru
	Пробка силиконовая двухконусная №14,5 без канала белая, уп.100 шт	Лабораторная посуда и принадлежности прочие/Пробки силиконовые	86	12002982	https://minimed.ru/product/1965/	minimed.ru
	Пробка силиконовая двухконусная №14,5 с каналом белая, уп.100 шт	Лабораторная посуда и принадлежности прочие/Пробки силиконовые	84	12002919	https://minimed.ru/product/1966/	minimed.ru
	Пробка силиконовая №14,5 двухконусная с каналом и жгутом, белая,уп.100 шт	Лабораторная посуда и принадлежности прочие/Пробки силиконовые	92	12002976	https://minimed.ru/product/1961/	minimed.ru
	Пробка силиконовая двухконусная №14,5 с каналом прозрачная, уп.100 шт	Лабораторная посуда и принадлежности прочие/Пробки силиконовые	84	12002979	https://minimed.ru/product/2832/	minimed.ru
	Пробка силиконовая двухконусная №19,5 с каналом белая. уп.100 шт	Лабораторная посуда и принадлежности прочие/Пробки силиконовые	140	12003092	https://minimed.ru/product/1967/	minimed.ru

Лабораторная посуда и принадлежности прочие/Пробки целлюлозные						
5-11	Пробка целлюлозная №10 (9,5мм) стерилизуемая, автоклавируемая, газопроницаемая, уп.100шт.	Лабораторная посуда и принадлежности прочие/Пробки целлюлозные	14	12002770	https://minimed.ru/product/3363/	minimed.ru
5-12	Пробка целлюлозная №12,5 (10.,5мм) стерилизуемая, автоклавируемая, газопроницаемая, уп.100шт.	Лабораторная посуда и принадлежности прочие/Пробки целлюлозные	14	12002783	https://minimed.ru/product/3526/	minimed.ru
5-13	Пробка целлюлозная №12 (11.,5мм) стерилизуемая, автоклавируемая, газопроницаемая, уп.100шт.	Лабораторная посуда и принадлежности прочие/Пробки целлюлозные	14	12002772	https://minimed.ru/product/3364/	minimed.ru
0-14	Пробка целлюлозная №11 (12,5мм) стерилизуемая, автоклавируемая, газопроницаемая, уп.100шт.	Лабораторная посуда и принадлежности прочие/Пробки целлюлозные	14	12002771	https://minimed.ru/product/3365/	minimed.ru
5-14	Пробка целлюлозная №13 (12.,5мм) стерилизуемая, автоклавируемая, газопроницаемая, уп.100шт.	Лабораторная посуда и принадлежности прочие/Пробки целлюлозные	14	12002773	https://minimed.ru/product/3366/	minimed.ru
0-14	Пробка целлюлозная №14 (13,5мм) стерилизуемая, автоклавируемая, газопроницаемая, уп.100шт.	Лабораторная посуда и принадлежности прочие/Пробки целлюлозные	14	12002774	https://minimed.ru/product/3367/	minimed.ru
5-15	Пробка целлюлозная №15 (13. .5мм) стерилизуемая, автоклавируемая, газопроницаемая, уп.100шт.	Лабораторная посуда и принадлежности прочие/Пробки целлюлозные	14	12002776	https://minimed.ru/product/3368/	minimed.ru
0-16	Пробка целлюлозная №14,5 (14,0мм) стерилизуемая, автоклавируемая, газопроницаемая, уп.100шт.	Лабораторная посуда и принадлежности прочие/Пробки целлюлозные	14	12002775	https://minimed.ru/product/3369/	minimed.ru
5-18	Пробка целлюлозная №16 ( мм) стерилизуемая, автоклавируемая, газопроницаемая, уп.100шт.	Лабораторная посуда и принадлежности прочие/Пробки целлюлозные	16	12002777	https://minimed.ru/product/3370/	minimed.ru
5-19	Пробка целлюлозная №18Р (17,5мм) стерилизуемая, автоклавируемая, газопроницаемая, уп.100шт.	Лабораторная посуда и принадлежности прочие/Пробки целлюлозные	19	12002778	https://minimed.ru/product/3371/	minimed.ru
0-22	Пробка целлюлозная №20Р(19,5мм) стерилизуемая, автоклавируемая, газопроницаемая, уп.100шт.	Лабораторная посуда и принадлежности прочие/Пробки целлюлозные	23	12002735	https://minimed.ru/product/3473/	minimed.ru
0-22	Пробка целлюлозная №19 (19,0мм) стерилизуемая, автоклавируемая, газопроницаемая, уп.100шт.	Лабораторная посуда и принадлежности прочие/Пробки целлюлозные	28	12002779	https://minimed.ru/product/3372/	minimed.ru
0-24	Пробка целлюлозная №22L(22,0мм) стерилизуемая, автоклавируемая, газопроницаемая, уп.100шт.	Лабораторная посуда и принадлежности прочие/Пробки целлюлозные	38	12002780	https://minimed.ru/product/3373/	minimed.ru
0-27	Пробка целлюлозная №23,5Р(25,0мм) стерилизуемая, автоклавируемая, газопроницаемая, уп.100шт.	Лабораторная посуда и принадлежности прочие/Пробки целлюлозные	40	12002781	https://minimed.ru/product/3374/	minimed.ru
0-27	Пробка целлюлозная №26 (26,0мм) стерилизуемая, автоклавируемая, газопроницаемая, уп.100шт.	Лабораторная посуда и принадлежности прочие/Пробки целлюлозные	35	12002782	https://minimed.ru/product/3375/	minimed.ru
5-31	Пробка целлюлозная №29 (29,0мм) стерилизуемая, автоклавируемая, газопроницаемая, уп.50шт.	Лабораторная посуда и принадлежности прочие/Пробки целлюлозные	53	12002784	https://minimed.ru/product/3842/	minimed.ru

Лабораторная посуда и принадлежности прочие/Салфетки спиртовые						
	Салфетка антисептическая из бумажного текстилеподобного материала, стерильная "М.К.Асептика", спиртовая (70% этиловый спирт), 135*185мм	Лабораторная посуда и принадлежности прочие/Салфетки спиртовые	7	25002103	https://minimed.ru/product/3619/	minimed.ru

Лабораторная посуда и принадлежности прочие/Скальпели						
	Скальпель брюшистый средний *40 (нержавеющая сталь), н/с, уп. 10 шт	Лабораторная посуда и принадлежности прочие/Скальпели	520	25002209	https://minimed.ru/product/2045/	minimed.ru

Лабораторная посуда и принадлежности прочие/Скарификаторы						
	Скарификатор с бок.копьем,Медикон, уп. 1000шт./20 000шт	Лабораторная посуда и принадлежности прочие/Скарификаторы	1	12003007	https://minimed.ru/product/2833/	minimed.ru
	Скарификатор с центр.копьем,Медикон, уп. 1000шт.	Лабораторная посуда и принадлежности прочие/Скарификаторы	1	12003002	https://minimed.ru/product/2047/	minimed.ru

Лабораторная посуда и принадлежности прочие/Спринцовки из пластизоля						
	Спринцовка пластизольная поливинилхлоридная тип А №1 (с мягким наконечником), инд.упаковка	Лабораторная посуда и принадлежности прочие/Спринцовки из пластизоля	55	12003221	https://minimed.ru/product/2118/	minimed.ru
	Спринцовка пластизольная поливинилхлоридная тип А №3 (с мягким наконечником), инд.упаковка	Лабораторная посуда и принадлежности прочие/Спринцовки из пластизоля	80	12003222	https://minimed.ru/product/2119/	minimed.ru
	Спринцовка пластизольная поливинилхлоридная тип А №6 (с мягким наконечником), инд.упаковка	Лабораторная посуда и принадлежности прочие/Спринцовки из пластизоля	125	12003223	https://minimed.ru/product/2120/	minimed.ru
	Спринцовка пластизольная поливинилхлоридная тип А №9 (с мягким наконечником),инд.упаковка	Лабораторная посуда и принадлежности прочие/Спринцовки из пластизоля	147	12003224	https://minimed.ru/product/2121/	minimed.ru
	Спринцовка пластизольная поливинилхлоридная тип Б №1 (с одним наконечником), инд.упаковка	Лабораторная посуда и принадлежности прочие/Спринцовки из пластизоля	65	12003225	https://minimed.ru/product/2122/	minimed.ru
	Спринцовка пластизольная поливинилхлоридная тип Б №3 (с двумя наконечниками), инд.упаковка	Лабораторная посуда и принадлежности прочие/Спринцовки из пластизоля	101	12003226	https://minimed.ru/product/2123/	minimed.ru
	Спринцовка пластизольная поливинилхлоридная тип Б №6 (без наконечников), инд.уп.	Лабораторная посуда и принадлежности прочие/Спринцовки из пластизоля	104	12003227	https://minimed.ru/product/2124/	minimed.ru
	Спринцовка пластизольная поливинилхлоридная тип Б №6 (с двумя наконечниками), инд.упаковка	Лабораторная посуда и принадлежности прочие/Спринцовки из пластизоля	140	12003228	https://minimed.ru/product/2125/	minimed.ru
	Спринцовка пластизольная поливинилхлоридная тип Б №8 (с двумя наконечниками), инд.упаковка	Лабораторная посуда и принадлежности прочие/Спринцовки из пластизоля	153	12003229	https://minimed.ru/product/2126/	minimed.ru
	Спринцовка пластизольная поливинилхлоридная тип Б №9 (с двумя наконечниками), инд.упаковка	Лабораторная посуда и принадлежности прочие/Спринцовки из пластизоля	175	12003250	https://minimed.ru/product/2127/	minimed.ru
	Спринцовка пластизольная поливинилхлоридная тип Б №15 (с двумя наконечниками), инд.упаковка	Лабораторная посуда и принадлежности прочие/Спринцовки из пластизоля	228	12003251	https://minimed.ru/product/2128/	minimed.ru

Лабораторная посуда и принадлежности прочие/Спринцовки резиновые						
	Спринцовка резиновая тип А № 0	Лабораторная посуда и принадлежности прочие/Спринцовки резиновые	49	12003212	https://minimed.ru/product/2129/	minimed.ru
	Спринцовка резиновая № 1, тип А	Лабораторная посуда и принадлежности прочие/Спринцовки резиновые	72	12003213	https://minimed.ru/product/2130/	minimed.ru
	Спринцовка резиновая № 1,тип Б	Лабораторная посуда и принадлежности прочие/Спринцовки резиновые	62	12003214	https://minimed.ru/product/2132/	minimed.ru
	Спринцовка резиновая тип А № 3	Лабораторная посуда и принадлежности прочие/Спринцовки резиновые	123	12003215	https://minimed.ru/product/2134/	minimed.ru

Лабораторная посуда и принадлежности прочие/Стеклограф						
	Маркер перманентный зелёный, шир.линии 1 мм, Centropen, уп.10 шт.	Лабораторная посуда и принадлежности прочие/Стеклограф	94	12003808	https://minimed.ru/product/2259/	minimed.ru
	Маркер перманентный красный, шир.линии 1 мм, Centropen, уп.10 шт.	Лабораторная посуда и принадлежности прочие/Стеклограф	94	12003807	https://minimed.ru/product/2260/	minimed.ru
	Маркер перманентный синий, шир.линии 1 мм, Centropen, уп.10 шт.	Лабораторная посуда и принадлежности прочие/Стеклограф	92	12003805	https://minimed.ru/product/2261/	minimed.ru
	Маркер перманентный черный, шир.линии 1 мм, Centropen, уп.10 шт.	Лабораторная посуда и принадлежности прочие/Стеклограф	94	12003806	https://minimed.ru/product/2262/	minimed.ru
	Маркер перманентный зеленый, шир.линии 2,5 мм, Centropen, уп.10 шт.	Лабораторная посуда и принадлежности прочие/Стеклограф	100	12003801	https://minimed.ru/product/2263/	minimed.ru
	Маркер перманентный красный, шир.линии 2,5 мм, Centropen, уп.10 шт.	Лабораторная посуда и принадлежности прочие/Стеклограф	109	12003802	https://minimed.ru/product/2264/	minimed.ru
	Маркер перманентный синий, шир.линии 2,5 мм, Centropen, уп.10 шт.	Лабораторная посуда и принадлежности прочие/Стеклограф	109	12003803	https://minimed.ru/product/2265/	minimed.ru
	Маркер перманентный черный, шир.линии 2,5 мм, Centropen, уп.10 шт.	Лабораторная посуда и принадлежности прочие/Стеклограф	109	12003804	https://minimed.ru/product/2266/	minimed.ru

Лабораторная посуда и принадлежности прочие/Сушилки для посуды						
	Панель для сушки лабораторной посуды, метал., 32 предмета, инд.уп./5 шт	Лабораторная посуда и принадлежности прочие/Сушилки для посуды	3476	12011380	https://minimed.ru/product/2291/	minimed.ru
	Панель для сушки лабораторной посуды, метал., 48 предметов, инд.уп./5 шт	Лабораторная посуда и принадлежности прочие/Сушилки для посуды	3741	12011381	https://minimed.ru/product/2292/	minimed.ru
	Поддон для панели сушки лабораторной посуды на 32 и 48 предметов, 33*14, п/с, инд.уп.	Лабораторная посуда и принадлежности прочие/Сушилки для посуды	397	12011383	https://minimed.ru/product/3717/	minimed.ru
	Сушилка для лабораторной посуды, п/с,450*630*110мм, на 72 предм.,Kartell, уп.1шт	Лабораторная посуда и принадлежности прочие/Сушилки для посуды	17750	12011321	https://minimed.ru/product/2290/	minimed.ru

Лабораторная посуда и принадлежности прочие/Тампон-зонды						
	Зонд-тампон для отбора, транспорт. и хранения биолог. проб,вискоза+алюминий,стерильн.,0,9*147 мм, инд.уп/уп.500/3000, Аптака	Лабораторная посуда и принадлежности прочие/Тампон-зонды	36	18000760	https://minimed.ru/product/2297/	minimed.ru
	Тампон-зонд нестерильный, зонд дерево, тампон вискоза, уп.100/20тыс.шт	Лабораторная посуда и принадлежности прочие/Тампон-зонды	1	18000818	https://minimed.ru/product/3330/	minimed.ru
	Тампон-зонд стерильный, зонд деревянный, тампон вискозный, 150мм, инд.уп./100штт/5000	Лабораторная посуда и принадлежности прочие/Тампон-зонды	2	18000819	https://minimed.ru/product/3260/	minimed.ru
	Тампон-зонд нестерильный, зонд полипропилен, тампон вискоза, уп.100/4000шт	Лабораторная посуда и принадлежности прочие/Тампон-зонды	1	18000820	https://minimed.ru/product/3843/	minimed.ru
	Тампон-зонд стерильный, зонд пластиковый (полипропилен), тампон вискозный, 150мм, инд.уп./100/3000 шт	Лабораторная посуда и принадлежности прочие/Тампон-зонды	2	18000821	https://minimed.ru/product/3905/	minimed.ru
	Тампон-зонд нестерильный, зонд дерево, тампон хлопок, уп.100/ кор.20 000 шт.	Лабораторная посуда и принадлежности прочие/Тампон-зонды	1	18000822	https://minimed.ru/product/3261/	minimed.ru
	Тампон-зонд стерильный, зонд деревянный, тампон хлопковый, 150мм, инд.уп./100/5000 шт	Лабораторная посуда и принадлежности прочие/Тампон-зонды	2	18000823	https://minimed.ru/product/3315/	minimed.ru
	Тампон-зонд нестерильный, зонд полипропилен, тампон хлопок, уп.100 шт	Лабораторная посуда и принадлежности прочие/Тампон-зонды	1	18000824	https://minimed.ru/product/3740/	minimed.ru
	Тампон-зонд стерильный, зонд пластиковый (полипропилен), тампон хлопковый, 150мм, инд.уп./100/3000 шт	Лабораторная посуда и принадлежности прочие/Тампон-зонды	2	18000825	https://minimed.ru/product/3642/	minimed.ru

Лабораторная посуда и принадлежности прочие/Пробирки полимерные с наполнителем						
	Тампон-зонд стерильный в пробирке, зонд деревянный, тампон вискозный, 12*175мм, инд.уп./100/2000 шт	Лабораторная посуда и принадлежности прочие/Пробирки полимерные с наполнителем	10	18000791	https://minimed.ru/product/3660/	minimed.ru
	Тампон-зонд стерильный в пробирке, зонд деревянный, тампон вискозный, 12*175мм, уп.100/2000 шт	Лабораторная посуда и принадлежности прочие/Пробирки полимерные с наполнителем	7	18000793	https://minimed.ru/product/3601/	minimed.ru
	Тампон-зонд стерильный в пробирке, зонд пластиковый (полипропилен), тампон вискозный, 12*175мм, инд.уп./100/2000 шт	Лабораторная посуда и принадлежности прочие/Пробирки полимерные с наполнителем	10	18000796	https://minimed.ru/product/3661/	minimed.ru
	Тампон-зонд стерильный в пробирке, зонд пластиковый (полипропилен), тампон вискозный, 12*175мм, уп.20/200/2000 шт	Лабораторная посуда и принадлежности прочие/Пробирки полимерные с наполнителем	8	18000797	https://minimed.ru/product/3662/	minimed.ru
	Тампон-зонд стерильный в пробирке, зонд пластиковый (полипропилен), тампон вискозный, 12*175мм, уп.100/2000 шт	Лабораторная посуда и принадлежности прочие/Пробирки полимерные с наполнителем	7	18000798	https://minimed.ru/product/3602/	minimed.ru
	Тампон-зонд стерильный в пробирке, зонд металлический (нержавеющая сталь), тампон вискозный, 12*175мм, инд.уп./100/2000 шт	Лабораторная посуда и принадлежности прочие/Пробирки полимерные с наполнителем	26	18000794	https://minimed.ru/product/3603/	minimed.ru
	Тампон-зонд стерильный в пробирке, зонд металлический (нержавеющая сталь), тампон вискозный, 12*175мм, уп.100/2000 шт	Лабораторная посуда и принадлежности прочие/Пробирки полимерные с наполнителем	21	18000795	https://minimed.ru/product/3604/	minimed.ru
	Тампон-зонд стерильный в пробирке, зонд деревянный, тампон хлопковый, 12*175мм, инд.уп./100/2000 шт	Лабораторная посуда и принадлежности прочие/Пробирки полимерные с наполнителем	10	18000799	https://minimed.ru/product/3605/	minimed.ru
	Тампон-зонд стерильный в пробирке, зонд деревянный, тампон хлопковый, 12*175мм, 20/200/2000 шт	Лабораторная посуда и принадлежности прочие/Пробирки полимерные с наполнителем	8	18000812	https://minimed.ru/product/3663/	minimed.ru
	Тампон-зонд стерильный в пробирке, зонд деревянный, тампон хлопковый, 12*175мм, уп.100/2000 шт	Лабораторная посуда и принадлежности прочие/Пробирки полимерные с наполнителем	7	18000813	https://minimed.ru/product/3606/	minimed.ru
	Тампон-зонд стерильный в пробирке, зонд пластиковый (полипропилен), тампон хлопковый, 12*175мм, инд.уп./100шт /2000	Лабораторная посуда и принадлежности прочие/Пробирки полимерные с наполнителем	10	18000814	https://minimed.ru/product/3607/	minimed.ru
	Тампон-зонд стерильный в пробирке, зонд пластиковый (полипропилен), тампон хлопковый, 12*175мм, 20/200/2000 шт	Лабораторная посуда и принадлежности прочие/Пробирки полимерные с наполнителем	8	18000815	https://minimed.ru/product/3631/	minimed.ru
	Тампон-зонд стерильный в пробирке, зонд пластиковый (полипропилен), тампон хлопковый, 12*175мм, уп.100/2000 шт	Лабораторная посуда и принадлежности прочие/Пробирки полимерные с наполнителем	7	18000816	https://minimed.ru/product/3608/	minimed.ru

Лабораторная посуда и принадлежности прочие/Тампон-зонды с транспортными средами, инд. уп.						
	Зонд-тампон для отбора, транспорт. и хранения биолог. проб в комплекте с пробиркой с транспорт. средой AMIES, стерильн., инд.уп./150 шт/кор.900 шт., Аптака	Лабораторная посуда и принадлежности прочие/Тампон-зонды с транспортными средами, инд. уп.	74	18000752	https://minimed.ru/product/3992/	minimed.ru
	Зонд-тампон для отбора, транспорт. и хранения биолог. проб в комплекте с пробиркой с транспорт. средой AMIES с углем,вискоза+алюминий,стерильн.,инд.уп./150/900 шт, Aptaca	Лабораторная посуда и принадлежности прочие/Тампон-зонды с транспортными средами, инд. уп.	74	18000762	https://minimed.ru/product/3993/	minimed.ru
	Зонд-тампон для отбора, транспорт. и хранения биолог. проб в комплекте с пробиркой с транспорт. средой AMIES, стерильн.,инд.уп.150 шт/кор.900 шт., Аптака	Лабораторная посуда и принадлежности прочие/Тампон-зонды с транспортными средами, инд. уп.	33	18000745	https://minimed.ru/product/3994/	minimed.ru
	Зонд-тампон для отбора, транспорт. и хранения биолог. проб в комплекте с пробиркой с транспорт. средой CARY BLAIR, стерильн.,инд.уп./150 шт./кор.900 шт.,Аптака	Лабораторная посуда и принадлежности прочие/Тампон-зонды с транспортными средами, инд. уп.	38	18000746	https://minimed.ru/product/3995/	minimed.ru
	Зонд-тампон для отбора, транспорт. и хранения биолог. проб в комплекте с пробиркой с транспорт. средой STUART, стерильн.,инд.уп./150 шт./кор.900 шт., Аптака	Лабораторная посуда и принадлежности прочие/Тампон-зонды с транспортными средами, инд. уп.	28	18000751	https://minimed.ru/product/3996/	minimed.ru
	Зонд-тампон для отбора, транспорт. и хранения биолог. проб в комплекте с пробиркой с транспорт. средой AMIES с углем, стерильн., инд.уп./150 шт./кор.900 шт.,Аптака	Лабораторная посуда и принадлежности прочие/Тампон-зонды с транспортными средами, инд. уп.	38	18000747	https://minimed.ru/product/3997/	minimed.ru
	Тампон-зонд стерильный с пробиркой с транспортной средой Эймса с углем, инд.уп./100/1000 шт	Лабораторная посуда и принадлежности прочие/Тампон-зонды с транспортными средами, инд. уп.	37	18000705	https://minimed.ru/product/4346/	minimed.ru
	Тампон-зонд стерильный с пробиркой с транспортной средой Эймса, инд. уп./100/1000 шт	Лабораторная посуда и принадлежности прочие/Тампон-зонды с транспортными средами, инд. уп.	21	18000779	https://minimed.ru/product/3320/	minimed.ru
	Тампон-зонд стерильный с пробиркой с транспортной средой Эймса с углем, инд.уп./100/1000 шт	Лабораторная посуда и принадлежности прочие/Тампон-зонды с транспортными средами, инд. уп.	21	18000778	https://minimed.ru/product/3336/	minimed.ru
	Тампон-зонд стерильный с пробиркой с транспортной средой Кэри-Блэйра, инд. уп./100шт/1000	Лабораторная посуда и принадлежности прочие/Тампон-зонды с транспортными средами, инд. уп.	21	18000775	https://minimed.ru/product/3318/	minimed.ru
	Тампон-зонд стерильный с пробиркой с транспортной средой Кэри-Блэйра с углем, инд. уп./100 шт./1000	Лабораторная посуда и принадлежности прочие/Тампон-зонды с транспортными средами, инд. уп.	21	18000776	https://minimed.ru/product/3641/	minimed.ru
	Тампон-зонд стерильный с пробиркой с транспортной средой Стюарта, инд. уп./100/1000 шт	Лабораторная посуда и принадлежности прочие/Тампон-зонды с транспортными средами, инд. уп.	21	18000777	https://minimed.ru/product/3313/	minimed.ru
	Тампон-зонд стерильный с пробиркой с транспортной средой Стюарта с углем, инд. уп./100 шт./1000	Лабораторная посуда и принадлежности прочие/Тампон-зонды с транспортными средами, инд. уп.	21	18000784	https://minimed.ru/product/3314/	minimed.ru

Лабораторная посуда и принадлежности прочие/Тампонодержатель алюминиевый с пробкой						
	Тампонодержатель алюминиевый с конусной силиконовой белой пробкой №14, шт.	Лабораторная посуда и принадлежности прочие/Тампонодержатель алюминиевый с пробкой	161	18000710	https://minimed.ru/product/2309/	minimed.ru
	Тампонодержатель алюминиевый	Лабораторная посуда и принадлежности прочие/Тампонодержатель алюминиевый с пробкой	75	18000717	https://minimed.ru/product/2312/	minimed.ru

Лабораторная посуда и принадлежности прочие/Термобумага						
	Лента тепловой регистрации для ЭКГ 57x30х12Ч наружная намотка	Лабораторная посуда и принадлежности прочие/Термобумага	155	22000314	https://minimed.ru/product/4113/	minimed.ru
	Лента тепловой регистрации для лабораторий 80*30*12Ч /ЛБД-К-И/) № 58444, рул.	Лабораторная посуда и принадлежности прочие/Термобумага	45	22000306	https://minimed.ru/product/3821/	minimed.ru
	Лента тепловой регистрации диаграмная для медицинских приборов для ЭКГ, ЭЭГ, б/хим анализаторов 110мм*30м*12мм (н) № 1973246, уп.2 рул.	Лабораторная посуда и принадлежности прочие/Термобумага	269	22000316	https://minimed.ru/product/4112/	minimed.ru

Лабораторная посуда и принадлежности прочие/Индикаторная бумага рН						
0-12	Индикаторная бумага универсальная pH, уп.100 шт	Лабораторная посуда и принадлежности прочие/Индикаторная бумага рН	305	12006807	https://minimed.ru/product/590/	minimed.ru

Лабораторная посуда и принадлежности прочие/Трубки вакуумные						
	Трубка вакуумная 5*5	Лабораторная посуда и принадлежности прочие/Трубки вакуумные	2045	12004101	https://minimed.ru/product/3408/	minimed.ru
	Трубка вакуумная 6*6	Лабораторная посуда и принадлежности прочие/Трубки вакуумные	2045	12004127	https://minimed.ru/product/2343/	minimed.ru
	Трубка вакуумная 8*5	Лабораторная посуда и принадлежности прочие/Трубки вакуумные	2045	12004106	https://minimed.ru/product/2344/	minimed.ru
	Трубка вакуумная 10*2	Лабораторная посуда и принадлежности прочие/Трубки вакуумные	1891	12004161	https://minimed.ru/product/3489/	minimed.ru
	Трубка вакуумная 10*5	Лабораторная посуда и принадлежности прочие/Трубки вакуумные	2045	12004107	https://minimed.ru/product/2346/	minimed.ru

Лабораторная посуда и принадлежности прочие/Трубки медицинские дренажные						
	Трубка мед.дренажная, d 5*1,5мм	Лабораторная посуда и принадлежности прочие/Трубки медицинские дренажные	2382	12004203	https://minimed.ru/product/2360/	minimed.ru
	Трубка мед.дренажная, d 6*1,5мм	Лабораторная посуда и принадлежности прочие/Трубки медицинские дренажные	2223	12004204	https://minimed.ru/product/2361/	minimed.ru
	Трубка мед.дренажная, d 8*1,5мм	Лабораторная посуда и принадлежности прочие/Трубки медицинские дренажные	2223	12004206	https://minimed.ru/product/2362/	minimed.ru
	Трубка мед.дренажная, d 8*2мм	Лабораторная посуда и принадлежности прочие/Трубки медицинские дренажные	2382	12004205	https://minimed.ru/product/2363/	minimed.ru

Лабораторная посуда и принадлежности прочие/Трубки медицинские соединительные						
	Трубка мед. соединительная, d 6*1,5мм	Лабораторная посуда и принадлежности прочие/Трубки медицинские соединительные	1364	12004306	https://minimed.ru/product/2353/	minimed.ru
	Трубка мед. соединительная, d 8*1,5мм	Лабораторная посуда и принадлежности прочие/Трубки медицинские соединительные	1364	12004305	https://minimed.ru/product/2354/	minimed.ru
	Трубка мед. соединительная, d 10*2мм	Лабораторная посуда и принадлежности прочие/Трубки медицинские соединительные	1364	12004301	https://minimed.ru/product/2355/	minimed.ru

Лабораторная посуда и принадлежности прочие/Трубки силиконовые						
	Трубка мед.силиконовая	Лабораторная посуда и принадлежности прочие/Трубки силиконовые	6300	12007902	https://minimed.ru/product/3410/	minimed.ru
	Трубка мед.силиконовая 3*1	Лабораторная посуда и принадлежности прочие/Трубки силиконовые	6300	12007904	https://minimed.ru/product/2366/	minimed.ru
	Трубка мед.силиконовая 4*2	Лабораторная посуда и принадлежности прочие/Трубки силиконовые	3410	12007905	https://minimed.ru/product/2367/	minimed.ru
	Трубка мед.силиконовая 5*1,5	Лабораторная посуда и принадлежности прочие/Трубки силиконовые	3410	12007906	https://minimed.ru/product/2368/	minimed.ru
	Трубка мед.силиконовая 6*1,5	Лабораторная посуда и принадлежности прочие/Трубки силиконовые	3410	12007918	https://minimed.ru/product/2369/	minimed.ru
	Трубка мед.силиконовая 6*2	Лабораторная посуда и принадлежности прочие/Трубки силиконовые	3410	12007907	https://minimed.ru/product/2370/	minimed.ru
	Трубка мед.силиконовая 8*1,5	Лабораторная посуда и принадлежности прочие/Трубки силиконовые	3410	12007917	https://minimed.ru/product/2371/	minimed.ru
	Трубка мед.силиконовая 8*2	Лабораторная посуда и принадлежности прочие/Трубки силиконовые	3410	12007908	https://minimed.ru/product/2372/	minimed.ru
	Трубка мед.силиконовая 10*1	Лабораторная посуда и принадлежности прочие/Трубки силиконовые	4370	12007915	https://minimed.ru/product/2373/	minimed.ru
	Трубка мед.силиконовая 10*2	Лабораторная посуда и принадлежности прочие/Трубки силиконовые	3410	12007900	https://minimed.ru/product/2374/	minimed.ru
	Трубка мед.силиконовая 12*2	Лабораторная посуда и принадлежности прочие/Трубки силиконовые	3410	12007914	https://minimed.ru/product/2375/	minimed.ru
	Трубка мед.силиконовая 14*2	Лабораторная посуда и принадлежности прочие/Трубки силиконовые	3410	12007901	https://minimed.ru/product/2376/	minimed.ru
	Трубка мед.силиконовая	Лабораторная посуда и принадлежности прочие/Трубки силиконовые	3410	12007927	https://minimed.ru/product/2377/	minimed.ru
	Трубка мед.силиконовая 18*2	Лабораторная посуда и принадлежности прочие/Трубки силиконовые	3410	12007909	https://minimed.ru/product/2378/	minimed.ru
	Трубка мед.силиконовая 20*3	Лабораторная посуда и принадлежности прочие/Трубки силиконовые	3410	12007903	https://minimed.ru/product/2379/	minimed.ru

Лабораторная посуда и принадлежности прочие/Укладки для лаборанта						
	Укладка для лаборанта	Лабораторная посуда и принадлежности прочие/Укладки для лаборанта	2788	12004502	https://minimed.ru/product/2380/	minimed.ru
УКП-50-1	Укладка-контейнер полимерный для доставки проб биологического материала в пробирках и флаконах "КРОНТ" в исполнении	Лабораторная посуда и принадлежности прочие/Укладки для лаборанта	4100	12004503	https://minimed.ru/product/2381/	minimed.ru
УКП-100-01	Укладка-контейнер полимерный для доставки проб биологического материала в пробирках и флаконах "КРОНТ" в исполнении	Лабораторная посуда и принадлежности прочие/Укладки для лаборанта	5440	12004518	https://minimed.ru/product/2382/	minimed.ru
	Ящик полипропиленовый, 41*21*18 см	Лабораторная посуда и принадлежности прочие/Укладки для лаборанта	1296	12004528	https://minimed.ru/product/3316/	minimed.ru

Лабораторная посуда и принадлежности прочие/Устройство для предметных стекол, Greetmed						
	Подающее устройство для предметных стекол,АБС, 1/20шт	Лабораторная посуда и принадлежности прочие/Устройство для предметных стекол, Greetmed	1366	12004420	https://minimed.ru/product/1466/	minimed.ru

Лабораторная посуда и принадлежности прочие/Фильтры зольные, черная лента						
	Фильтр зольные, черная лента d-55, уп.100 шт	Лабораторная посуда и принадлежности прочие/Фильтры зольные, черная лента	25	12004624	https://minimed.ru/product/2412/	minimed.ru
	Фильтр зольные, черная лента d-70, уп.100 шт	Лабораторная посуда и принадлежности прочие/Фильтры зольные, черная лента	29	12004622	https://minimed.ru/product/2413/	minimed.ru
	Фильтр зольные, черная лента d-90, уп. 100 шт	Лабораторная посуда и принадлежности прочие/Фильтры зольные, черная лента	50	12004626	https://minimed.ru/product/2414/	minimed.ru
	Фильтр зольные, черная лента d-110, уп. 100 шт	Лабораторная посуда и принадлежности прочие/Фильтры зольные, черная лента	68	12004623	https://minimed.ru/product/2415/	minimed.ru
	Фильтр зольные, черная лента d-125, уп. 100 шт	Лабораторная посуда и принадлежности прочие/Фильтры зольные, черная лента	95	12004625	https://minimed.ru/product/2416/	minimed.ru
	Фильтр зольные, черная лента d-150, уп. 100 шт	Лабораторная посуда и принадлежности прочие/Фильтры зольные, черная лента	142	12004621	https://minimed.ru/product/2417/	minimed.ru
d-180	Фильтр зольные, черная лента, уп. 100 шт	Лабораторная посуда и принадлежности прочие/Фильтры зольные, черная лента	204	12004643	https://minimed.ru/product/2863/	minimed.ru
d-220	Фильтр зольные, черная лента, уп. 100 шт	Лабораторная посуда и принадлежности прочие/Фильтры зольные, черная лента	371	12004646	https://minimed.ru/product/3411/	minimed.ru

Лабораторная посуда и принадлежности прочие/Фильтры обеззоленные, белая лента						
	Фильтр обеззоленные, белая лента d 55мм, уп.100шт	Лабораторная посуда и принадлежности прочие/Фильтры обеззоленные, белая лента	25	12004600	https://minimed.ru/product/2388/	minimed.ru
	Фильтр обеззоленные "Белая лента" d 70мм, уп.100шт	Лабораторная посуда и принадлежности прочие/Фильтры обеззоленные, белая лента	29	12004601	https://minimed.ru/product/2389/	minimed.ru
	Фильтр обеззоленные "Белая лента" d 90 мм, уп.100 шт	Лабораторная посуда и принадлежности прочие/Фильтры обеззоленные, белая лента	50	12004602	https://minimed.ru/product/2390/	minimed.ru
	Фильтр обеззоленные "Белая лента" d 110мм, уп. 100шт	Лабораторная посуда и принадлежности прочие/Фильтры обеззоленные, белая лента	68	12004603	https://minimed.ru/product/2391/	minimed.ru
	Фильтр обеззоленные "Белая лента" d 125мм, уп.100шт	Лабораторная посуда и принадлежности прочие/Фильтры обеззоленные, белая лента	95	12004604	https://minimed.ru/product/2392/	minimed.ru
	Фильтр обеззоленные "Белая лента" d 150мм, уп.100 шт	Лабораторная посуда и принадлежности прочие/Фильтры обеззоленные, белая лента	142	12004605	https://minimed.ru/product/2393/	minimed.ru
	Фильтр обеззоленные "Белая лента" d 180мм, уп. 100шт	Лабораторная посуда и принадлежности прочие/Фильтры обеззоленные, белая лента	204	12004606	https://minimed.ru/product/2394/	minimed.ru
	Фильтр обеззоленные "Белая лента" d 220мм, уп. 100шт	Лабораторная посуда и принадлежности прочие/Фильтры обеззоленные, белая лента	371	12004639	https://minimed.ru/product/2395/	minimed.ru

Лабораторная посуда и принадлежности прочие/Фильтры обеззоленные, желтая лента						
	Фильтр обеззоленные, желтая лента d 55, уп. 100 шт	Лабораторная посуда и принадлежности прочие/Фильтры обеззоленные, желтая лента	25	12004641	https://minimed.ru/product/2864/	minimed.ru
	Фильтр обеззоленные, желтая лента d 70, уп. 100 шт	Лабораторная посуда и принадлежности прочие/Фильтры обеззоленные, желтая лента	29	12004642	https://minimed.ru/product/2865/	minimed.ru
	Фильтр обеззоленные, желтая лента d 90, уп. 100 шт	Лабораторная посуда и принадлежности прочие/Фильтры обеззоленные, желтая лента	50	12004627	https://minimed.ru/product/2418/	minimed.ru
	Фильтр обеззоленные, желтая лента d 110, уп. 100 шт	Лабораторная посуда и принадлежности прочие/Фильтры обеззоленные, желтая лента	68	12004631	https://minimed.ru/product/2419/	minimed.ru
	Фильтр обеззоленные, желтая лента d 125, уп. 100 шт	Лабораторная посуда и принадлежности прочие/Фильтры обеззоленные, желтая лента	95	12004628	https://minimed.ru/product/2420/	minimed.ru
	Фильтр обеззоленные, желтая лента d 150, уп. 100 шт	Лабораторная посуда и принадлежности прочие/Фильтры обеззоленные, желтая лента	142	12004629	https://minimed.ru/product/2421/	minimed.ru
	Фильтр обеззоленные, желтая лента d 180, уп. 100 шт	Лабораторная посуда и принадлежности прочие/Фильтры обеззоленные, желтая лента	204	12004630	https://minimed.ru/product/2422/	minimed.ru
	Фильтр обеззоленные, желтая лента d 220, уп. 100 шт	Лабораторная посуда и принадлежности прочие/Фильтры обеззоленные, желтая лента	371	12004645	https://minimed.ru/product/3412/	minimed.ru

Лабораторная посуда и принадлежности прочие/Фильтры обеззоленные, зелёная лента						
	Фильтр обеззоленные, зелёная лента d 55мм, уп.100шт	Лабораторная посуда и принадлежности прочие/Фильтры обеззоленные, зелёная лента	25	12004632	https://minimed.ru/product/2920/	minimed.ru
	Фильтр обеззоленные, зеленая лента, d 70 мм, уп. 100шт	Лабораторная посуда и принадлежности прочие/Фильтры обеззоленные, зелёная лента	29	12004638	https://minimed.ru/product/2921/	minimed.ru
	Фильтр обеззоленные, зеленая лента, d 90 мм, уп. 100шт	Лабораторная посуда и принадлежности прочие/Фильтры обеззоленные, зелёная лента	50	12004650	https://minimed.ru/product/2922/	minimed.ru
	Фильтр обеззоленные, зелёная лента d110мм, уп.100шт	Лабораторная посуда и принадлежности прочие/Фильтры обеззоленные, зелёная лента	68	12004635	https://minimed.ru/product/2923/	minimed.ru
	Фильтр обеззоленные, зелёная лента d125мм, уп 100шт	Лабораторная посуда и принадлежности прочие/Фильтры обеззоленные, зелёная лента	95	12004636	https://minimed.ru/product/2924/	minimed.ru
	Фильтр обеззоленные, зелёная лента d 150мм, уп. 100 шт	Лабораторная посуда и принадлежности прочие/Фильтры обеззоленные, зелёная лента	142	12004633	https://minimed.ru/product/2925/	minimed.ru
	Фильтр обеззоленные, зелёная лента d 180мм, уп. 100 шт	Лабораторная посуда и принадлежности прочие/Фильтры обеззоленные, зелёная лента	204	12004634	https://minimed.ru/product/2926/	minimed.ru
	Фильтр обеззоленные, зелёная лента d 220мм, уп. 100 шт	Лабораторная посуда и принадлежности прочие/Фильтры обеззоленные, зелёная лента	371	12004644	https://minimed.ru/product/2927/	minimed.ru

Лабораторная посуда и принадлежности прочие/Фильтры обеззоленные, красная лента						
	Фильтр обеззоленные, красная лента d 55мм, уп. 100 шт	Лабораторная посуда и принадлежности прочие/Фильтры обеззоленные, красная лента	25	12004613	https://minimed.ru/product/2396/	minimed.ru
	Фильтр обеззоленные "Красная лента" d 70мм, уп. 100шт	Лабораторная посуда и принадлежности прочие/Фильтры обеззоленные, красная лента	29	12004607	https://minimed.ru/product/2397/	minimed.ru
	Фильтр обеззоленные "Красная лента" d 90 мм, уп. 100 шт	Лабораторная посуда и принадлежности прочие/Фильтры обеззоленные, красная лента	50	12004608	https://minimed.ru/product/2398/	minimed.ru
	Фильтр обеззоленные "Красная лента" d 110мм, уп. 100шт	Лабораторная посуда и принадлежности прочие/Фильтры обеззоленные, красная лента	68	12004609	https://minimed.ru/product/2399/	minimed.ru
	Фильтр обеззоленные "Красная лента" d 125мм, уп. 100 шт	Лабораторная посуда и принадлежности прочие/Фильтры обеззоленные, красная лента	95	12004610	https://minimed.ru/product/2400/	minimed.ru
	Фильтр обеззоленные "Красная лента" d 150мм, уп. 100 шт	Лабораторная посуда и принадлежности прочие/Фильтры обеззоленные, красная лента	142	12004611	https://minimed.ru/product/2401/	minimed.ru
	Фильтр обеззоленные "Красная лента" d 180мм, уп. 100 шт	Лабораторная посуда и принадлежности прочие/Фильтры обеззоленные, красная лента	204	12004612	https://minimed.ru/product/2402/	minimed.ru
	Фильтр обеззоленные "Красная лента" d 220мм, уп. 100 шт	Лабораторная посуда и принадлежности прочие/Фильтры обеззоленные, красная лента	371	12004640	https://minimed.ru/product/2403/	minimed.ru

Лабораторная посуда и принадлежности прочие/Фильтры обеззоленные, синяя лента						
	Фильтр обеззоленные, синяя лента d 55мм, уп. 100 шт	Лабораторная посуда и принадлежности прочие/Фильтры обеззоленные, синяя лента	25	12004614	https://minimed.ru/product/2404/	minimed.ru
	Фильтр обеззоленные "Синяя лента" d 70мм, уп. 100 шт	Лабораторная посуда и принадлежности прочие/Фильтры обеззоленные, синяя лента	29	12004615	https://minimed.ru/product/2405/	minimed.ru
	Фильтр обеззоленные "Синяя лента" d 90мм, уп. 100 шт	Лабораторная посуда и принадлежности прочие/Фильтры обеззоленные, синяя лента	50	12004616	https://minimed.ru/product/2406/	minimed.ru
	Фильтр обеззоленные "Синяя лента" d 110мм, уп. 100 шт	Лабораторная посуда и принадлежности прочие/Фильтры обеззоленные, синяя лента	68	12004617	https://minimed.ru/product/2407/	minimed.ru
	Фильтр обеззоленные "Синяя лента" d 125мм, уп. 100 шт	Лабораторная посуда и принадлежности прочие/Фильтры обеззоленные, синяя лента	95	12004618	https://minimed.ru/product/2408/	minimed.ru
	Фильтр обеззоленные "Синяя лента" d 150мм, уп. 100 шт	Лабораторная посуда и принадлежности прочие/Фильтры обеззоленные, синяя лента	142	12004619	https://minimed.ru/product/2409/	minimed.ru
	Фильтр обеззоленные "Синяя лента" d 180мм, уп.100 шт	Лабораторная посуда и принадлежности прочие/Фильтры обеззоленные, синяя лента	204	12004620	https://minimed.ru/product/2410/	minimed.ru
	Фильтр обеззоленные "Синяя лента" d 220мм, уп. 100 шт	Лабораторная посуда и принадлежности прочие/Фильтры обеззоленные, синяя лента	371	12004637	https://minimed.ru/product/2411/	minimed.ru

Лабораторная посуда и принадлежности прочие/Фитили						
	Фитиль для спиртовок, уп.10 шт,/ кор.(100шт.) 10 уп.	Лабораторная посуда и принадлежности прочие/Фитили	154	12007100	https://minimed.ru/product/2423/	minimed.ru

Лабораторная посуда и принадлежности прочие/Шпатели						
	Шпатель двусторонний для оттеснения языка при осмотре глотки прямой длиной 180мм	Лабораторная посуда и принадлежности прочие/Шпатели	276	12006701	https://minimed.ru/product/2837/	minimed.ru
	Шпатель бактериологический Дригальского, Бактер	Лабораторная посуда и принадлежности прочие/Шпатели	84	12006707	https://minimed.ru/product/2572/	minimed.ru
	Шпатель медицинский деревянный стерильный, 140*18*1,8 мм, инд.уп./100шт	Лабораторная посуда и принадлежности прочие/Шпатели	2	12006737	https://minimed.ru/product/4324/	minimed.ru
	Шпатель медицинский деревянный стерильный,150*18*1,8мм, инд.уп./100шт	Лабораторная посуда и принадлежности прочие/Шпатели	2	12006738	https://minimed.ru/product/4325/	minimed.ru

Лабораторная посуда и принадлежности прочие/Штатив ШФР-ММ						
4-16	Держатель для фиксации принадлежностей (лапок, колец) мм, инд.уп./10 шт	Лабораторная посуда и принадлежности прочие/Штатив ШФР-ММ	310	12005400	https://minimed.ru/product/494/	minimed.ru
	Кольцо для штатива ШФР-ММ, внутр. диам. 50±3,0 мм, инд/100 шт	Лабораторная посуда и принадлежности прочие/Штатив ШФР-ММ	455	12005420	https://minimed.ru/product/810/	minimed.ru
	Кольцо для штатива ШФР-ММ, внутр. диам. 70±3,0 мм, инд.уп.	Лабораторная посуда и принадлежности прочие/Штатив ШФР-ММ	464	12005421	https://minimed.ru/product/811/	minimed.ru
	Кольцо для штатива ШФР-ММ, внутр. диам. 90±3,0 мм, инд.уп	Лабораторная посуда и принадлежности прочие/Штатив ШФР-ММ	480	12005422	https://minimed.ru/product/809/	minimed.ru
	Лапка для штатива ШФР-ММ, инд.уп./2 шт	Лабораторная посуда и принадлежности прочие/Штатив ШФР-ММ	1283	12005414	https://minimed.ru/product/1034/	minimed.ru
	Лапка для штатива ШФР-ММ с плоским зажимом, инд.уп.	Лабораторная посуда и принадлежности прочие/Штатив ШФР-ММ	577	12005416	https://minimed.ru/product/1035/	minimed.ru
	Основание см со стержнем, уп.1/6 шт	Лабораторная посуда и принадлежности прочие/Штатив ШФР-ММ	3063	12005426	https://minimed.ru/product/1173/	minimed.ru
	Штатив лабораторный для фронтальных работ ШФР-ММ, уп.1/ кор.5 шт	Лабораторная посуда и принадлежности прочие/Штатив ШФР-ММ	6415	12005411	https://minimed.ru/product/2623/	minimed.ru

Лабораторная посуда и принадлежности прочие/Штативы металлические, кол-во гнезд/диаметр гнезд						
	Штатив для чашек Петри на 54 места металлический	Лабораторная посуда и принадлежности прочие/Штативы металлические, кол-во гнезд/диаметр гнезд	2566	12005218	https://minimed.ru/product/2622/	minimed.ru
Ш-10/30	Штатив металлический К, уп.1/15 шт	Лабораторная посуда и принадлежности прочие/Штативы металлические, кол-во гнезд/диаметр гнезд	439	12005211	https://minimed.ru/product/2624/	minimed.ru
Ш-10/43	Штатив металлический К, уп.1/10 шт	Лабораторная посуда и принадлежности прочие/Штативы металлические, кол-во гнезд/диаметр гнезд	439	12005212	https://minimed.ru/product/2625/	minimed.ru
Ш-10/60	Штатив металлический К, уп.1/5 шт	Лабораторная посуда и принадлежности прочие/Штативы металлические, кол-во гнезд/диаметр гнезд	439	12005213	https://minimed.ru/product/2626/	minimed.ru
Ш-10/18	Штатив металлический, уп.1/30 шт	Лабораторная посуда и принадлежности прочие/Штативы металлические, кол-во гнезд/диаметр гнезд	196	12005202	https://minimed.ru/product/2627/	minimed.ru
Ш-10/23	Штатив металлический, уп.1/12 шт	Лабораторная посуда и принадлежности прочие/Штативы металлические, кол-во гнезд/диаметр гнезд	293	12005203	https://minimed.ru/product/2628/	minimed.ru
Ш-10/30	Штатив металлический, уп.1/12 шт	Лабораторная посуда и принадлежности прочие/Штативы металлические, кол-во гнезд/диаметр гнезд	385	12005208	https://minimed.ru/product/2629/	minimed.ru
Ш-10/43	Штатив металлический, уп.1/5 шт	Лабораторная посуда и принадлежности прочие/Штативы металлические, кол-во гнезд/диаметр гнезд	389	12005210	https://minimed.ru/product/2630/	minimed.ru
Ш-20/18	Штатив металлический, уп.1./15 шт	Лабораторная посуда и принадлежности прочие/Штативы металлические, кол-во гнезд/диаметр гнезд	339	12005204	https://minimed.ru/product/2631/	minimed.ru
Ш-25/23	Штатив металлический, уп.1/10шт	Лабораторная посуда и принадлежности прочие/Штативы металлические, кол-во гнезд/диаметр гнезд	552	12005200	https://minimed.ru/product/2632/	minimed.ru
Ш-40/15	Штатив металлический, уп. 1/5 шт	Лабораторная посуда и принадлежности прочие/Штативы металлические, кол-во гнезд/диаметр гнезд	594	12005201	https://minimed.ru/product/2633/	minimed.ru
Ш-40/18	Штатив металлический, уп.1/5 шт	Лабораторная посуда и принадлежности прочие/Штативы металлические, кол-во гнезд/диаметр гнезд	518	12005209	https://minimed.ru/product/2634/	minimed.ru
Ш-100/15	Штатив металлический, уп.1/5 шт	Лабораторная посуда и принадлежности прочие/Штативы металлические, кол-во гнезд/диаметр гнезд	815	12005216	https://minimed.ru/product/2635/	minimed.ru
ШМБ-40/18	Штатив металлический, уп.1/4 шт	Лабораторная посуда и принадлежности прочие/Штативы металлические, кол-во гнезд/диаметр гнезд	706	12005206	https://minimed.ru/product/2636/	minimed.ru
	Штатив-рамка из нерж.стали,для 30 стёкол,26×76×2мм	Лабораторная посуда и принадлежности прочие/Штативы металлические, кол-во гнезд/диаметр гнезд	819	12005107	https://minimed.ru/product/2656/	minimed.ru
	Штатив-рамка из нерж.стали,для 60 стёкол,26×76×2мм	Лабораторная посуда и принадлежности прочие/Штативы металлические, кол-во гнезд/диаметр гнезд	1093	12005217	https://minimed.ru/product/2657/	minimed.ru

Лабораторная посуда и принадлежности прочие/Щетки для мытья рук						
	Щетка на деревянном основании, 1с17, уп.1шт	Лабораторная посуда и принадлежности прочие/Щетки для мытья рук	127	18000101	https://minimed.ru/product/2658/	minimed.ru
	Щетка пластиковая в блистерной упаковке, инд.уп./300 шт	Лабораторная посуда и принадлежности прочие/Щетки для мытья рук	68	18000103	https://minimed.ru/product/2659/	minimed.ru

Лабораторная посуда и принадлежности прочие/Щипцы тигельные						
	Щипцы лабораторная тигельные из нержавеющей стали и нарезками на рабочей части створок., 21см.	Лабораторная посуда и принадлежности прочие/Щипцы тигельные	1380	21003501	https://minimed.ru/product/2734/	minimed.ru

Лабораторное оборудование/Аквадистилляторы						
	Аквадистиллятор АЭ- 4	Лабораторное оборудование/Аквадистилляторы	71400	21000041	https://minimed.ru/product/2840/	minimed.ru
АЭ-10	Аквадистиллятор	Лабораторное оборудование/Аквадистилляторы	88850	21000042	https://minimed.ru/product/2841/	minimed.ru
АЭ-15	Аквадистиллятор	Лабораторное оборудование/Аквадистилляторы	95200	21000043	https://minimed.ru/product/2842/	minimed.ru
АЭ-25	Аквадистиллятор	Лабораторное оборудование/Аквадистилляторы	122300	21000003	https://minimed.ru/product/2843/	minimed.ru

Лабораторное оборудование/Бани лабораторные						
	Баня лабораторная водяная 1-местная без электрической плитки	Лабораторное оборудование/Бани лабораторные	2664	21001306	https://minimed.ru/product/329/	minimed.ru
	Баня лабораторная водяная 1-местная с электрической плиткой	Лабораторное оборудование/Бани лабораторные	3595	21001307	https://minimed.ru/product/330/	minimed.ru
	Баня лабораторная водяная для жиромеров без электрической плитки	Лабораторное оборудование/Бани лабораторные	2934	21001302	https://minimed.ru/product/331/	minimed.ru
	Баня лабораторная комбинированная БКЛ	Лабораторное оборудование/Бани лабораторные	4816	21001310	https://minimed.ru/product/332/	minimed.ru
	Баня лабораторная песочная без электрической плитки	Лабораторное оборудование/Бани лабораторные	1598	21001643	https://minimed.ru/product/333/	minimed.ru
	Баня лабораторная песочная с электрической плиткой	Лабораторное оборудование/Бани лабораторные	2759	21001672	https://minimed.ru/product/334/	minimed.ru
	Песок кварцевый для песочной бани, 1 кг	Лабораторное оборудование/Бани лабораторные	234	25002220	https://minimed.ru/product/3017/	minimed.ru

Лабораторное оборудование/Гигрометры психрометрические						
ВИТ-1	Гигрометр психр. (0...25)	Лабораторное оборудование/Гигрометры психрометрические	2254	21001500	https://minimed.ru/product/478/	minimed.ru
ВИТ-2	Гигрометр психр. (15...40)	Лабораторное оборудование/Гигрометры психрометрические	2254	21001501	https://minimed.ru/product/479/	minimed.ru
ТМФЦ-99	Гигрометр электронный "Фармацевт"	Лабораторное оборудование/Гигрометры психрометрические	1566	21001507	https://minimed.ru/product/4083/	minimed.ru
ВИТ-1	Фитиль для гигрометра, уп.10шт	Лабораторное оборудование/Гигрометры психрометрические	254	12007181	https://minimed.ru/product/3036/	minimed.ru

Лабораторное оборудование/Дозаторы переменного объема DLAB HiPette						
5-10	Пипетка-дозатор механический 1-канальный переменного объёма 0, мкл DLAB HiPette	Лабораторное оборудование/Дозаторы переменного объема DLAB HiPette	9360	12002757	https://minimed.ru/product/4069/	minimed.ru
	Пипетка-дозатор механический 1-канальный переменного объёма 20-200мкл DLAB HiPette	Лабораторное оборудование/Дозаторы переменного объема DLAB HiPette	9360	12002758	https://minimed.ru/product/4070/	minimed.ru
	Пипетка-дозатор механический 1-канальный переменного объёма 30-300мкл DLAB HiPette, поверка ФГИС «Аршин»	Лабораторное оборудование/Дозаторы переменного объема DLAB HiPette	8800	12002759	https://minimed.ru/product/4080/	minimed.ru

Лабораторное оборудование/Дозаторы переменного объема DLAB TopPette						
5-10	Пипетка-дозатор механический переменного объёма 1-канальный TopPette 0, мкл DLAB, поверка ФГИС «Аршин»	Лабораторное оборудование/Дозаторы переменного объема DLAB TopPette	4000	12002761	https://minimed.ru/product/4077/	minimed.ru
5-50	Пипетка-дозатор механический переменного объёма 1-канальный TopPette мкл DLAB, поверка ФГИС «Аршин»	Лабораторное оборудование/Дозаторы переменного объема DLAB TopPette	4000	12005711	https://minimed.ru/product/4078/	minimed.ru
	Пипетка-дозатор механический переменного объёма 1-канальный TopPette 10-100мкл DLAB, поверка ФГИС «Аршин»	Лабораторное оборудование/Дозаторы переменного объема DLAB TopPette	4000	12005710	https://minimed.ru/product/4079/	minimed.ru
	Пипетка-дозатор механический переменного объёма 1-канальный TopPette 20-200мкл DLAB, поверка ФГИС «Аршин»	Лабораторное оборудование/Дозаторы переменного объема DLAB TopPette	4000	12002762	https://minimed.ru/product/4046/	minimed.ru
	Пипетка-дозатор механический переменного объёма 1-канальный TopPette 100-1000мкл DLAB, поверка ФГИС «Аршин»	Лабораторное оборудование/Дозаторы переменного объема DLAB TopPette	4000	12002763	https://minimed.ru/product/4047/	minimed.ru
	Пипетка-дозатор механический переменного объёма 1-канальный TopPette 1000-5000мкл DLAB, поверка ФГИС «Аршин»	Лабораторное оборудование/Дозаторы переменного объема DLAB TopPette	4000	12002764	https://minimed.ru/product/4048/	minimed.ru
2-10	Пипетка-дозатор механический переменного объёма 1-канальный TopPette мл DLAВ, поверка ФГИС «Аршин»	Лабораторное оборудование/Дозаторы переменного объема DLAB TopPette	4000	12005718	https://minimed.ru/product/4132/	minimed.ru
	Пипетка-дозатор механический переменного объёма 8-канальный TopPette 50-300мкл DLAB, поверка ФГИС «Аршин»	Лабораторное оборудование/Дозаторы переменного объема DLAB TopPette	17680	12005361	https://minimed.ru/product/4335/	minimed.ru
	Штатив-карусель для 6 дозаторов, DLАВ	Лабораторное оборудование/Дозаторы переменного объема DLAB TopPette	2664	12005362	https://minimed.ru/product/4348/	minimed.ru

Лабораторное оборудование/Лампы для микроскопов и облучателей						
	Лампа бактерицидная ультрафиолетовая ESL- /E27/CL спектр UVC253нм	Лабораторное оборудование/Лампы для микроскопов и облучателей	1129	21000125	https://minimed.ru/product/3811/	minimed.ru
	Лампа Osram 64425S 12 W	Лабораторное оборудование/Лампы для микроскопов и облучателей	635	12002404	https://minimed.ru/product/1018/	minimed.ru
HLХ 64250	Лампа Osram ESB 6V 20W G4	Лабораторное оборудование/Лампы для микроскопов и облучателей	431	12002411	https://minimed.ru/product/1019/	minimed.ru
	Лампа бактериацидная ультрафиолетового излучения 30W T8 G13 UV-C	Лабораторное оборудование/Лампы для микроскопов и облучателей	664	12002406	https://minimed.ru/product/1020/	minimed.ru

Лабораторное оборудование/Лупы						
ЛПИ-464-7x	Лупа	Лабораторное оборудование/Лупы	475	12007603	https://minimed.ru/product/1074/	minimed.ru

Лабораторное оборудование/Принадлежности к микроскопам						
	Объектив 10x/0,25 160/0,17	Лабораторное оборудование/Принадлежности к микроскопам	418	21000035	https://minimed.ru/product/3814/	minimed.ru
	Объектив 4x/0,10 160/0,17	Лабораторное оборудование/Принадлежности к микроскопам	221	21000034	https://minimed.ru/product/3815/	minimed.ru

Лабораторное оборудование/Пипетаторы поршневые, Greetmed						
	Пипетатор поршневой до 2 мл,п/п, инд.уп./10/100 шт	Лабораторное оборудование/Пипетаторы поршневые, Greetmed	455	12011324	https://minimed.ru/product/1354/	minimed.ru
	Пипетатор поршневой до 10 мл,п/п, инд.уп./10/100 шт	Лабораторное оборудование/Пипетаторы поршневые, Greetmed	455	12011323	https://minimed.ru/product/1355/	minimed.ru
	Пипетатор поршневой до 25 мл,п/п, инд.уп./10/100 шт	Лабораторное оборудование/Пипетаторы поршневые, Greetmed	534	12011325	https://minimed.ru/product/1356/	minimed.ru

Лабораторное оборудование/Пластины для хроматографии						
	Пластина для тонкослойной хроматографии "Sorbfil" аналитические на алюминиевой основе без УФ индикатора ПТСХ-АФ-А 10*10 см, 50шт/уп	Лабораторное оборудование/Пластины для хроматографии	10328	21005202	https://minimed.ru/product/1461/	minimed.ru
	Пластина для тонкослойной хроматографии "Sorbfil" аналитические на алюминиевой основе без УФ индикатора ПТСХ-АФ-А 10*15 см, 50шт/упак	Лабораторное оборудование/Пластины для хроматографии	13443	21005203	https://minimed.ru/product/1462/	minimed.ru
	Пластина для тонкослойной хроматографии "Sorbfil" аналитические на алюминиевой основе без УФ индикатора ПТСХ-АФ-А 10*20 см, 50шт/уп	Лабораторное оборудование/Пластины для хроматографии	20328	21005220	https://minimed.ru/product/2845/	minimed.ru
	Пластина для тонкослойной хроматографии "Sorbfil" аналитические на алюминиевой основе с УФ индикатором ПТСХ-АФ-А-УФ 10*10 см, 50 шт/уп	Лабораторное оборудование/Пластины для хроматографии	11639	21005221	https://minimed.ru/product/2846/	minimed.ru
	Пластина для тонкослойной хроматографии "Sorbfil" аналитические на алюминиевой основе с УФ индикатором ПТСХ-АФ-А-УФ 10*15 см, 50 шт/уп	Лабораторное оборудование/Пластины для хроматографии	16475	21005222	https://minimed.ru/product/2847/	minimed.ru
	Пластина для тонкослойной хроматографии "Sorbfil" аналитические на алюминиевой основе с УФ индикатором ПТСХ-АФ-А-УФ 10*20 см, 50шт/уп	Лабораторное оборудование/Пластины для хроматографии	22705	21005223	https://minimed.ru/product/2848/	minimed.ru
	Пластина для тонкослойной хроматографии "Sorbfil" высокоэффективные на алюминиевой основе без УФ индикатора ПТСХ-АФ-В 10*10, 50шт/уп	Лабораторное оборудование/Пластины для хроматографии	13525	21005224	https://minimed.ru/product/2849/	minimed.ru
	Пластина для тонкослойной хроматографии "Sorbfil" высокоэффективные на алюминиевой основе без УФ индикатора ПТСХ-АФ-В 10*15, 50шт/уп	Лабораторное оборудование/Пластины для хроматографии	20082	21005204	https://minimed.ru/product/2850/	minimed.ru
	Пластина для тонкослойной хроматографии "Sorbfil" высокоэффективные на алюминиевой основе с УФ индикатором ПТСХ-АФ-В-УФ 10*10, 50шт/уп	Лабораторное оборудование/Пластины для хроматографии	14590	21005225	https://minimed.ru/product/2851/	minimed.ru
	Пластина для тонкослойной хроматографии "Sorbfil" высокоэффективные на алюминиевой основе с УФ индикатором ПТСХ-АФ-В-УФ 10*15, 50шт/уп	Лабораторное оборудование/Пластины для хроматографии	21393	21005210	https://minimed.ru/product/2852/	minimed.ru
	Пластина для тонкослойной хроматографии "Sorbfil" аналитические на полимерной основе без УФ индикатора ПТСХ-П-А 10*10 см, 50 шт/уп.	Лабораторное оборудование/Пластины для хроматографии	9918	21005205	https://minimed.ru/product/1463/	minimed.ru
	Пластина для тонкослойной хроматографии "Sorbfil" аналитические на полимерной основе без УФ индикатора ПТСХ-П-А 10*15 см, 50 шт/уп.	Лабораторное оборудование/Пластины для хроматографии	13197	21005206	https://minimed.ru/product/1464/	minimed.ru
	Пластина для тонкослойной хроматографии "Sorbfil" аналитические на полимерной основе без УФ индикатора ПТСХ-П-А 10*20 см, 50 шт/уп.	Лабораторное оборудование/Пластины для хроматографии	19672	21005226	https://minimed.ru/product/2853/	minimed.ru
	Пластина для тонкослойной хроматографии "Sorbfil" аналитические на полимерной основе с УФ индикатором ПТСХ-П-А-УФ 10*10 см, 50 шт/уп.	Лабораторное оборудование/Пластины для хроматографии	11393	21005207	https://minimed.ru/product/2854/	minimed.ru
	Пластина для тонкослойной хроматографии "Sorbfil" аналитические на полимерной основе с УФ индикатором ПТСХ-П-А-УФ 10*15 см, 50 шт/уп.	Лабораторное оборудование/Пластины для хроматографии	15984	21005208	https://minimed.ru/product/2855/	minimed.ru
	Пластина для тонкослойной хроматографии "Sorbfil" аналитические на полимерной основе с УФ индикатором ПТСХ-П-А-УФ 10*20 см, 50 шт/уп.	Лабораторное оборудование/Пластины для хроматографии	22295	21005227	https://minimed.ru/product/2856/	minimed.ru
	Пластина для тонкослойной хроматографии "Sorbfil" высокоэффективные на полимерной основе без УФ индикатора ПТСХ-П-В 10*10 см, 50 шт/уп	Лабораторное оборудование/Пластины для хроматографии	13197	21005209	https://minimed.ru/product/2857/	minimed.ru
	Пластина для тонкослойной хроматографии "Sorbfil" высокоэффективные на полимерной основе без УФ индикатора ПТСХ-П-В 10*15 см, 50 шт/уп	Лабораторное оборудование/Пластины для хроматографии	19672	21005228	https://minimed.ru/product/2858/	minimed.ru
	Пластина для тонкослойной хроматографии "Sorbfil" высокоэффективные на полимерной основе с УФ индикатором ПТСХ-П-В-УФ 10*10 см, 50 шт/уп	Лабораторное оборудование/Пластины для хроматографии	13934	21005229	https://minimed.ru/product/2859/	minimed.ru
	Пластина для тонкослойной хроматографии "Sorbfil" высокоэффективные на полимерной основе с УФ индикатором ПТСХ-П-В-УФ 10*15 см, 50 шт/уп	Лабораторное оборудование/Пластины для хроматографии	20820	21005230	https://minimed.ru/product/2860/	minimed.ru

Лабораторное оборудование/Плитки электрические						
	Электроплитка чугун. "ENERGY" 1 конф. с закрытой спиралью кВт/220	Лабораторное оборудование/Плитки электрические	1505	21001414	https://minimed.ru/product/1465/	minimed.ru

Лабораторное оборудование/Прибор окраски слайдов, МиниМед						
	Кассета-держатель слайдов (для стекол толщиной 1,0 мм)	Лабораторное оборудование/Прибор окраски слайдов, МиниМед	1500	21000772	https://minimed.ru/product/3310/	minimed.ru

Лабораторное оборудование/Прибор РН-метр						
	Прибор РН-метр-150МИ	Лабораторное оборудование/Прибор РН-метр	34508	21000704	https://minimed.ru/product/1470/	minimed.ru

Лабораторное оборудование/Гем.анализатор  Exсell 18						
	Клавиша запуска для ан.	Лабораторное оборудование/Гем.анализатор  Exсell 18	2295	21002880	https://minimed.ru/product/2763/	minimed.ru

Лабораторное оборудование/Коагулометр  АПГ-2						
	Кювета для анализаторов показателей гемостаза (объем 250 мкл, объем пробы 50 мкл), уп.1000шт	Лабораторное оборудование/Коагулометр  АПГ-2	18000	21002731	https://minimed.ru/product/3710/	minimed.ru

Лабораторное оборудование/Секундомеры в металлическом корпусе						
2а-3-000	Секундомер механический СОПпр-, 1-кноп.	Лабораторное оборудование/Секундомеры в металлическом корпусе	32639	21000901	https://minimed.ru/product/2039/	minimed.ru
2-000	Секундомер механический СОСпр-2б-, 2-кноп.	Лабораторное оборудование/Секундомеры в металлическом корпусе	37951	21000902	https://minimed.ru/product/2040/	minimed.ru
С-01	Секундомер электронный "Интеграл "	Лабораторное оборудование/Секундомеры в металлическом корпусе	7049	21000906	https://minimed.ru/product/2041/	minimed.ru

Лабораторное оборудование/Счетчики  лейкоформулы крови						
С-5	Счетчик лабораторный	Лабораторное оборудование/Счетчики  лейкоформулы крови	12500	21002801	https://minimed.ru/product/2293/	minimed.ru

Лабораторное оборудование/Термометры						
ТБ-189	Термометр комнатный	Лабораторное оборудование/Термометры	54	12004160	https://minimed.ru/product/3530/	minimed.ru
	Термометр водный "Лодочка" (0+50)	Лабораторное оборудование/Термометры	46	12004006	https://minimed.ru/product/2314/	minimed.ru
	Термометр медицинский максимальный стеклянный ртутный, в пласт. футляре	Лабораторное оборудование/Термометры	250	12004150	https://minimed.ru/product/3527/	minimed.ru
ТБ-223	Термометр оконный "Липучка" (-50+50С)	Лабораторное оборудование/Термометры	71	12004121	https://minimed.ru/product/2315/	minimed.ru
	Термометр 0...+100,спирт., ц.д.1град.	Лабораторное оборудование/Термометры	1271	12003919	https://minimed.ru/product/3033/	minimed.ru
ТС-7	Термометр АМК (-35 +50) для холод.камер	Лабораторное оборудование/Термометры	1129	12004192	https://minimed.ru/product/2316/	minimed.ru
	Термометр стеклянный -1 (-35 +50) для холод.камер	Лабораторное оборудование/Термометры	820	12004193	https://minimed.ru/product/4050/	minimed.ru
	Термометр стеклянный -2 (-20+70) для холод.камер	Лабораторное оборудование/Термометры	820	12004194	https://minimed.ru/product/4051/	minimed.ru

Лабораторное оборудование/Центрифуги						
C2204	Центрифуга лабораторная медицинская Liston Classic (в комплекте с ротором и адаптерами САА.15.1-24.18.120 на 15мл. 18*110мм.)	Лабораторное оборудование/Центрифуги	85140	21001021	https://minimed.ru/product/2446/	minimed.ru

Лабораторное оборудование/Часы процедурные						
	Таймер механический с заводом на 60 мин, инд.уп.	Лабораторное оборудование/Часы процедурные	323	21001100	https://minimed.ru/product/2294/	minimed.ru
ПЧ-3	Часы настольные процедурная со звуковым сигналом по ТУ 9452-012-34711238-2006	Лабораторное оборудование/Часы процедурные	21654	21001102	https://minimed.ru/product/2504/	minimed.ru
	Часы электронные DSZ-II	Лабораторное оборудование/Часы процедурные	8578	21001105	https://minimed.ru/product/2506/	minimed.ru

Красители и химические реактивы						
	Краситель и химический реактивы, Набор реагентов для контроля качества предстерилизационной очистки изделий медицинского назначения (Азопирам- ), 1500 опр., Азопирам-, уп. набор/48	Красители и химические реактивы	360	15000103	https://minimed.nt-rt.ru/catalog/krasiteli-i-himiceskie-reaktivy	minimed.ru (прайс)
	Краситель и химический реактивы, Азотная кислота, чда, уп. 1,3 кг	Красители и химические реактивы	246	14001316	https://minimed.nt-rt.ru/catalog/krasiteli-i-himiceskie-reaktivy	minimed.ru (прайс)
	Краситель и химический реактивы, Азур II, ч, уп. 0,05 кг	Красители и химические реактивы	45816	23000400	https://minimed.nt-rt.ru/catalog/krasiteli-i-himiceskie-reaktivy	minimed.ru (прайс)
	Краситель и химический реактивы, Краситель Азур-эозин по Романовскому ( -Р) с буфером, -Р, уп. 1 л/11 л	Красители и химические реактивы	745	12000101	https://minimed.nt-rt.ru/catalog/krasiteli-i-himiceskie-reaktivy	minimed.ru (прайс)
	Краситель и химический реактивы, Аммиак водный, чда, уп. 0,9х12 бут	Красители и химические реактивы	242	14002302	https://minimed.nt-rt.ru/catalog/krasiteli-i-himiceskie-reaktivy	minimed.ru (прайс)
	Краситель и химический реактивы, Ацетон, чда, уп. 0,8х12бут	Красители и химические реактивы	510	14004215	https://minimed.nt-rt.ru/catalog/krasiteli-i-himiceskie-reaktivy	minimed.ru (прайс)
	Краситель и химический реактивы, Борная кислота, хч, уп. 1 кг	Красители и химические реактивы	1296	14009605	https://minimed.nt-rt.ru/catalog/krasiteli-i-himiceskie-reaktivy	minimed.ru (прайс)
	Краситель и химический реактивы, Бриллиантовый зеленый, чда, уп. 0,05 кг	Красители и химические реактивы	11287	23001321	https://minimed.nt-rt.ru/catalog/krasiteli-i-himiceskie-reaktivy	minimed.ru (прайс)
	Краситель и химический реактивы, Раствор Бриллиантовый крезиловый синий для окраски ретикулоцитов в крови, уп. набор	Красители и химические реактивы	2236	12008000	https://minimed.nt-rt.ru/catalog/krasiteli-i-himiceskie-reaktivy	minimed.ru (прайс)
	Краситель и химический реактивы, Бромтимоловый синий, чда, уп. 0,05 кг	Красители и химические реактивы	62621	23001308	https://minimed.nt-rt.ru/catalog/krasiteli-i-himiceskie-reaktivy	minimed.ru (прайс)

Красители и химические реактивы/Буферные растворы						
4-6	Буфер фосфатный, рн 6,8, концентрат, фл.10 мл, уп.6 шт	Красители и химические реактивы/Буферные растворы	50	14008103	https://minimed.ru/product/399/	minimed.ru
	Буферный раствор pH 1,68, 50 мл, Germeon	Красители и химические реактивы/Буферные растворы	435	14008170	https://minimed.ru/product/3927/	minimed.ru
	Буферный раствор pH 1,68, 250 мл, Germeon	Красители и химические реактивы/Буферные растворы	961	14008171	https://minimed.ru/product/3928/	minimed.ru
	Буферный раствор pH 1,68, 500 мл, Germeon	Красители и химические реактивы/Буферные растворы	1580	14008172	https://minimed.ru/product/3929/	minimed.ru
	Буферный раствор pH 4,01, 50 мл, Germeon	Красители и химические реактивы/Буферные растворы	435	14008173	https://minimed.ru/product/3930/	minimed.ru
	Буферный раствор pH 4,01, 250 мл, Germeon	Красители и химические реактивы/Буферные растворы	961	14008174	https://minimed.ru/product/3931/	minimed.ru
	Буферный раствор pH 4,01, 500 мл, Germeon	Красители и химические реактивы/Буферные растворы	1580	14008175	https://minimed.ru/product/3932/	minimed.ru
	Буферный раствор pH 6,86, 50 мл, Germeon	Красители и химические реактивы/Буферные растворы	435	14008176	https://minimed.ru/product/3933/	minimed.ru
	Буферный раствор pH 6,86, 250 мл, Germeon	Красители и химические реактивы/Буферные растворы	961	14008177	https://minimed.ru/product/3934/	minimed.ru
	Буферный раствор pH 6,86, 500 мл, Germeon	Красители и химические реактивы/Буферные растворы	1580	14008178	https://minimed.ru/product/3935/	minimed.ru
	Буферный раствор pH 7,01, 50 мл, Germeon	Красители и химические реактивы/Буферные растворы	435	14008179	https://minimed.ru/product/3936/	minimed.ru
	Буферный раствор pH 7,01, 250 мл, Germeon	Красители и химические реактивы/Буферные растворы	961	14008180	https://minimed.ru/product/3937/	minimed.ru
	Буферный раствор pH 7,01, 500 мл, Germeon	Красители и химические реактивы/Буферные растворы	1580	14008181	https://minimed.ru/product/3938/	minimed.ru
	Буферный раствор pH 9,18, 50 мл, Germeon	Красители и химические реактивы/Буферные растворы	435	14008182	https://minimed.ru/product/3939/	minimed.ru
	Буферный раствор pH 9,18, 250 мл, Germeon	Красители и химические реактивы/Буферные растворы	961	14008183	https://minimed.ru/product/3940/	minimed.ru
	Буферный раствор pH 9,18, 500 мл, Germeon	Красители и химические реактивы/Буферные растворы	1580	14008184	https://minimed.ru/product/3941/	minimed.ru
	Буферный раствор p 50 мл, Germeon	Красители и химические реактивы/Буферные растворы	435	14008185	https://minimed.ru/product/3942/	minimed.ru
	Буферный раствор p 250 мл, Germeon	Красители и химические реактивы/Буферные растворы	961	14008186	https://minimed.ru/product/3943/	minimed.ru
	Буферный раствор p 500 мл, Germeon	Красители и химические реактивы/Буферные растворы	1580	14008187	https://minimed.ru/product/3944/	minimed.ru
	Буферные растворы, Гематоксилин, 0,025 кг, уп. 0,025 шт.	Красители и химические реактивы/Буферные растворы	363115	14016407	https://minimed.nt-rt.ru/catalog/krasiteli-i-himiceskie-reaktivy	minimed.ru (прайс)
	Буферные растворы, Йод, ч, уп. 0,1 кг	Красители и химические реактивы/Буферные растворы	25416	14004401	https://minimed.nt-rt.ru/catalog/krasiteli-i-himiceskie-reaktivy	minimed.ru (прайс)
	Буферные растворы, Йод, ч, уп. 1 кг	Красители и химические реактивы/Буферные растворы	17557	14004403	https://minimed.nt-rt.ru/catalog/krasiteli-i-himiceskie-reaktivy	minimed.ru (прайс)
	Буферные растворы, Калий едкий, хч, уп. 1 кг	Красители и химические реактивы/Буферные растворы	920	14004502	https://minimed.nt-rt.ru/catalog/krasiteli-i-himiceskie-reaktivy	minimed.ru (прайс)
	Буферные растворы, Калий йодистый, чда, уп. 0,1 кг	Красители и химические реактивы/Буферные растворы	17307	14004602	https://minimed.nt-rt.ru/catalog/krasiteli-i-himiceskie-reaktivy	minimed.ru (прайс)
	Буферные растворы, Калий йодистый, чда, уп. 0,5 кг	Красители и химические реактивы/Буферные растворы	16889	14004606	https://minimed.nt-rt.ru/catalog/krasiteli-i-himiceskie-reaktivy	minimed.ru (прайс)
	Буферные растворы, Калий марганцовокислый, уп. 0,1 кг	Красители и химические реактивы/Буферные растворы	2675	14004702	https://minimed.nt-rt.ru/catalog/krasiteli-i-himiceskie-reaktivy	minimed.ru (прайс)
	Буферные растворы, Калий марганцовокислый, уп. 1 кг	Красители и химические реактивы/Буферные растворы	1639	14004705	https://minimed.nt-rt.ru/catalog/krasiteli-i-himiceskie-reaktivy	minimed.ru (прайс)
	Буферные растворы, Набор реагентов "Калия теллурит, раствор 2 %", ампула 5 мл, уп. 10 шт.	Красители и химические реактивы/Буферные растворы	109	14004802	https://minimed.nt-rt.ru/catalog/krasiteli-i-himiceskie-reaktivy	minimed.ru (прайс)
	Буферные растворы, Калий фосфорнокислый 1-зам., чда, уп. 1кг	Красители и химические реактивы/Буферные растворы	1070	14004907	https://minimed.nt-rt.ru/catalog/krasiteli-i-himiceskie-reaktivy	minimed.ru (прайс)
	Буферные растворы, Калий фосфорнокислый 2-х замещенный 3-х водный, чда, уп. 0,5	Красители и химические реактивы/Буферные растворы	1622	14005008	https://minimed.nt-rt.ru/catalog/krasiteli-i-himiceskie-reaktivy	minimed.ru (прайс)
	Буферные растворы, Крахмал индикатор, в/р, чда, уп. 0,5 кг	Красители и химические реактивы/Буферные растворы	3033	12006504	https://minimed.nt-rt.ru/catalog/krasiteli-i-himiceskie-reaktivy	minimed.ru (прайс)
	Буферные растворы, Кристаллический фиолетовый, чда, уп. 0,05 кг	Красители и химические реактивы/Буферные растворы	7441	23000510	https://minimed.nt-rt.ru/catalog/krasiteli-i-himiceskie-reaktivy	minimed.ru (прайс)
	Буферные растворы, Лимонная кислота пищевая, высший сорт, уп. 1 кг/10 кг	Красители и химические реактивы/Буферные растворы	443	14005202	https://minimed.nt-rt.ru/catalog/krasiteli-i-himiceskie-reaktivy	minimed.ru (прайс)
	Буферные растворы, Набор реагентов "Масло иммерсионное", уп. 0,1 л	Красители и химические реактивы/Буферные растворы	1436	14005304	https://minimed.nt-rt.ru/catalog/krasiteli-i-himiceskie-reaktivy	minimed.ru (прайс)
	Буферные растворы, Набор реагентов "Масло иммерсионное", нефлуоресцирующее, уп. 10 мл/16фл	Красители и химические реактивы/Буферные растворы	55	14005302	https://minimed.nt-rt.ru/catalog/krasiteli-i-himiceskie-reaktivy	minimed.ru (прайс)
	Буферные растворы, Метиленовый голубой, чда, уп. 0,025 кг	Красители и химические реактивы/Буферные растворы	41803	14005808	https://minimed.nt-rt.ru/catalog/krasiteli-i-himiceskie-reaktivy	minimed.ru (прайс)
	Буферные растворы, Метиловый оранжевый, чда, уп. 0,05 кг	Красители и химические реактивы/Буферные растворы	16721	23001006	https://minimed.nt-rt.ru/catalog/krasiteli-i-himiceskie-reaktivy	minimed.ru (прайс)
	Буферные растворы, Муравьиная кислота, 85%, имп., уп. 1,2х12 шт.	Красители и химические реактивы/Буферные растворы	543	14028101	https://minimed.nt-rt.ru/catalog/krasiteli-i-himiceskie-reaktivy	minimed.ru (прайс)
	Буферные растворы, Набор для окраски мазков по Граму, НИЦФ, уп. 100 мл	Красители и химические реактивы/Буферные растворы	1600	17002000	https://minimed.nt-rt.ru/catalog/krasiteli-i-himiceskie-reaktivy	minimed.ru (прайс)
	Буферные растворы, Набор для окраски мазков по методу Циля-Нильсена, НИЦФ, уп. 100 мл	Красители и химические реактивы/Буферные растворы	1318	17002015	https://minimed.nt-rt.ru/catalog/krasiteli-i-himiceskie-reaktivy	minimed.ru (прайс)
	Буферные растворы, Натрий азотнокислый, ч, уп. 1 кг	Красители и химические реактивы/Буферные растворы	293	14028503	https://minimed.nt-rt.ru/catalog/krasiteli-i-himiceskie-reaktivy	minimed.ru (прайс)
	Буферные растворы, Натрий гидроокись, чда, уп. 1 кг	Красители и химические реактивы/Буферные растворы	376	14007801	https://minimed.nt-rt.ru/catalog/krasiteli-i-himiceskie-reaktivy	minimed.ru (прайс)
	Буферные растворы, Натрий лимоннокислый 3-зам. 2--вод., имп., уп. 0,5 шт.	Красители и химические реактивы/Буферные растворы	836	14007915	https://minimed.nt-rt.ru/catalog/krasiteli-i-himiceskie-reaktivy	minimed.ru (прайс)
	Буферные растворы, Натрий лимоннокислый 3-х замещенный 5,5-водный, чда, уп. 1кг/10кг	Красители и химические реактивы/Буферные растворы	1839	14007906	https://minimed.nt-rt.ru/catalog/krasiteli-i-himiceskie-reaktivy	minimed.ru (прайс)
	Буферные растворы, Натрий фосфорнокислый 1-замещенный 2-водный, чда, уп. 1 кг	Красители и химические реактивы/Буферные растворы	1254	14032106	https://minimed.nt-rt.ru/catalog/krasiteli-i-himiceskie-reaktivy	minimed.ru (прайс)
	Буферные растворы, Натрий фосфорнокислый 2-х замещенный 12-ти водный, хч, уп. 0,8 кг	Красители и химические реактивы/Буферные растворы	961	14032110	https://minimed.nt-rt.ru/catalog/krasiteli-i-himiceskie-reaktivy	minimed.ru (прайс)
	Буферные растворы, Натрий хлористый, хч, уп. 1 кг	Красители и химические реактивы/Буферные растворы	221	14005405	https://minimed.nt-rt.ru/catalog/krasiteli-i-himiceskie-reaktivy	minimed.ru (прайс)
	Буферные растворы, О-Ксилол, чда, уп. 0,9кг/12шт	Красители и химические реактивы/Буферные растворы	669	14005505	https://minimed.nt-rt.ru/catalog/krasiteli-i-himiceskie-reaktivy	minimed.ru (прайс)
	Буферные растворы, Перекись водорода 37% тех марка А, уп. 1кг*14бут	Красители и химические реактивы/Буферные растворы	242	14005700	https://minimed.nt-rt.ru/catalog/krasiteli-i-himiceskie-reaktivy	minimed.ru (прайс)

Красители и химические реактивы/Растворы для электродов						
	Раствор ( моль) для заполнения электродов 500 мл, Germeon	Красители и химические реактивы/Растворы для электродов	2230	14008190	https://minimed.ru/product/3954/	minimed.ru
	Раствор KCI для заполнения электродов 250 мл, Germeon	Красители и химические реактивы/Растворы для электродов	1781	14008191	https://minimed.ru/product/3955/	minimed.ru
	Раствор KCI для хранения электродов 250 мл, Germeon	Красители и химические реактивы/Растворы для электродов	1154	14008193	https://minimed.ru/product/3956/	minimed.ru
	Раствор KCI для хранения электродов 500 мл, Germeon	Красители и химические реактивы/Растворы для электродов	2082	14008194	https://minimed.ru/product/3957/	minimed.ru
	Раствор для промывки электродов 250 мл, Germeon	Красители и химические реактивы/Растворы для электродов	1321	14008196	https://minimed.ru/product/3958/	minimed.ru
	Раствор для промывки электродов 500 мл, Germeon	Красители и химические реактивы/Растворы для электродов	2230	14008197	https://minimed.ru/product/3959/	minimed.ru
	Раствор для электродов, Серная кислота, хч, уп. 1,8х8бут	Красители и химические реактивы/Растворы для электродов	402	14006105	https://minimed.nt-rt.ru/catalog/krasiteli-i-himiceskie-reaktivy	minimed.ru (прайс)
	Раствор для электродов, Серная кислота, хч, уп. 18 кг	Красители и химические реактивы/Растворы для электродов	171	14006107	https://minimed.nt-rt.ru/catalog/krasiteli-i-himiceskie-reaktivy	minimed.ru (прайс)
	Раствор для электродов, Соляная кислота, хч, уп. 1,1х12бут	Красители и химические реактивы/Растворы для электродов	284	14006217	https://minimed.nt-rt.ru/catalog/krasiteli-i-himiceskie-reaktivy	minimed.ru (прайс)
	Раствор для электродов, Сульфосалициловая кислота, ч, уп. 1х12кг	Красители и химические реактивы/Растворы для электродов	1672	14006305	https://minimed.nt-rt.ru/catalog/krasiteli-i-himiceskie-reaktivy	minimed.ru (прайс)
	Раствор для электродов, Таннин, ч, уп. 1 кг	Красители и химические реактивы/Растворы для электродов	4013	14008008	https://minimed.nt-rt.ru/catalog/krasiteli-i-himiceskie-reaktivy	minimed.ru (прайс)
	Раствор для электродов, Толуол, чда, уп. 0,8х12бут	Красители и химические реактивы/Растворы для электродов	705	14006607	https://minimed.nt-rt.ru/catalog/krasiteli-i-himiceskie-reaktivy	minimed.ru (прайс)
	Раствор для электродов, Трилон Б, чда, уп. 1 кг	Красители и химические реактивы/Растворы для электродов	984	14031909	https://minimed.nt-rt.ru/catalog/krasiteli-i-himiceskie-reaktivy	minimed.ru (прайс)
	Раствор для электродов, Трихлоруксусная кислота, ч, уп. 0,1 кг	Красители и химические реактивы/Растворы для электродов	30098	14010800	https://minimed.nt-rt.ru/catalog/krasiteli-i-himiceskie-reaktivy	minimed.ru (прайс)
	Раствор для электродов, Уксусная кислота ледяная, хч, уп. 1,0х12бут	Красители и химические реактивы/Растворы для электродов	602	14006702	https://minimed.nt-rt.ru/catalog/krasiteli-i-himiceskie-reaktivy	minimed.ru (прайс)
	Раствор для электродов, Фенол кристаллический, чда, уп. 1 кг	Красители и химические реактивы/Растворы для электродов	836	14011702	https://minimed.nt-rt.ru/catalog/krasiteli-i-himiceskie-reaktivy	minimed.ru (прайс)
	Раствор для электродов, Фенолфталеин, чда, уп. 0,05 кг	Красители и химические реактивы/Растворы для электродов	13645	14006801	https://minimed.nt-rt.ru/catalog/krasiteli-i-himiceskie-reaktivy	minimed.ru (прайс)
	Раствор для электродов, Фуксин основной, чда, уп. 0,05 кг	Красители и химические реактивы/Растворы для электродов	26503	14007302	https://minimed.nt-rt.ru/catalog/krasiteli-i-himiceskie-reaktivy	minimed.ru (прайс)
	Раствор для электродов, Хлороформ, хч, уп. 1,5х12	Красители и химические реактивы/Растворы для электродов	510	14007503	https://minimed.nt-rt.ru/catalog/krasiteli-i-himiceskie-reaktivy	minimed.ru (прайс)
	Раствор для электродов, Хромовый темно-синий, чда, уп. 0,05 кг	Красители и химические реактивы/Растворы для электродов	28510	23001200	https://minimed.nt-rt.ru/catalog/krasiteli-i-himiceskie-reaktivy	minimed.ru (прайс)
	Раствор для электродов, Краситель - фиксатор Эозин метиленовый синий типа Лейшмана ( -Л) (ТУ 9398-005-29508133-2011), -Л, уп. 1л/12 л	Красители и химические реактивы/Растворы для электродов	385	12005801	https://minimed.nt-rt.ru/catalog/krasiteli-i-himiceskie-reaktivy	minimed.ru (прайс)
	Раствор для электродов, Краситель - фиксатор Эозин метиленовый синий по Май-Грюнвальду ( М-Г), М-Г, уп. 1л/12 л	Красители и химические реактивы/Растворы для электродов	385	12005702	https://minimed.nt-rt.ru/catalog/krasiteli-i-himiceskie-reaktivy	minimed.ru (прайс)

Спецпредложение						
	Спецпредложение, Блузон медицинский (Сатори)***, уп. 1 шт.	Спецпредложение	1053	25001001	https://minimed.nt-rt.ru/catalog	minimed.ru (прайс)
	Спецпредложение, Брюки (Ваш стиль)***, уп. 1 шт.	Спецпредложение	303	25001003	https://minimed.nt-rt.ru/catalog	minimed.ru (прайс)
	Спецпредложение, Брюки (Маликов)***, уп. 1 шт.	Спецпредложение	920	25001043	https://minimed.nt-rt.ru/catalog	minimed.ru (прайс)
	Спецпредложение, Брюки медицинская Мемори***, уп. 1 шт.	Спецпредложение	863	25001061	https://minimed.nt-rt.ru/catalog	minimed.ru (прайс)
	Спецпредложение, Брюки на резинке (Маликов)***, уп. 1 шт.	Спецпредложение	328	25001062	https://minimed.nt-rt.ru/catalog	minimed.ru (прайс)
	Спецпредложение, Гольфы компрессионные для путешественников, 1 класс компрессии, Nero***, уп. 1 шт.	Спецпредложение	1001	25001073	https://minimed.nt-rt.ru/catalog	minimed.ru (прайс)
	Спецпредложение, Колготки компрессионные прозрачные, 1 класс компрессии, Natural***, уп. 1 шт.	Спецпредложение	1675	25001074	https://minimed.nt-rt.ru/catalog	minimed.ru (прайс)
	Спецпредложение, Колготки компрессионные прозрачные, 2 класс компрессии, Nero***, уп. 1 шт.	Спецпредложение	1554	25001075	https://minimed.nt-rt.ru/catalog	minimed.ru (прайс)
	Спецпредложение, Комплект мед.одежды жен.(Элит)***, уп. 1 шт.	Спецпредложение	698	25001011	https://minimed.nt-rt.ru/catalog	minimed.ru (прайс)
	Спецпредложение, Комплект мед.одежды женский (Гончарова)***, уп. 1 шт.	Спецпредложение	585	25001009	https://minimed.nt-rt.ru/catalog	minimed.ru (прайс)
W-131	Спецпредложение, Корректор осанки для взрослых XIбежевый***, уп. 1 шт.	Спецпредложение	1791	25001070	https://minimed.nt-rt.ru/catalog	minimed.ru (прайс)
	Спецпредложение, Костюм кислотостойкий мужской летний (куртка+брюки+берет)***, уп. 1 шт.	Спецпредложение	703	25001071	https://minimed.nt-rt.ru/catalog	minimed.ru (прайс)
	Спецпредложение, Костюм мед. (Ваш стиль) ***, уп. 1 шт.	Спецпредложение	482	25001013	https://minimed.nt-rt.ru/catalog	minimed.ru (прайс)
	Спецпредложение, Костюм мед. жен. (Автор)***, уп. 1 шт.	Спецпредложение	774	25001040	https://minimed.nt-rt.ru/catalog	minimed.ru (прайс)
	Спецпредложение, Костюм хирурга, детский рисунок (Маликов)***, уп. 1 шт.	Спецпредложение	1701	25001072	https://minimed.nt-rt.ru/catalog	minimed.ru (прайс)
	Спецпредложение, Куртка (Маликов)***, уп. 1 шт.	Спецпредложение	1037	25001005	https://minimed.nt-rt.ru/catalog	minimed.ru (прайс)
	Спецпредложение, Обувь женская Лера ***, уп. пар	Спецпредложение	380	25001080	https://minimed.nt-rt.ru/catalog	minimed.ru (прайс)
	Спецпредложение, Обувь мужская типа сабо ***, уп. пар	Спецпредложение	711	25001081	https://minimed.nt-rt.ru/catalog	minimed.ru (прайс)
	Спецпредложение, Халат мужской кислотостойкий "Защита"***, уп. 1 шт.	Спецпредложение	521	25001090	https://minimed.nt-rt.ru/catalog	minimed.ru (прайс)
	Спецпредложение, Халат мужской (Маликов)***, уп. 1 шт.	Спецпредложение	1077	25001091	https://minimed.nt-rt.ru/catalog	minimed.ru (прайс)
	Спецпредложение, Чулки компрессионные прозрачн, 1 класс компрессии, Nero***, уп. пара	Спецпредложение	1306	25001076	https://minimed.nt-rt.ru/catalog	minimed.ru (прайс)
	Спецпредложение, Чулки компрессионные прозрачн, 1 класс компрессии, Natural***, уп. пара	Спецпредложение	1541	25001077	https://minimed.nt-rt.ru/catalog	minimed.ru (прайс)
	Спецпредложение, Чулки компрессионные прозрачн, 1 класс компрессии, Vison***, уп. пара	Спецпредложение	1541	25001078	https://minimed.nt-rt.ru/catalog	minimed.ru (прайс)
	Спецпредложение, Чулки компрессионные прозрачн, 2 класс компрессии, Natural***, уп. пара	Спецпредложение	1382	25001079	https://minimed.nt-rt.ru/catalog	minimed.ru (прайс)
TV713	Спецпредложение, TV-тюнер PCI Kworld Хpert, уп. 1 шт.	Спецпредложение	874	21000626	https://minimed.nt-rt.ru/catalog	minimed.ru (прайс)
	Спецпредложение, Аппарат опр. раств. воды в неф маслах, уп. 1 шт.	Спецпредложение	2960	21001618	https://minimed.nt-rt.ru/catalog	minimed.ru (прайс)
	Спецпредложение, Блок питания осветителя, 20 Вт., уп. 1 шт.	Спецпредложение	302	21002204	https://minimed.nt-rt.ru/catalog	minimed.ru (прайс)
	Спецпредложение, Вставка для фазового контраста 100 Х (для микроскопа EX 30), уп. 1 шт.	Спецпредложение	2069	21000640	https://minimed.nt-rt.ru/catalog	minimed.ru (прайс)
	Спецпредложение, Вставка для фазового контраста 40 Х (для микроскопа EX 30), уп. 1 шт.	Спецпредложение	2069	21000641	https://minimed.nt-rt.ru/catalog	minimed.ru (прайс)
D-40-42	Спецпредложение, Изделие из стекла H-175мм, уп. 1 шт.	Спецпредложение	84	10000331	https://minimed.nt-rt.ru/catalog	minimed.ru (прайс)
	Спецпредложение, Камера для микроскопа С 210СС010Р, уп. 1 шт.	Спецпредложение	1003	21000037	https://minimed.nt-rt.ru/catalog	minimed.ru (прайс)
В4100/4200/4300	Спецпредложение, Картридж ОКI (т,о) 2.5К TYPE 9 (2), рN 01103409, уп. 1 шт.	Спецпредложение	6575	21002724	https://minimed.nt-rt.ru/catalog	minimed.ru (прайс)
В4300/4200	Спецпредложение, Картридж ОКI Drum Kit 25k TYPE 9 (2), рN 4210282, уп. 1 шт.	Спецпредложение	5341	21002725	https://minimed.nt-rt.ru/catalog	minimed.ru (прайс)
ЛБ-1	Спецпредложение, Лактомер, уп. 1 шт.	Спецпредложение	23	21000521	https://minimed.nt-rt.ru/catalog	minimed.ru (прайс)
М42	Спецпредложение, Лампа PHILIPS 6605 6V 10W G4, уп. 1 шт.	Спецпредложение	232	21002877	https://minimed.nt-rt.ru/catalog	minimed.ru (прайс)
ДРШ-250	Спецпредложение, Лампа, уп. 1 шт.	Спецпредложение	262	12002413	https://minimed.nt-rt.ru/catalog	minimed.ru (прайс)
	Спецпредложение, Лампа запасная AW(112007) 6В (для анализаторов StatFax), уп. 1 шт.	Спецпредложение	4431	10002135	https://minimed.nt-rt.ru/catalog	minimed.ru (прайс)
3-15-1	Спецпредложение, Лампа КГМН 6., уп. 1 шт.	Спецпредложение	376	12002418	https://minimed.nt-rt.ru/catalog	minimed.ru (прайс)
Ц220-15	Спецпредложение, Лампа В15d, уп. 1 шт.	Спецпредложение	48	12002450	https://minimed.nt-rt.ru/catalog	minimed.ru (прайс)
	Спецпредложение, Набор фазово-контрастной микроскопии, уп. 1 шт.	Спецпредложение	18623	21002884	https://minimed.nt-rt.ru/catalog	minimed.ru (прайс)
	Спецпредложение, Настольный счетчик 9 ключей, Heathrow Scientific, уп. 1 шт.	Спецпредложение	4598	12009101	https://minimed.nt-rt.ru/catalog	minimed.ru (прайс)
	Спецпредложение, О-образная прокладка Сапфир 400, уп. 1 шт.	Спецпредложение	250	21002828	https://minimed.nt-rt.ru/catalog	minimed.ru (прайс)
XY-B1	Спецпредложение, Объектив для микроскопа планарный ахроматический 10 Х (для и ЕХ 30), для и ЕХ 30, уп. 1 шт.	Спецпредложение	2069	21000643	https://minimed.nt-rt.ru/catalog	minimed.ru (прайс)
XY-B1	Спецпредложение, Объектив для микроскопа планарный ахроматический 20 Х (для и ЕХ 30), для и ЕХ 30, уп. 1 шт.	Спецпредложение	1655	21000645	https://minimed.nt-rt.ru/catalog	minimed.ru (прайс)
XY-B1	Спецпредложение, Объектив для микроскопа планарный ахроматический 40 Х (для и ЕХ 30), для и ЕХ 30, уп. 1 шт.	Спецпредложение	3311	21000646	https://minimed.nt-rt.ru/catalog	minimed.ru (прайс)
	Спецпредложение, Окуляр WF 10 Х, 18 мм, уп. 1 шт.	Спецпредложение	167	21000636	https://minimed.nt-rt.ru/catalog	minimed.ru (прайс)
	Спецпредложение, Окуляр WF 16 Х, уп. 1 шт.	Спецпредложение	140	21000036	https://minimed.nt-rt.ru/catalog	minimed.ru (прайс)
XY-B1	Спецпредложение, Окуляр планарный PL 10X/22 R, серия XY (для микроскопов и ЕХ 30), для микроскопов и ЕХ 30, уп. 1 шт.	Спецпредложение	2069	21000651	https://minimed.nt-rt.ru/catalog	minimed.ru (прайс)
	Спецпредложение, Плата принтера Clima-MC 15, уп. 1 шт.	Спецпредложение	11573	21002885	https://minimed.nt-rt.ru/catalog	minimed.ru (прайс)
XY-B1	Спецпредложение, Поляризатор для микроскопов и ЕХ 30, d- 45 мм, уп. 1 шт.	Спецпредложение	3056	21000652	https://minimed.nt-rt.ru/catalog	minimed.ru (прайс)
	Спецпредложение, Ремень привода пробоотборника по оси Y, уп. 1 шт.	Спецпредложение	5871	21002894	https://minimed.nt-rt.ru/catalog	minimed.ru (прайс)
	Спецпредложение, Ротор ELMI 6М,02(24*12) к центрифуге СМ-6МТ, уп. 1 шт.	Спецпредложение	10572	21003210	https://minimed.nt-rt.ru/catalog	minimed.ru (прайс)
CMB-S-35	Спецпредложение, Степлер Mainpack Industrial, уп. 1 шт.	Спецпредложение	45148	12009259	https://minimed.nt-rt.ru/catalog	minimed.ru (прайс)
	Спецпредложение, Термобумага для анализ. электролитов 91хх, уп. 5 шт.	Спецпредложение	446	22000302	https://minimed.nt-rt.ru/catalog	minimed.ru (прайс)
	Спецпредложение, Термометр комнатный Д 11 "Кувшинчик", уп. 1 шт.	Спецпредложение	348	12004002	https://minimed.nt-rt.ru/catalog	minimed.ru (прайс)
ТИН-4	Спецпредложение, Термометр исп.2 ( -2...+300/1,0 ртуть), уп. 1 шт.	Спецпредложение	3336	12004084	https://minimed.nt-rt.ru/catalog	minimed.ru (прайс)
	Спецпредложение, Термопринтер для Clinitek Status, уп. 1 шт.	Спецпредложение	9320	21002887	https://minimed.nt-rt.ru/catalog	minimed.ru (прайс)
0-2	Спецпредложение, Термоэлектрический модуль тв-127-1,5 для Raito 1904, уп. 1 шт.	Спецпредложение	1547	22000104	https://minimed.nt-rt.ru/catalog	minimed.ru (прайс)
	Спецпредложение, Трубка /Dвн.3мм, Dнар6мм, L11см/ BS 3000р, уп. 1 шт.	Спецпредложение	100	21002783	https://minimed.nt-rt.ru/catalog	minimed.ru (прайс)
	Спецпредложение, Трубка насоса анализатора глюкозы Biosen C-Line, уп. 1 шт.	Спецпредложение	5333	22001111	https://minimed.nt-rt.ru/catalog	minimed.ru (прайс)
1-8-001-034-00	Спецпредложение, Трубка перистальтического насоса к Rayto 1904C /RT /, L-10cм, уп. 1 шт.	Спецпредложение	142	21002758	https://minimed.nt-rt.ru/catalog	minimed.ru (прайс)
ВК-75	Спецпредложение, ТЭН 78.03.000 (для ), для, уп. 1 шт.	Спецпредложение	1288	21003207	https://minimed.nt-rt.ru/catalog	minimed.ru (прайс)
Д-25	Спецпредложение, ТЭН 78.32.000-1- медный для, 2000Вт, 220В, дл.760мм, уп. 1 шт.	Спецпредложение	523	21003203	https://minimed.nt-rt.ru/catalog	minimed.ru (прайс)
XY-B1	Спецпредложение, Фильтр жёлтый (для микроскопов и ЕХ 30), d- 45 мм, для микроскопов и ЕХ 30, уп. 1 шт.	Спецпредложение	159	21000655	https://minimed.nt-rt.ru/catalog	minimed.ru (прайс)
XY-B1	Спецпредложение, Фильтр зелёный (для микроскопов и ЕХ 30), d- 45 мм, для микроскопов и ЕХ 30, уп. 1 шт.	Спецпредложение	159	21000657	https://minimed.nt-rt.ru/catalog	minimed.ru (прайс)
XY-B1	Спецпредложение, Фильтр нейтральный (для микроскопов и ЕХ 30), d- 45 мм, для микроскопов и ЕХ 30, уп. 1 шт.	Спецпредложение	159	21000659	https://minimed.nt-rt.ru/catalog	minimed.ru (прайс)
	Спецпредложение, Фильтр стерилизующий Sterivex-HV, Durapor, 0,45 мкм, уп. 1 шт.	Спецпредложение	807	22001116	https://minimed.nt-rt.ru/catalog	minimed.ru (прайс)
	Спецпредложение, Штатив для пробирок Рор- uр, розовый, США, уп. 1 шт.	Спецпредложение	841	12009104	https://minimed.nt-rt.ru/catalog	minimed.ru (прайс)
	Спецпредложение, Электродвигатель постоянного тока с редуктором 1271-06-21 (6 вольт) 0,25 Ватт(для анализатора глюкозы SUPER GL EASY), уп. 1 шт.	Спецпредложение	3279	21002868	https://minimed.nt-rt.ru/catalog	minimed.ru (прайс)

Лабораторная посуда и принадлежности из пластика/Ковши, п/п						
	Ковш 100 мл,п/п, Kartell, уп.12 шт	Лабораторная посуда и принадлежности из пластика/Ковши, п/п		12004801	https://minimed.ru/product/650/	minimed.ru
	Ковш 1000 мл,п/п, Kartell, уп.6 шт	Лабораторная посуда и принадлежности из пластика/Ковши, п/п		12004802	https://minimed.ru/product/653/	minimed.ru
	Ковш 250 мл,п/п, Kartell, уп.6 шт	Лабораторная посуда и принадлежности из пластика/Ковши, п/п		12004803	https://minimed.ru/product/651/	minimed.ru
	Ковш 500 мл,п/п, Kartell, уп.6 шт	Лабораторная посуда и принадлежности из пластика/Ковши, п/п		12004805	https://minimed.ru/product/652/	minimed.ru
	Ковш 25 мл,п/п, Kartell, уп.12 шт	Лабораторная посуда и принадлежности из пластика/Ковши, п/п		12004806	https://minimed.ru/product/648/	minimed.ru

Лабораторная посуда и принадлежности из пластика/Контейнеры для отходов						
	Контейнер одноразовый для сбора органических отходов класса В "МедКом", объем 3,0 л	Лабораторная посуда и принадлежности из пластика/Контейнеры для отходов		12016222	https://minimed.ru/product/3885/	minimed.ru

Лабораторная посуда и принадлежности из стекла/Бутылки для крови, трансфузионных и инфузионных препаратов						
	Бутылка стеклянная для крови, трансфузионных и инфузионных препаратов ll-250-2-МТО, уп. 91 шт.	Лабораторная посуда и принадлежности из стекла/Бутылки для крови, трансфузионных и инфузионных препаратов		10006411	https://minimed.ru/product/376/	minimed.ru
	Бутылка стеклянная тип ll-50-2-МТО, для крови, трансфузионных и инфузионных препаратов по уп.170 шт	Лабораторная посуда и принадлежности из стекла/Бутылки для крови, трансфузионных и инфузионных препаратов		10006416	https://minimed.ru/product/4326/	minimed.ru

Лабораторная посуда и принадлежности прочие/Баллоны для отбора проб газа, Kartell						
	Баллон для отбора проб газа 1500 мл, латекс, Kartell, уп.1 шт	Лабораторная посуда и принадлежности прочие/Баллоны для отбора проб газа, Kartell		12009067	https://minimed.ru/product/294/	minimed.ru

Лабораторное оборудование/Термометры						
	Термометр стеклянный керосиновый (П) №2 (0+100) нч 100	Лабораторное оборудование/Термометры		12003904	https://minimed.ru/product/3651/	minimed.ru

Лабораторная посуда и принадлежности из стекла/Колбы Къельдаля со шлифом						
1-100-14/23	Колба Къельдаля со шлифом	Лабораторная посуда и принадлежности из стекла/Колбы Къельдаля со шлифом		10006620	https://minimed.ru/catalog.pdf	minimed.ru (PDF-каталог)

Лабораторная посуда и принадлежности из стекла/Колбы мерные с пришлифованной пробкой						
2-10-2	Колба мерная с пришлифованной пробкой	Лабораторная посуда и принадлежности из стекла/Колбы мерные с пришлифованной пробкой		10001159	https://minimed.ru/catalog.pdf	minimed.ru (PDF-каталог)
2-100-2	Колба мерная с пришлифованной пробкой	Лабораторная посуда и принадлежности из стекла/Колбы мерные с пришлифованной пробкой		10001205	https://minimed.ru/catalog.pdf	minimed.ru (PDF-каталог)

Лабораторная посуда и принадлежности из стекла/Пипетки вместимости						
	Пипетка вместимости	Лабораторная посуда и принадлежности из стекла/Пипетки вместимости		10001720	https://minimed.ru/catalog.pdf	minimed.ru (PDF-каталог)
	Пипетка вместимости	Лабораторная посуда и принадлежности из стекла/Пипетки вместимости		10001721	https://minimed.ru/catalog.pdf	minimed.ru (PDF-каталог)
	Пипетка вместимости	Лабораторная посуда и принадлежности из стекла/Пипетки вместимости		10001722	https://minimed.ru/catalog.pdf	minimed.ru (PDF-каталог)
	Пипетка вместимости	Лабораторная посуда и принадлежности из стекла/Пипетки вместимости		10001723	https://minimed.ru/catalog.pdf	minimed.ru (PDF-каталог)
	Пипетка вместимости	Лабораторная посуда и принадлежности из стекла/Пипетки вместимости		10001724	https://minimed.ru/catalog.pdf	minimed.ru (PDF-каталог)

Лабораторная посуда и принадлежности из стекла/Прибор Флоринского для постановки						
	Прибор Флоринского для постановки	Лабораторная посуда и принадлежности из стекла/Прибор Флоринского для постановки		21001667	https://minimed.ru/catalog.pdf	minimed.ru (PDF-каталог)

Лабораторная посуда и принадлежности из стекла/Прибор для отмеривания серной кислоты						
	Прибор для отмеривания серной кислоты	Лабораторная посуда и принадлежности из стекла/Прибор для отмеривания серной кислоты		21001607	https://minimed.ru/catalog.pdf	minimed.ru (PDF-каталог)

Лабораторная посуда и принадлежности из стекла/Пробирки конические центрифужные						
П-1-10-0,2	Пробирка коническая центрифужная	Лабораторная посуда и принадлежности из стекла/Пробирки конические центрифужные		10005304	https://minimed.ru/catalog.pdf	minimed.ru (PDF-каталог)
П1-10	Пробирка коническая центрифужная	Лабораторная посуда и принадлежности из стекла/Пробирки конические центрифужные		10005007	https://minimed.ru/catalog.pdf	minimed.ru (PDF-каталог)

Лабораторная посуда и принадлежности из стекла/Пробки литые						
КШ-10/19	Пробка литая	Лабораторная посуда и принадлежности из стекла/Пробки литые		12002921	https://minimed.ru/catalog.pdf	minimed.ru (PDF-каталог)
КШ-14/23	Пробка литая	Лабораторная посуда и принадлежности из стекла/Пробки литые		12002923	https://minimed.ru/catalog.pdf	minimed.ru (PDF-каталог)
КШ-19/26	Пробка литая	Лабораторная посуда и принадлежности из стекла/Пробки литые		12002925	https://minimed.ru/catalog.pdf	minimed.ru (PDF-каталог)

Лабораторная посуда и принадлежности из стекла/Пробки пустотелые						
КШ-7/16	Пробка пустотелая	Лабораторная посуда и принадлежности из стекла/Пробки пустотелые		12002960	https://minimed.ru/catalog.pdf	minimed.ru (PDF-каталог)

Лабораторная посуда и принадлежности из стекла/Цилиндры мерные на стеклянном основании						
2-1000-2	Цилиндр мерный на стеклянном основании	Лабораторная посуда и принадлежности из стекла/Цилиндры мерные на стеклянном основании		10004400	https://minimed.ru/catalog.pdf	minimed.ru (PDF-каталог)

Лабораторная посуда и принадлежности из стекла/Часы песочные						
ЧПН-1	Часы песочные	Лабораторная посуда и принадлежности из стекла/Часы песочные		12004701	https://minimed.ru/catalog.pdf	minimed.ru (PDF-каталог)
ЧПН-2	Часы песочные	Лабораторная посуда и принадлежности из стекла/Часы песочные		12004702	https://minimed.ru/catalog.pdf	minimed.ru (PDF-каталог)
ЧПН-3	Часы песочные	Лабораторная посуда и принадлежности из стекла/Часы песочные		12004703	https://minimed.ru/catalog.pdf	minimed.ru (PDF-каталог)
ЧПН-5	Часы песочные	Лабораторная посуда и принадлежности из стекла/Часы песочные		12004704	https://minimed.ru/catalog.pdf	minimed.ru (PDF-каталог)
ЧПН-10	Часы песочные	Лабораторная посуда и принадлежности из стекла/Часы песочные		12004705	https://minimed.ru/catalog.pdf	minimed.ru (PDF-каталог)
ЧПН-15	Часы песочные	Лабораторная посуда и принадлежности из стекла/Часы песочные		12004706	https://minimed.ru/catalog.pdf	minimed.ru (PDF-каталог)
ЧПН-20	Часы песочные	Лабораторная посуда и принадлежности из стекла/Часы песочные		12004707	https://minimed.ru/catalog.pdf	minimed.ru (PDF-каталог)

Лабораторная посуда и принадлежности из стекла/Размер, мм: длина 160±1,0; диаметр 5±1,0;						
	Размер, мм: длина 160±1,0; диаметр 5±1,0;	Лабораторная посуда и принадлежности из стекла/Размер, мм: длина 160±1,0; диаметр 5±1,0;		10005001	https://minimed.ru/catalog.pdf	minimed.ru (PDF-каталог)

Лабораторная посуда и принадлежности из пластика/Емкости (бутыли) для общелабораторного 47						
	Емкость (бутыли) для общелабораторного 47	Лабораторная посуда и принадлежности из пластика/Емкости (бутыли) для общелабораторного 47		11001507	https://minimed.ru/catalog.pdf	minimed.ru (PDF-каталог)
	Емкость (бутыли) для общелабораторного 47	Лабораторная посуда и принадлежности из пластика/Емкости (бутыли) для общелабораторного 47		11001508	https://minimed.ru/catalog.pdf	minimed.ru (PDF-каталог)
	Емкость (бутыли) для общелабораторного 47	Лабораторная посуда и принадлежности из пластика/Емкости (бутыли) для общелабораторного 47		11001549	https://minimed.ru/catalog.pdf	minimed.ru (PDF-каталог)
	Емкость (бутыли) для общелабораторного 47	Лабораторная посуда и принадлежности из пластика/Емкости (бутыли) для общелабораторного 47		11001580	https://minimed.ru/catalog.pdf	minimed.ru (PDF-каталог)

Лабораторная посуда и принадлежности из пластика/Емкости для взвешивания						
	Емкость для взвешивания	Лабораторная посуда и принадлежности из пластика/Емкости для взвешивания		12009365	https://minimed.ru/catalog.pdf	minimed.ru (PDF-каталог)
	Емкость для взвешивания	Лабораторная посуда и принадлежности из пластика/Емкости для взвешивания		12007858	https://minimed.ru/catalog.pdf	minimed.ru (PDF-каталог)
	Емкость для взвешивания	Лабораторная посуда и принадлежности из пластика/Емкости для взвешивания		12009368	https://minimed.ru/catalog.pdf	minimed.ru (PDF-каталог)
	Емкость для взвешивания	Лабораторная посуда и принадлежности из пластика/Емкости для взвешивания		12009363	https://minimed.ru/catalog.pdf	minimed.ru (PDF-каталог)
	Емкость для взвешивания	Лабораторная посуда и принадлежности из пластика/Емкости для взвешивания		12009023	https://minimed.ru/catalog.pdf	minimed.ru (PDF-каталог)
	Емкость для взвешивания	Лабораторная посуда и принадлежности из пластика/Емкости для взвешивания		12009364	https://minimed.ru/catalog.pdf	minimed.ru (PDF-каталог)

Лабораторная посуда и принадлежности из пластика/Ковши						
	Ковши	Лабораторная посуда и принадлежности из пластика/Ковши		12004808	https://minimed.ru/catalog.pdf	minimed.ru (PDF-каталог)
	Ковши	Лабораторная посуда и принадлежности из пластика/Ковши		12004807	https://minimed.ru/catalog.pdf	minimed.ru (PDF-каталог)

Лабораторная посуда и принадлежности из пластика/Преимущества использования:						
	Преимущества использования:	Лабораторная посуда и принадлежности из пластика/Преимущества использования:		12001406	https://minimed.ru/catalog.pdf	minimed.ru (PDF-каталог)

Лабораторная посуда и принадлежности из пластика/В качестве принадлежностей в комплект поставки входят два						
ЕДПО-10Д-01	(875×230×160)±7% (700×180×130)±7%	Лабораторная посуда и принадлежности из пластика/В качестве принадлежностей в комплект поставки входят два		11001126	https://minimed.ru/catalog.pdf	minimed.ru (PDF-каталог)

Лабораторная посуда и принадлежности из пластика/Контейнеры с завинчивающейся крышкой						
	Контейнеры с завинчивающейся крышкой	Лабораторная посуда и принадлежности из пластика/Контейнеры с завинчивающейся крышкой		12002815	https://minimed.ru/catalog.pdf	minimed.ru (PDF-каталог)

Лабораторная посуда и принадлежности из пластика/Контейнеры с завинчивающейся крышкой, шпателем-ложкой						
	Контейнеры с завинчивающейся крышкой, шпателем-ложкой	Лабораторная посуда и принадлежности из пластика/Контейнеры с завинчивающейся крышкой, шпателем-ложкой		12002811	https://minimed.ru/catalog.pdf	minimed.ru (PDF-каталог)

Лабораторная посуда и принадлежности из пластика/Могут использоваться в административно- органических отходов (органы и ткани),						
	Могут использоваться в административно- органических отходов (органы и ткани),	Лабораторная посуда и принадлежности из пластика/Могут использоваться в административно- органических отходов (органы и ткани),		25000202	https://minimed.ru/catalog.pdf	minimed.ru (PDF-каталог)

Лабораторная посуда и принадлежности из пластика/Переходники для трубок						
	Переходники для трубок	Лабораторная посуда и принадлежности из пластика/Переходники для трубок		12004304	https://minimed.ru/catalog.pdf	minimed.ru (PDF-каталог)

Лабораторная посуда и принадлежности из пластика/Переходники асимметричные						
	Переходники асимметричные	Лабораторная посуда и принадлежности из пластика/Переходники асимметричные		12011310	https://minimed.ru/catalog.pdf	minimed.ru (PDF-каталог)
	Переходники асимметричные	Лабораторная посуда и принадлежности из пластика/Переходники асимметричные		12011322	https://minimed.ru/catalog.pdf	minimed.ru (PDF-каталог)
	Переходники асимметричные	Лабораторная посуда и принадлежности из пластика/Переходники асимметричные		12011327	https://minimed.ru/catalog.pdf	minimed.ru (PDF-каталог)

Лабораторная посуда и принадлежности из пластика/Переходники симметричные						
	Переходники симметричные	Лабораторная посуда и принадлежности из пластика/Переходники симметричные		12011311	https://minimed.ru/catalog.pdf	minimed.ru (PDF-каталог)
	Переходники симметричные	Лабораторная посуда и принадлежности из пластика/Переходники симметричные		12011370	https://minimed.ru/catalog.pdf	minimed.ru (PDF-каталог)
	Переходники симметричные	Лабораторная посуда и принадлежности из пластика/Переходники симметричные		12011312	https://minimed.ru/catalog.pdf	minimed.ru (PDF-каталог)
	Переходники симметричные	Лабораторная посуда и принадлежности из пластика/Переходники симметричные		12011328	https://minimed.ru/catalog.pdf	minimed.ru (PDF-каталог)
	Переходники симметричные	Лабораторная посуда и принадлежности из пластика/Переходники симметричные		12011313	https://minimed.ru/catalog.pdf	minimed.ru (PDF-каталог)

Лабораторная посуда и принадлежности из пластика/Переходники Y-образные 60°						
	Переходники Y-образные 60°	Лабораторная посуда и принадлежности из пластика/Переходники Y-образные 60°		12011314	https://minimed.ru/catalog.pdf	minimed.ru (PDF-каталог)
	Переходники Y-образные 60°	Лабораторная посуда и принадлежности из пластика/Переходники Y-образные 60°		12011315	https://minimed.ru/catalog.pdf	minimed.ru (PDF-каталог)
	Переходники Y-образные 60°	Лабораторная посуда и принадлежности из пластика/Переходники Y-образные 60°		12011316	https://minimed.ru/catalog.pdf	minimed.ru (PDF-каталог)
	Переходники Y-образные 60°	Лабораторная посуда и принадлежности из пластика/Переходники Y-образные 60°		12011317	https://minimed.ru/catalog.pdf	minimed.ru (PDF-каталог)
	Переходники Y-образные 60°	Лабораторная посуда и принадлежности из пластика/Переходники Y-образные 60°		12011318	https://minimed.ru/catalog.pdf	minimed.ru (PDF-каталог)

Лабораторная посуда и принадлежности из пластика/Переходники Y-образные 120°						
	Переходники Y-образные 120°	Лабораторная посуда и принадлежности из пластика/Переходники Y-образные 120°		12011356	https://minimed.ru/catalog.pdf	minimed.ru (PDF-каталог)
	Переходники Y-образные 120°	Лабораторная посуда и принадлежности из пластика/Переходники Y-образные 120°		12011357	https://minimed.ru/catalog.pdf	minimed.ru (PDF-каталог)
	Переходники Y-образные 120°	Лабораторная посуда и принадлежности из пластика/Переходники Y-образные 120°		12011358	https://minimed.ru/catalog.pdf	minimed.ru (PDF-каталог)

Лабораторная посуда и принадлежности из пластика/Переходники Г-образные						
	Переходники Г-образные	Лабораторная посуда и принадлежности из пластика/Переходники Г-образные		12009077	https://minimed.ru/catalog.pdf	minimed.ru (PDF-каталог)
	Переходники Г-образные	Лабораторная посуда и принадлежности из пластика/Переходники Г-образные		12009111	https://minimed.ru/catalog.pdf	minimed.ru (PDF-каталог)
	Переходники Г-образные	Лабораторная посуда и принадлежности из пластика/Переходники Г-образные		12009112	https://minimed.ru/catalog.pdf	minimed.ru (PDF-каталог)

Лабораторная посуда и принадлежности из пластика/Переходники крестообразные						
	Переходники крестообразные	Лабораторная посуда и принадлежности из пластика/Переходники крестообразные		12011351	https://minimed.ru/catalog.pdf	minimed.ru (PDF-каталог)
	Переходники крестообразные	Лабораторная посуда и принадлежности из пластика/Переходники крестообразные		12011352	https://minimed.ru/catalog.pdf	minimed.ru (PDF-каталог)

Лабораторная посуда и принадлежности из пластика/Переходники Т-образные						
	Переходники Т-образные	Лабораторная посуда и принадлежности из пластика/Переходники Т-образные		12011362	https://minimed.ru/catalog.pdf	minimed.ru (PDF-каталог)
	Переходники Т-образные	Лабораторная посуда и принадлежности из пластика/Переходники Т-образные		12009082	https://minimed.ru/catalog.pdf	minimed.ru (PDF-каталог)
	Переходники Т-образные	Лабораторная посуда и принадлежности из пластика/Переходники Т-образные		12011363	https://minimed.ru/catalog.pdf	minimed.ru (PDF-каталог)
	Переходники Т-образные	Лабораторная посуда и принадлежности из пластика/Переходники Т-образные		12011364	https://minimed.ru/catalog.pdf	minimed.ru (PDF-каталог)
	Переходники Т-образные	Лабораторная посуда и принадлежности из пластика/Переходники Т-образные		12011366	https://minimed.ru/catalog.pdf	minimed.ru (PDF-каталог)

Лабораторная посуда и принадлежности из пластика/Петли полимерные (эластичные) с иглой						
	Петли полимерные (эластичные) с иглой	Лабораторная посуда и принадлежности из пластика/Петли полимерные (эластичные) с иглой		12007343	https://minimed.ru/catalog.pdf	minimed.ru (PDF-каталог)
	Петли полимерные (эластичные) с иглой	Лабораторная посуда и принадлежности из пластика/Петли полимерные (эластичные) с иглой		12007345	https://minimed.ru/catalog.pdf	minimed.ru (PDF-каталог)
	Петли полимерные (эластичные) с иглой	Лабораторная посуда и принадлежности из пластика/Петли полимерные (эластичные) с иглой		12007346	https://minimed.ru/catalog.pdf	minimed.ru (PDF-каталог)
	Петли полимерные (эластичные) с иглой	Лабораторная посуда и принадлежности из пластика/Петли полимерные (эластичные) с иглой		12007362	https://minimed.ru/catalog.pdf	minimed.ru (PDF-каталог)

Лабораторная посуда и принадлежности из пластика/Пипетки Пастера для переноса жидкости						
	Пипетка Пастера для переноса жидкости	Лабораторная посуда и принадлежности из пластика/Пипетки Пастера для переноса жидкости		12006615	https://minimed.ru/catalog.pdf	minimed.ru (PDF-каталог)

Лабораторная посуда и принадлежности из пластика/Нестерильные						
	Нестерильные	Лабораторная посуда и принадлежности из пластика/Нестерильные		12006631	https://minimed.ru/catalog.pdf	minimed.ru (PDF-каталог)

Лабораторная посуда и принадлежности из пластика/Индивидуальная упаковка.						
	Индивидуальная упаковка.	Лабораторная посуда и принадлежности из пластика/Индивидуальная упаковка.		11000930	https://minimed.ru/catalog.pdf	minimed.ru (PDF-каталог)
	Индивидуальная упаковка.	Лабораторная посуда и принадлежности из пластика/Индивидуальная упаковка.		11000931	https://minimed.ru/catalog.pdf	minimed.ru (PDF-каталог)
	Индивидуальная упаковка.	Лабораторная посуда и принадлежности из пластика/Индивидуальная упаковка.		11000932	https://minimed.ru/catalog.pdf	minimed.ru (PDF-каталог)
	Индивидуальная упаковка.	Лабораторная посуда и принадлежности из пластика/Индивидуальная упаковка.		11000933	https://minimed.ru/catalog.pdf	minimed.ru (PDF-каталог)
	Индивидуальная упаковка.	Лабораторная посуда и принадлежности из пластика/Индивидуальная упаковка.		11000934	https://minimed.ru/catalog.pdf	minimed.ru (PDF-каталог)

Лабораторная посуда и принадлежности из пластика/Ступенчатая внутренняя поверхность подставки						
	Ступенчатая внутренняя поверхность подставки	Лабораторная посуда и принадлежности из пластика/Ступенчатая внутренняя поверхность подставки		12007705	https://minimed.ru/catalog.pdf	minimed.ru (PDF-каталог)

Лабораторная посуда и принадлежности из пластика/Планшеты						
	Планшеты	Лабораторная посуда и принадлежности из пластика/Планшеты		12002734	https://minimed.ru/catalog.pdf	minimed.ru (PDF-каталог)

Лабораторная посуда и принадлежности из пластика/Пробирки конические центрифужные						
	Пробирка коническая центрифужная	Лабораторная посуда и принадлежности из пластика/Пробирки конические центрифужные		11005414	https://minimed.ru/catalog.pdf	minimed.ru (PDF-каталог)
	Пробирка коническая центрифужная	Лабораторная посуда и принадлежности из пластика/Пробирки конические центрифужные		11005428	https://minimed.ru/catalog.pdf	minimed.ru (PDF-каталог)
	Пробирка коническая центрифужная	Лабораторная посуда и принадлежности из пластика/Пробирки конические центрифужные		11005427	https://minimed.ru/catalog.pdf	minimed.ru (PDF-каталог)
	Пробирка коническая центрифужная	Лабораторная посуда и принадлежности из пластика/Пробирки конические центрифужные		11005412	https://minimed.ru/catalog.pdf	minimed.ru (PDF-каталог)
	Пробирка коническая центрифужная	Лабораторная посуда и принадлежности из пластика/Пробирки конические центрифужные		11005434	https://minimed.ru/catalog.pdf	minimed.ru (PDF-каталог)
	Пробирка коническая центрифужная	Лабораторная посуда и принадлежности из пластика/Пробирки конические центрифужные		11005429	https://minimed.ru/catalog.pdf	minimed.ru (PDF-каталог)
	Пробирка коническая центрифужная	Лабораторная посуда и принадлежности из пластика/Пробирки конические центрифужные		11005435	https://minimed.ru/catalog.pdf	minimed.ru (PDF-каталог)
	Пробирка коническая центрифужная	Лабораторная посуда и принадлежности из пластика/Пробирки конические центрифужные		11005494	https://minimed.ru/catalog.pdf	minimed.ru (PDF-каталог)
	Пробирка коническая центрифужная	Лабораторная посуда и принадлежности из пластика/Пробирки конические центрифужные		11005495	https://minimed.ru/catalog.pdf	minimed.ru (PDF-каталог)
	Пробирка коническая центрифужная	Лабораторная посуда и принадлежности из пластика/Пробирки конические центрифужные		11005483	https://minimed.ru/catalog.pdf	minimed.ru (PDF-каталог)

Лабораторная посуда и принадлежности из пластика/Пробирки для ПЦР без ДНК-аз, РНК-аз и ДНК						
	Пробирка для ПЦР без ДНК-аз, РНК-аз и ДНК	Лабораторная посуда и принадлежности из пластика/Пробирки для ПЦР без ДНК-аз, РНК-аз и ДНК		11005450	https://minimed.ru/catalog.pdf	minimed.ru (PDF-каталог)

Лабораторная посуда и принадлежности из пластика/Пробирки цветные.						
	Пробирка цветные.	Лабораторная посуда и принадлежности из пластика/Пробирки цветные.		11005553	https://minimed.ru/catalog.pdf	minimed.ru (PDF-каталог)
	Пробирка цветные.	Лабораторная посуда и принадлежности из пластика/Пробирки цветные.		11005531	https://minimed.ru/catalog.pdf	minimed.ru (PDF-каталог)
	Пробирка цветные.	Лабораторная посуда и принадлежности из пластика/Пробирки цветные.		11005532	https://minimed.ru/catalog.pdf	minimed.ru (PDF-каталог)
	Пробирка цветные.	Лабораторная посуда и принадлежности из пластика/Пробирки цветные.		11005533	https://minimed.ru/catalog.pdf	minimed.ru (PDF-каталог)

Лабораторная посуда и принадлежности из пластика/Пробирки с цитратом натрия 3,8%						
	Пробирка с цитратом натрия 3,8%	Лабораторная посуда и принадлежности из пластика/Пробирки с цитратом натрия 3,8%		11005423	https://minimed.ru/catalog.pdf	minimed.ru (PDF-каталог)
	Пробирка с цитратом натрия 3,8%	Лабораторная посуда и принадлежности из пластика/Пробирки с цитратом натрия 3,8%		11005416	https://minimed.ru/catalog.pdf	minimed.ru (PDF-каталог)
	Пробирка с цитратом натрия 3,8%	Лабораторная посуда и принадлежности из пластика/Пробирки с цитратом натрия 3,8%		11005424	https://minimed.ru/catalog.pdf	minimed.ru (PDF-каталог)

Лабораторная посуда и принадлежности из пластика/80 пробирки - полистирол; пробки - полиэтилен. Имеется						
	80 пробирки - полистирол; пробки - полиэтилен. Имеется	Лабораторная посуда и принадлежности из пластика/80 пробирки - полистирол; пробки - полиэтилен. Имеется		11005624	https://minimed.ru/catalog.pdf	minimed.ru (PDF-каталог)
	80 пробирки - полистирол; пробки - полиэтилен. Имеется	Лабораторная посуда и принадлежности из пластика/80 пробирки - полистирол; пробки - полиэтилен. Имеется		11005626	https://minimed.ru/catalog.pdf	minimed.ru (PDF-каталог)

Лабораторная посуда и принадлежности из пластика/Нестерильные. Материалы: пробирка - полипропилен;						
	Нестерильные. Материалы: пробирка - полипропилен;	Лабораторная посуда и принадлежности из пластика/Нестерильные. Материалы: пробирка - полипропилен;		11005609	https://minimed.ru/catalog.pdf	minimed.ru (PDF-каталог)

Лабораторная посуда и принадлежности из пластика/Пробирки с К3–ЭДТА для взятия						
	Пробирка с К3–ЭДТА для взятия	Лабораторная посуда и принадлежности из пластика/Пробирки с К3–ЭДТА для взятия		12006200	https://minimed.ru/catalog.pdf	minimed.ru (PDF-каталог)

Лабораторная посуда и принадлежности из пластика/ПЭТФ. Нестерильные.						
	ПЭТФ. Нестерильные.	Лабораторная посуда и принадлежности из пластика/ПЭТФ. Нестерильные.		11005656	https://minimed.ru/catalog.pdf	minimed.ru (PDF-каталог)
	ПЭТФ. Нестерильные.	Лабораторная посуда и принадлежности из пластика/ПЭТФ. Нестерильные.		11005657	https://minimed.ru/catalog.pdf	minimed.ru (PDF-каталог)
	ПЭТФ. Нестерильные.	Лабораторная посуда и принадлежности из пластика/ПЭТФ. Нестерильные.		11005707	https://minimed.ru/catalog.pdf	minimed.ru (PDF-каталог)
	ПЭТФ. Нестерильные.	Лабораторная посуда и принадлежности из пластика/ПЭТФ. Нестерильные.		11005694	https://minimed.ru/catalog.pdf	minimed.ru (PDF-каталог)

Лабораторная посуда и принадлежности из пластика/Пробирки цилиндрические						
	Пробирка цилиндрическая	Лабораторная посуда и принадлежности из пластика/Пробирки цилиндрические		11005708	https://minimed.ru/catalog.pdf	minimed.ru (PDF-каталог)
	Пробирка цилиндрическая	Лабораторная посуда и принадлежности из пластика/Пробирки цилиндрические		11005623	https://minimed.ru/catalog.pdf	minimed.ru (PDF-каталог)
	Пробирка цилиндрическая	Лабораторная посуда и принадлежности из пластика/Пробирки цилиндрические		11005600	https://minimed.ru/catalog.pdf	minimed.ru (PDF-каталог)
	Пробирка цилиндрическая	Лабораторная посуда и принадлежности из пластика/Пробирки цилиндрические		11005644	https://minimed.ru/catalog.pdf	minimed.ru (PDF-каталог)
	Пробирка цилиндрическая	Лабораторная посуда и принадлежности из пластика/Пробирки цилиндрические		11005614	https://minimed.ru/catalog.pdf	minimed.ru (PDF-каталог)
	Пробирка цилиндрическая	Лабораторная посуда и принадлежности из пластика/Пробирки цилиндрические		11005622	https://minimed.ru/catalog.pdf	minimed.ru (PDF-каталог)
	Пробирка цилиндрическая	Лабораторная посуда и принадлежности из пластика/Пробирки цилиндрические		11005643	https://minimed.ru/catalog.pdf	minimed.ru (PDF-каталог)
	Пробирка цилиндрическая	Лабораторная посуда и принадлежности из пластика/Пробирки цилиндрические		11005636	https://minimed.ru/catalog.pdf	minimed.ru (PDF-каталог)
	Пробирка цилиндрическая	Лабораторная посуда и принадлежности из пластика/Пробирки цилиндрические		11005615	https://minimed.ru/catalog.pdf	minimed.ru (PDF-каталог)
	Пробирка цилиндрическая	Лабораторная посуда и принадлежности из пластика/Пробирки цилиндрические		11005620	https://minimed.ru/catalog.pdf	minimed.ru (PDF-каталог)
	Пробирка цилиндрическая	Лабораторная посуда и принадлежности из пластика/Пробирки цилиндрические		11005638	https://minimed.ru/catalog.pdf	minimed.ru (PDF-каталог)
	Пробирка цилиндрическая	Лабораторная посуда и принадлежности из пластика/Пробирки цилиндрические		11005616	https://minimed.ru/catalog.pdf	minimed.ru (PDF-каталог)
	Пробирка цилиндрическая	Лабораторная посуда и принадлежности из пластика/Пробирки цилиндрические		11005705	https://minimed.ru/catalog.pdf	minimed.ru (PDF-каталог)
	Пробирка цилиндрическая	Лабораторная посуда и принадлежности из пластика/Пробирки цилиндрические		11005497	https://minimed.ru/catalog.pdf	minimed.ru (PDF-каталог)

Лабораторная посуда и принадлежности из пластика/Пробки мембранные						
	Пробка мембранные	Лабораторная посуда и принадлежности из пластика/Пробки мембранные		12002980	https://minimed.ru/catalog.pdf	minimed.ru (PDF-каталог)

Лабораторная посуда и принадлежности из пластика/Стакан низкий 30 мл						
	Стакан низкий 30 мл	Лабораторная посуда и принадлежности из пластика/Стакан низкий 30 мл		11000505	https://minimed.ru/catalog.pdf	minimed.ru (PDF-каталог)

Лабораторная посуда и принадлежности из пластика/Произведено в Китае						
	Произведено в Китае	Лабораторная посуда и принадлежности из пластика/Произведено в Китае		11000850	https://minimed.ru/catalog.pdf	minimed.ru (PDF-каталог)
	Произведено в Китае	Лабораторная посуда и принадлежности из пластика/Произведено в Китае		11000310	https://minimed.ru/catalog.pdf	minimed.ru (PDF-каталог)
	Произведено в Китае	Лабораторная посуда и принадлежности из пластика/Произведено в Китае		11000311	https://minimed.ru/catalog.pdf	minimed.ru (PDF-каталог)
	Произведено в Китае	Лабораторная посуда и принадлежности из пластика/Произведено в Китае		11000312	https://minimed.ru/catalog.pdf	minimed.ru (PDF-каталог)

Лабораторная посуда и принадлежности из пластика/Стерилизация автоклавированием.						
	Стерилизация автоклавированием.	Лабораторная посуда и принадлежности из пластика/Стерилизация автоклавированием.		11000221	https://minimed.ru/catalog.pdf	minimed.ru (PDF-каталог)

Лабораторная посуда и принадлежности из пластика/Чашки Петри стерильные						
	Чашка Петри стерильные	Лабораторная посуда и принадлежности из пластика/Чашки Петри стерильные		11000260	https://minimed.ru/catalog.pdf	minimed.ru (PDF-каталог)
	Чашка Петри стерильные	Лабораторная посуда и принадлежности из пластика/Чашки Петри стерильные		11000215	https://minimed.ru/catalog.pdf	minimed.ru (PDF-каталог)
	Чашка Петри стерильные	Лабораторная посуда и принадлежности из пластика/Чашки Петри стерильные		11000257	https://minimed.ru/catalog.pdf	minimed.ru (PDF-каталог)

Лабораторная посуда и принадлежности из пластика/Чашки микробиологические						
	Чашка микробиологические	Лабораторная посуда и принадлежности из пластика/Чашки микробиологические		11000270	https://minimed.ru/catalog.pdf	minimed.ru (PDF-каталог)

Лабораторная посуда и принадлежности из пластика/Емкости заказываются дополнительно (арт. 12001153,						
	Емкость заказываются дополнительно (арт. 12001153,	Лабораторная посуда и принадлежности из пластика/Емкости заказываются дополнительно (арт. 12001153,		12001404	https://minimed.ru/catalog.pdf	minimed.ru (PDF-каталог)

Лабораторная посуда и принадлежности из фарфора/Вставки покрыты глазурью за исключением						
	Вставка покрыты глазурью за исключением	Лабораторная посуда и принадлежности из фарфора/Вставки покрыты глазурью за исключением		10004841	https://minimed.ru/catalog.pdf	minimed.ru (PDF-каталог)

Лабораторная посуда и принадлежности из фарфора/Ступки						
	Ступки	Лабораторная посуда и принадлежности из фарфора/Ступки		13000126	https://minimed.ru/catalog.pdf	minimed.ru (PDF-каталог)
	Ступки	Лабораторная посуда и принадлежности из фарфора/Ступки		13000127	https://minimed.ru/catalog.pdf	minimed.ru (PDF-каталог)
	Ступки	Лабораторная посуда и принадлежности из фарфора/Ступки		13000102	https://minimed.ru/catalog.pdf	minimed.ru (PDF-каталог)
	Ступки	Лабораторная посуда и принадлежности из фарфора/Ступки		13000103	https://minimed.ru/catalog.pdf	minimed.ru (PDF-каталог)
	Ступки	Лабораторная посуда и принадлежности из фарфора/Ступки		13000104	https://minimed.ru/catalog.pdf	minimed.ru (PDF-каталог)
	Ступки	Лабораторная посуда и принадлежности из фарфора/Ступки		13000105	https://minimed.ru/catalog.pdf	minimed.ru (PDF-каталог)
	Ступки	Лабораторная посуда и принадлежности из фарфора/Ступки		13000128	https://minimed.ru/catalog.pdf	minimed.ru (PDF-каталог)

Лабораторная посуда и принадлежности из фарфора/Произведено в Китае						
	Произведено в Китае	Лабораторная посуда и принадлежности из фарфора/Произведено в Китае		13000320	https://minimed.ru/catalog.pdf	minimed.ru (PDF-каталог)
	Произведено в Китае	Лабораторная посуда и принадлежности из фарфора/Произведено в Китае		13000345	https://minimed.ru/catalog.pdf	minimed.ru (PDF-каталог)
	Произведено в Китае	Лабораторная посуда и принадлежности из фарфора/Произведено в Китае		13000324	https://minimed.ru/catalog.pdf	minimed.ru (PDF-каталог)

Лабораторная посуда и принадлежности прочие/Габаритные размеры, мм - (390×190×175)±5,0.						
	Габаритные размеры, мм - (390×190×175)±5,0.	Лабораторная посуда и принадлежности прочие/Габаритные размеры, мм - (390×190×175)±5,0.		12004515	https://minimed.ru/catalog.pdf	minimed.ru (PDF-каталог)

Лабораторная посуда и принадлежности прочие/СанПин для данного вида изделий. Упаковка 100 шт.						
	СанПин для данного вида изделий. Упаковка 100 шт.	Лабораторная посуда и принадлежности прочие/СанПин для данного вида изделий. Упаковка 100 шт.		12002212	https://minimed.ru/catalog.pdf	minimed.ru (PDF-каталог)
	СанПин для данного вида изделий. Упаковка 100 шт.	Лабораторная посуда и принадлежности прочие/СанПин для данного вида изделий. Упаковка 100 шт.		12002214	https://minimed.ru/catalog.pdf	minimed.ru (PDF-каталог)
	СанПин для данного вида изделий. Упаковка 100 шт.	Лабораторная посуда и принадлежности прочие/СанПин для данного вида изделий. Упаковка 100 шт.		12002213	https://minimed.ru/catalog.pdf	minimed.ru (PDF-каталог)
	СанПин для данного вида изделий. Упаковка 100 шт.	Лабораторная посуда и принадлежности прочие/СанПин для данного вида изделий. Упаковка 100 шт.		12002203	https://minimed.ru/catalog.pdf	minimed.ru (PDF-каталог)
	СанПин для данного вида изделий. Упаковка 100 шт.	Лабораторная посуда и принадлежности прочие/СанПин для данного вида изделий. Упаковка 100 шт.		12002231	https://minimed.ru/catalog.pdf	minimed.ru (PDF-каталог)

Лабораторная посуда и принадлежности прочие/Размер, мм - 96×185. Индивидуальная упаковка.						
	Размер, мм - 96×185. Индивидуальная упаковка.	Лабораторная посуда и принадлежности прочие/Размер, мм - 96×185. Индивидуальная упаковка.		12009019	https://minimed.ru/catalog.pdf	minimed.ru (PDF-каталог)

Лабораторная посуда и принадлежности прочие/Парапласт дважды профильтрован, что исключает						
	Парапласт дважды профильтрован, что исключает	Лабораторная посуда и принадлежности прочие/Парапласт дважды профильтрован, что исключает		14005605	https://minimed.ru/catalog.pdf	minimed.ru (PDF-каталог)

Лабораторная посуда и принадлежности прочие/По истечении 48 часов пленка может стать хрупкой.						
	По истечении 48 часов пленка может стать хрупкой.	Лабораторная посуда и принадлежности прочие/По истечении 48 часов пленка может стать хрупкой.		12002750	https://minimed.ru/catalog.pdf	minimed.ru (PDF-каталог)

Лабораторная посуда и принадлежности прочие/Пробки резиновые						
	Пробка резиновые	Лабораторная посуда и принадлежности прочие/Пробки резиновые		12002951	https://minimed.ru/catalog.pdf	minimed.ru (PDF-каталог)
	Пробка резиновые	Лабораторная посуда и принадлежности прочие/Пробки резиновые		12002918	https://minimed.ru/catalog.pdf	minimed.ru (PDF-каталог)
	Пробка резиновые	Лабораторная посуда и принадлежности прочие/Пробки резиновые		12002952	https://minimed.ru/catalog.pdf	minimed.ru (PDF-каталог)
	Пробка резиновые	Лабораторная посуда и принадлежности прочие/Пробки резиновые		12002908	https://minimed.ru/catalog.pdf	minimed.ru (PDF-каталог)
	Пробка резиновые	Лабораторная посуда и принадлежности прочие/Пробки резиновые		12002909	https://minimed.ru/catalog.pdf	minimed.ru (PDF-каталог)
	Пробка резиновые	Лабораторная посуда и принадлежности прочие/Пробки резиновые		12002910	https://minimed.ru/catalog.pdf	minimed.ru (PDF-каталог)
	Пробка резиновые	Лабораторная посуда и принадлежности прочие/Пробки резиновые		12002911	https://minimed.ru/catalog.pdf	minimed.ru (PDF-каталог)
	Пробка резиновые	Лабораторная посуда и принадлежности прочие/Пробки резиновые		12002912	https://minimed.ru/catalog.pdf	minimed.ru (PDF-каталог)
	Пробка резиновые	Лабораторная посуда и принадлежности прочие/Пробки резиновые		12002929	https://minimed.ru/catalog.pdf	minimed.ru (PDF-каталог)
	Пробка резиновые	Лабораторная посуда и принадлежности прочие/Пробки резиновые		12002913	https://minimed.ru/catalog.pdf	minimed.ru (PDF-каталог)
	Пробка резиновые	Лабораторная посуда и принадлежности прочие/Пробки резиновые		12002914	https://minimed.ru/catalog.pdf	minimed.ru (PDF-каталог)
	Пробка резиновые	Лабораторная посуда и принадлежности прочие/Пробки резиновые		12002915	https://minimed.ru/catalog.pdf	minimed.ru (PDF-каталог)
	Пробка резиновые	Лабораторная посуда и принадлежности прочие/Пробки резиновые		12002916	https://minimed.ru/catalog.pdf	minimed.ru (PDF-каталог)
	Пробка резиновые	Лабораторная посуда и принадлежности прочие/Пробки резиновые		12002917	https://minimed.ru/catalog.pdf	minimed.ru (PDF-каталог)
	Пробка резиновые	Лабораторная посуда и принадлежности прочие/Пробки резиновые		12002948	https://minimed.ru/catalog.pdf	minimed.ru (PDF-каталог)
	Пробка резиновые	Лабораторная посуда и принадлежности прочие/Пробки резиновые		12002984	https://minimed.ru/catalog.pdf	minimed.ru (PDF-каталог)
	Пробка резиновые	Лабораторная посуда и принадлежности прочие/Пробки резиновые		12002905	https://minimed.ru/catalog.pdf	minimed.ru (PDF-каталог)

Лабораторная посуда и принадлежности прочие/1.3б Пробки из бромбутилкаучука.						
	3б Пробки из бромбутилкаучука.	Лабораторная посуда и принадлежности прочие/1.3б Пробки из бромбутилкаучука.		12003069	https://minimed.ru/catalog.pdf	minimed.ru (PDF-каталог)
	3б Пробки из бромбутилкаучука.	Лабораторная посуда и принадлежности прочие/1.3б Пробки из бромбутилкаучука.		12002947	https://minimed.ru/catalog.pdf	minimed.ru (PDF-каталог)

Лабораторная посуда и принадлежности прочие/3.1 Пробки силиконовые конусные 3.2 Пробки силиконовые двухконусные						
	1 Пробки силиконовые конусные 3.2 Пробки силиконовые двухконусные	Лабораторная посуда и принадлежности прочие/3.1 Пробки силиконовые конусные 3.2 Пробки силиконовые двухконусные		12002981	https://minimed.ru/catalog.pdf	minimed.ru (PDF-каталог)

Лабораторная посуда и принадлежности прочие/Спринцовки						
	Спринцовки	Лабораторная посуда и принадлежности прочие/Спринцовки		12003218	https://minimed.ru/catalog.pdf	minimed.ru (PDF-каталог)

Лабораторная посуда и принадлежности прочие/Трубки силиконовые для хирургических дренажей и комплектации						
	Трубка силиконовые для хирургических дренажей и комплектации	Лабораторная посуда и принадлежности прочие/Трубки силиконовые для хирургических дренажей и комплектации		12007916	https://minimed.ru/catalog.pdf	minimed.ru (PDF-каталог)

Лабораторная посуда и принадлежности прочие/Трубки медицинские резиновые						
	Трубка медицинские резиновые	Лабораторная посуда и принадлежности прочие/Трубки медицинские резиновые		12004302	https://minimed.ru/catalog.pdf	minimed.ru (PDF-каталог)

Лабораторная посуда и принадлежности прочие/2.1 Трубки дренажные						
	1 Трубки дренажные	Лабораторная посуда и принадлежности прочие/2.1 Трубки дренажные		12004300	https://minimed.ru/catalog.pdf	minimed.ru (PDF-каталог)
	1 Трубки дренажные	Лабораторная посуда и принадлежности прочие/2.1 Трубки дренажные		12004303	https://minimed.ru/catalog.pdf	minimed.ru (PDF-каталог)

Лабораторная посуда и принадлежности прочие/2.3 Трубки вакуумные						
	3 Трубки вакуумная	Лабораторная посуда и принадлежности прочие/2.3 Трубки вакуумные		12004201	https://minimed.ru/catalog.pdf	minimed.ru (PDF-каталог)
	3 Трубки вакуумная	Лабораторная посуда и принадлежности прочие/2.3 Трубки вакуумные		12004308	https://minimed.ru/catalog.pdf	minimed.ru (PDF-каталог)
	3 Трубки вакуумная	Лабораторная посуда и принадлежности прочие/2.3 Трубки вакуумные		12004307	https://minimed.ru/catalog.pdf	minimed.ru (PDF-каталог)
	3 Трубки вакуумная	Лабораторная посуда и принадлежности прочие/2.3 Трубки вакуумные		12004102	https://minimed.ru/catalog.pdf	minimed.ru (PDF-каталог)
	3 Трубки вакуумная	Лабораторная посуда и принадлежности прочие/2.3 Трубки вакуумные		12004109	https://minimed.ru/catalog.pdf	minimed.ru (PDF-каталог)
	3 Трубки вакуумная	Лабораторная посуда и принадлежности прочие/2.3 Трубки вакуумные		12004134	https://minimed.ru/catalog.pdf	minimed.ru (PDF-каталог)

Лабораторная посуда и принадлежности прочие/Применяются для нанесения мазей и бальзамов,						
	Применяются для нанесения мазей и бальзамов,	Лабораторная посуда и принадлежности прочие/Применяются для нанесения мазей и бальзамов,		12006732	https://minimed.ru/catalog.pdf	minimed.ru (PDF-каталог)

Лабораторное оборудование/Габаритные размеры: высота 30 мм, диаметр 32 мм.						
	Габаритные размеры: высота 30 мм, диаметр 32 мм.	Лабораторное оборудование/Габаритные размеры: высота 30 мм, диаметр 32 мм.		12007608	https://minimed.ru/catalog.pdf	minimed.ru (PDF-каталог)

Лабораторное оборудование/Длительность одного цикла, мин. 5						
	Длительность одного цикла, мин. 5	Лабораторное оборудование/Длительность одного цикла, мин. 5		21000770	https://minimed.ru/catalog.pdf	minimed.ru (PDF-каталог)

Красители и химические реактивы/Красители и химические реактивы						
	Глицерин Ч 1,2 кг	Красители и химические реактивы/Красители и химические реактивы		14004300	https://minimed.ru/catalog.pdf	minimed.ru (PDF-каталог)

Красители и химические реактивы/Йод Ч						
	Кадмий йодистый Ч 0,2 кг	Красители и химические реактивы/Йод Ч		14018600	https://minimed.ru/catalog.pdf	minimed.ru (PDF-каталог)

Красители и химические реактивы/144 14004907 Калий фосфорнокислый 1-замещенный ЧДА 1,0 кг						
	Кристаллический фиолетовый ЧДА	Красители и химические реактивы/144 14004907 Калий фосфорнокислый 1-замещенный ЧДА 1,0 кг		23000509	https://minimed.ru/catalog.pdf	minimed.ru (PDF-каталог)
	Лантан азотнокислый ХЧ 0,1 кг	Красители и химические реактивы/144 14004907 Калий фосфорнокислый 1-замещенный ЧДА 1,0 кг		14024200	https://minimed.ru/catalog.pdf	minimed.ru (PDF-каталог)
	Натрий углекислый кислый ЧДА 1,0 кг	Красители и химические реактивы/144 14004907 Калий фосфорнокислый 1-замещенный ЧДА 1,0 кг		14031403	https://minimed.ru/catalog.pdf	minimed.ru (PDF-каталог)
	Натрий фосфорнокислый 3-х замещенный 12-водны Ч 1,0 кг	Красители и химические реактивы/144 14004907 Калий фосфорнокислый 1-замещенный ЧДА 1,0 кг		14032114	https://minimed.ru/catalog.pdf	minimed.ru (PDF-каталог)
Пропанол-2	ХЧ 0,8 кг/9,6 кг	Красители и химические реактивы/144 14004907 Калий фосфорнокислый 1-замещенный ЧДА 1,0 кг		14032003	https://minimed.ru/catalog.pdf	minimed.ru (PDF-каталог)
	Тальк ТМО ТМО 0,5 кг	Красители и химические реактивы/144 14004907 Калий фосфорнокислый 1-замещенный ЧДА 1,0 кг		14009505	https://minimed.ru/catalog.pdf	minimed.ru (PDF-каталог)
	Хепес ИМП. 0,1 кг	Красители и химические реактивы/144 14004907 Калий фосфорнокислый 1-замещенный ЧДА 1,0 кг		14012011	https://minimed.ru/catalog.pdf	minimed.ru (PDF-каталог)
	Эриохром сине-черный Р ЧДА	Красители и химические реактивы/144 14004907 Калий фосфорнокислый 1-замещенный ЧДА 1,0 кг		23001210	https://minimed.ru/catalog.pdf	minimed.ru (PDF-каталог)
	Фиксанал азотной кислоты 0,1н	Красители и химические реактивы/144 14004907 Калий фосфорнокислый 1-замещенный ЧДА 1,0 кг		12008801	https://minimed.ru/catalog.pdf	minimed.ru (PDF-каталог)
	Фиксанал йода 0,1н	Красители и химические реактивы/144 14004907 Калий фосфорнокислый 1-замещенный ЧДА 1,0 кг		12008807	https://minimed.ru/catalog.pdf	minimed.ru (PDF-каталог)
	Фиксанал калий марганцовокислый 0,1н	Красители и химические реактивы/144 14004907 Калий фосфорнокислый 1-замещенный ЧДА 1,0 кг		12008810	https://minimed.ru/catalog.pdf	minimed.ru (PDF-каталог)
	Фиксанал калия двухромовокислого 0,1н	Красители и химические реактивы/144 14004907 Калий фосфорнокислый 1-замещенный ЧДА 1,0 кг		12008812	https://minimed.ru/catalog.pdf	minimed.ru (PDF-каталог)
	Фиксанал калия хлористого 0,1н	Красители и химические реактивы/144 14004907 Калий фосфорнокислый 1-замещенный ЧДА 1,0 кг		12008814	https://minimed.ru/catalog.pdf	minimed.ru (PDF-каталог)
	Фиксанал магния сернокислого 0,1н	Красители и химические реактивы/144 14004907 Калий фосфорнокислый 1-замещенный ЧДА 1,0 кг		12008816	https://minimed.ru/catalog.pdf	minimed.ru (PDF-каталог)
	Фиксанал натрия серноватистокислого 0,1н	Красители и химические реактивы/144 14004907 Калий фосфорнокислый 1-замещенный ЧДА 1,0 кг		12008820	https://minimed.ru/catalog.pdf	minimed.ru (PDF-каталог)
	Фиксанал натрия едкого 0,1н	Красители и химические реактивы/144 14004907 Калий фосфорнокислый 1-замещенный ЧДА 1,0 кг		12008821	https://minimed.ru/catalog.pdf	minimed.ru (PDF-каталог)
	Фиксанал натрия углекислого 0,1н	Красители и химические реактивы/144 14004907 Калий фосфорнокислый 1-замещенный ЧДА 1,0 кг		12008822	https://minimed.ru/catalog.pdf	minimed.ru (PDF-каталог)
	Фиксанал натрия хлористого 0,1н	Красители и химические реактивы/144 14004907 Калий фосфорнокислый 1-замещенный ЧДА 1,0 кг		12008823	https://minimed.ru/catalog.pdf	minimed.ru (PDF-каталог)
	Фиксанал серной кислоты 0,1н	Красители и химические реактивы/144 14004907 Калий фосфорнокислый 1-замещенный ЧДА 1,0 кг		12008826	https://minimed.ru/catalog.pdf	minimed.ru (PDF-каталог)
	Фиксанал соляной кислоты 0,1н	Красители и химические реактивы/144 14004907 Калий фосфорнокислый 1-замещенный ЧДА 1,0 кг		12008827	https://minimed.ru/catalog.pdf	minimed.ru (PDF-каталог)
	Фиксанал трилона Б 0,1н	Красители и химические реактивы/144 14004907 Калий фосфорнокислый 1-замещенный ЧДА 1,0 кг		12008828	https://minimed.ru/catalog.pdf	minimed.ru (PDF-каталог)
	Фиксанал уксусной кислоты 0,1н	Красители и химические реактивы/144 14004907 Калий фосфорнокислый 1-замещенный ЧДА 1,0 кг		12008829	https://minimed.ru/catalog.pdf	minimed.ru (PDF-каталог)
	Фиксанал щавелевой кислоты 0,1н	Красители и химические реактивы/144 14004907 Калий фосфорнокислый 1-замещенный ЧДА 1,0 кг		12008830	https://minimed.ru/catalog.pdf	minimed.ru (PDF-каталог)

Пробирки вакуумные стерильные. Принадлежности для забора крови./ПЭТФ / стекло						
	ПЭТФ / стекло	Пробирки вакуумные стерильные. Принадлежности для забора крови./ПЭТФ / стекло		12007562	https://minimed.ru/catalog.pdf	minimed.ru (PDF-каталог)
	ПЭТФ / стекло	Пробирки вакуумные стерильные. Принадлежности для забора крови./ПЭТФ / стекло		12007563	https://minimed.ru/catalog.pdf	minimed.ru (PDF-каталог)
	ПЭТФ / стекло	Пробирки вакуумные стерильные. Принадлежности для забора крови./ПЭТФ / стекло		12007564	https://minimed.ru/catalog.pdf	minimed.ru (PDF-каталог)
	ПЭТФ / стекло	Пробирки вакуумные стерильные. Принадлежности для забора крови./ПЭТФ / стекло		12007559	https://minimed.ru/catalog.pdf	minimed.ru (PDF-каталог)
	ПЭТФ / стекло	Пробирки вакуумные стерильные. Принадлежности для забора крови./ПЭТФ / стекло		12007560	https://minimed.ru/catalog.pdf	minimed.ru (PDF-каталог)
	ПЭТФ / стекло	Пробирки вакуумные стерильные. Принадлежности для забора крови./ПЭТФ / стекло		12007561	https://minimed.ru/catalog.pdf	minimed.ru (PDF-каталог)
	ПЭТФ / стекло	Пробирки вакуумные стерильные. Принадлежности для забора крови./ПЭТФ / стекло		12007554	https://minimed.ru/catalog.pdf	minimed.ru (PDF-каталог)
	ПЭТФ / стекло	Пробирки вакуумные стерильные. Принадлежности для забора крови./ПЭТФ / стекло		12007555	https://minimed.ru/catalog.pdf	minimed.ru (PDF-каталог)
	ПЭТФ / стекло	Пробирки вакуумные стерильные. Принадлежности для забора крови./ПЭТФ / стекло		12007556	https://minimed.ru/catalog.pdf	minimed.ru (PDF-каталог)
	ПЭТФ / стекло	Пробирки вакуумные стерильные. Принадлежности для забора крови./ПЭТФ / стекло		12007557	https://minimed.ru/catalog.pdf	minimed.ru (PDF-каталог)
	ПЭТФ / стекло	Пробирки вакуумные стерильные. Принадлежности для забора крови./ПЭТФ / стекло		12007550	https://minimed.ru/catalog.pdf	minimed.ru (PDF-каталог)
	ПЭТФ / стекло	Пробирки вакуумные стерильные. Принадлежности для забора крови./ПЭТФ / стекло		12007551	https://minimed.ru/catalog.pdf	minimed.ru (PDF-каталог)
	ПЭТФ / стекло	Пробирки вакуумные стерильные. Принадлежности для забора крови./ПЭТФ / стекло		12007552	https://minimed.ru/catalog.pdf	minimed.ru (PDF-каталог)
	ПЭТФ / стекло	Пробирки вакуумные стерильные. Принадлежности для забора крови./ПЭТФ / стекло		12007553	https://minimed.ru/catalog.pdf	minimed.ru (PDF-каталог)

Пробирки вакуумные стерильные. Принадлежности для забора крови./ПЭТФ / стекло без пробки, мл						
	NH 8 16 100	Пробирки вакуумные стерильные. Принадлежности для забора крови./ПЭТФ / стекло без пробки, мл		12007547	https://minimed.ru/catalog.pdf	minimed.ru (PDF-каталог)
	NH 9 16 100	Пробирки вакуумные стерильные. Принадлежности для забора крови./ПЭТФ / стекло без пробки, мл		12007548	https://minimed.ru/catalog.pdf	minimed.ru (PDF-каталог)
	NH 10 16 100	Пробирки вакуумные стерильные. Принадлежности для забора крови./ПЭТФ / стекло без пробки, мл		12007549	https://minimed.ru/catalog.pdf	minimed.ru (PDF-каталог)
	LH 8 16 100	Пробирки вакуумные стерильные. Принадлежности для забора крови./ПЭТФ / стекло без пробки, мл		12007544	https://minimed.ru/catalog.pdf	minimed.ru (PDF-каталог)
	LH 9 16 100	Пробирки вакуумные стерильные. Принадлежности для забора крови./ПЭТФ / стекло без пробки, мл		12007545	https://minimed.ru/catalog.pdf	minimed.ru (PDF-каталог)
	LH 10 16 100	Пробирки вакуумные стерильные. Принадлежности для забора крови./ПЭТФ / стекло без пробки, мл		12007546	https://minimed.ru/catalog.pdf	minimed.ru (PDF-каталог)

Пробирки вакуумные стерильные. Принадлежности для забора крови./ПЭТФ / стекло без пробки, мм						
К2Е	ПЭТФ / стекло без пробки, мм	Пробирки вакуумные стерильные. Принадлежности для забора крови./ПЭТФ / стекло без пробки, мм		12007518	https://minimed.ru/catalog.pdf	minimed.ru (PDF-каталог)
К2Е	ПЭТФ / стекло без пробки, мм	Пробирки вакуумные стерильные. Принадлежности для забора крови./ПЭТФ / стекло без пробки, мм		12007519	https://minimed.ru/catalog.pdf	minimed.ru (PDF-каталог)
К2Е	ПЭТФ / стекло без пробки, мм	Пробирки вакуумные стерильные. Принадлежности для забора крови./ПЭТФ / стекло без пробки, мм		12007540	https://minimed.ru/catalog.pdf	minimed.ru (PDF-каталог)
К3Е	ПЭТФ / стекло без пробки, мм	Пробирки вакуумные стерильные. Принадлежности для забора крови./ПЭТФ / стекло без пробки, мм		12007541	https://minimed.ru/catalog.pdf	minimed.ru (PDF-каталог)
К3Е	ПЭТФ / стекло без пробки, мм	Пробирки вакуумные стерильные. Принадлежности для забора крови./ПЭТФ / стекло без пробки, мм		12007542	https://minimed.ru/catalog.pdf	minimed.ru (PDF-каталог)
К3Е	ПЭТФ / стекло без пробки, мм	Пробирки вакуумные стерильные. Принадлежности для забора крови./ПЭТФ / стекло без пробки, мм		12007543	https://minimed.ru/catalog.pdf	minimed.ru (PDF-каталог)

Пробирки вакуумные стерильные. Принадлежности для забора крови./Центрифугирование 1500 g - 10 минут						
	Gel+К2Е 8 16 100 12007098 / 12007536 Gel+К3Е 8 16 100	Пробирки вакуумные стерильные. Принадлежности для забора крови./Центрифугирование 1500 g - 10 минут		12007527	https://minimed.ru/catalog.pdf	minimed.ru (PDF-каталог)
	Gel+К2Е 9 16 100 12007099 / 12007537 Gel+К3Е 9 16 100	Пробирки вакуумные стерильные. Принадлежности для забора крови./Центрифугирование 1500 g - 10 минут		12007528	https://minimed.ru/catalog.pdf	minimed.ru (PDF-каталог)
	Gel+К2Е 10 16 100 12007101 / 12007539 Gel+К3Е 10 16 100	Пробирки вакуумные стерильные. Принадлежности для забора крови./Центрифугирование 1500 g - 10 минут		12007529	https://minimed.ru/catalog.pdf	minimed.ru (PDF-каталог)

Пробирки вакуумные стерильные. Принадлежности для забора крови./Центрифугирование 1000 - 1500 g - 10 минут						
	Центрифугирование 1000 - 1500 g - 10 минут	Пробирки вакуумные стерильные. Принадлежности для забора крови./Центрифугирование 1000 - 1500 g - 10 минут		12007052	https://minimed.ru/catalog.pdf	minimed.ru (PDF-каталог)

Пробирки вакуумные стерильные. Принадлежности для забора крови./Игла - «бабочка» (рис. 1в):						
	Игла - «бабочка» (рис. 1в):	Пробирки вакуумные стерильные. Принадлежности для забора крови./Игла - «бабочка» (рис. 1в):		12006342	https://minimed.ru/catalog.pdf	minimed.ru (PDF-каталог)

Пробирки вакуумные стерильные. Принадлежности для забора крови./3 12010818 Prolance Pediatric 1,2 1,5 (17G) розовый 200						
	Prolance Low Flow 1,4 0,53 (25G) синий 200	Пробирки вакуумные стерильные. Принадлежности для забора крови./3 12010818 Prolance Pediatric 1,2 1,5 (17G) розовый 200		12010811	https://minimed.ru/catalog.pdf	minimed.ru (PDF-каталог)
	Prolance Max Flow 1,6 1,5 (17G) сиреневый 200	Пробирки вакуумные стерильные. Принадлежности для забора крови./3 12010818 Prolance Pediatric 1,2 1,5 (17G) розовый 200		12010804	https://minimed.ru/catalog.pdf	minimed.ru (PDF-каталог)
	Prolance Micro Flow 1,6 0,36 (28G) голубой 200	Пробирки вакуумные стерильные. Принадлежности для забора крови./3 12010818 Prolance Pediatric 1,2 1,5 (17G) розовый 200		12010803	https://minimed.ru/catalog.pdf	minimed.ru (PDF-каталог)
	Prolance High Flow 1,8 1,25 (18G) желтый 200	Пробирки вакуумные стерильные. Принадлежности для забора крови./3 12010818 Prolance Pediatric 1,2 1,5 (17G) розовый 200		12010805	https://minimed.ru/catalog.pdf	minimed.ru (PDF-каталог)

Принадлежности для защиты персонала/Рекомендации при применении аптечки первой помощи(автомобильной) ..........................1						
	Рекомендации при применении аптечки первой помощи(автомобильной) ..........................1	Принадлежности для защиты персонала/Рекомендации при применении аптечки первой помощи(автомобильной) ..........................1		18000008	https://minimed.ru/catalog.pdf	minimed.ru (PDF-каталог)

Принадлежности для защиты персонала/Индивидуальная упаковка.						
	Индивидуальная упаковка.	Принадлежности для защиты персонала/Индивидуальная упаковка.		18000405	https://minimed.ru/catalog.pdf	minimed.ru (PDF-каталог)

Принадлежности для защиты персонала/«АЗРИ»						
	«АЗРИ»	Принадлежности для защиты персонала/«АЗРИ»		18001412	https://minimed.ru/catalog.pdf	minimed.ru (PDF-каталог)

Принадлежности для защиты персонала/Перчатки нитриловые						
	Перчатки нитриловые	Принадлежности для защиты персонала/Перчатки нитриловые		18001452	https://minimed.ru/catalog.pdf	minimed.ru (PDF-каталог)
	Перчатки нитриловые	Принадлежности для защиты персонала/Перчатки нитриловые		18001457	https://minimed.ru/catalog.pdf	minimed.ru (PDF-каталог)
	Перчатки нитриловые	Принадлежности для защиты персонала/Перчатки нитриловые		18001451	https://minimed.ru/catalog.pdf	minimed.ru (PDF-каталог)
	Перчатки нитриловые	Принадлежности для защиты персонала/Перчатки нитриловые		18001453	https://minimed.ru/catalog.pdf	minimed.ru (PDF-каталог)
	Перчатки нитриловые	Принадлежности для защиты персонала/Перчатки нитриловые		18001450	https://minimed.ru/catalog.pdf	minimed.ru (PDF-каталог)
	Перчатки нитриловые	Принадлежности для защиты персонала/Перчатки нитриловые		18001402	https://minimed.ru/catalog.pdf	minimed.ru (PDF-каталог)
	Перчатки нитриловые	Принадлежности для защиты персонала/Перчатки нитриловые		18001403	https://minimed.ru/catalog.pdf	minimed.ru (PDF-каталог)

Принадлежности для защиты персонала/Перчатки латексные смотровые						
	Перчатки латексные смотровые	Принадлежности для защиты персонала/Перчатки латексные смотровые		18001418	https://minimed.ru/catalog.pdf	minimed.ru (PDF-каталог)

Принадлежности для ПЦР/Микропробирки для криохранения						
	Микропробирки для криохранения	Принадлежности для ПЦР/Микропробирки для криохранения		11005560	https://minimed.ru/catalog.pdf	minimed.ru (PDF-каталог)

Принадлежности для ПЦР/Микропробирки						
	Микропробирки	Принадлежности для ПЦР/Микропробирки		11005571	https://minimed.ru/catalog.pdf	minimed.ru (PDF-каталог)

Лабораторная посуда 1 класса точности/Колбы мерные с пластмассовой пробкой						
	Колба мерная с пластмассовой пробкой	Лабораторная посуда 1 класса точности/Колбы мерные с пластмассовой пробкой		10001196	https://minimed.ru/catalog.pdf	minimed.ru (PDF-каталог)

Лабораторная посуда 1 класса точности/Технические характеристики пипеток						
4-1-1-1	Пипетка градуированная	Лабораторная посуда 1 класса точности/Технические характеристики пипеток		10008041	https://minimed.ru/catalog.pdf	minimed.ru (PDF-каталог)
4-1-1-2	Пипетка градуированная	Лабораторная посуда 1 класса точности/Технические характеристики пипеток		10008042	https://minimed.ru/catalog.pdf	minimed.ru (PDF-каталог)
4-2-1-5	Пипетка градуированная	Лабораторная посуда 1 класса точности/Технические характеристики пипеток		10008043	https://minimed.ru/catalog.pdf	minimed.ru (PDF-каталог)
4-2-1-10	Пипетка градуированная	Лабораторная посуда 1 класса точности/Технические характеристики пипеток		10008044	https://minimed.ru/catalog.pdf	minimed.ru (PDF-каталог)
4-2-1-25	Пипетка градуированная	Лабораторная посуда 1 класса точности/Технические характеристики пипеток		10008045	https://minimed.ru/catalog.pdf	minimed.ru (PDF-каталог)

Лабораторная посуда 1 класса точности/Цилиндры мерные с носиком на пластмассовом основании						
3-25-1	Цилиндр мерный с носиком на пластмассовом основании	Лабораторная посуда 1 класса точности/Цилиндры мерные с носиком на пластмассовом основании		10004621	https://minimed.ru/catalog.pdf	minimed.ru (PDF-каталог)
3-50-1	Цилиндр мерный с носиком на пластмассовом основании	Лабораторная посуда 1 класса точности/Цилиндры мерные с носиком на пластмассовом основании		10004620	https://minimed.ru/catalog.pdf	minimed.ru (PDF-каталог)
3-100-1	Цилиндр мерный с носиком на пластмассовом основании	Лабораторная посуда 1 класса точности/Цилиндры мерные с носиком на пластмассовом основании		10004622	https://minimed.ru/catalog.pdf	minimed.ru (PDF-каталог)
3-250-1	Цилиндр мерный с носиком на пластмассовом основании	Лабораторная посуда 1 класса точности/Цилиндры мерные с носиком на пластмассовом основании		10004623	https://minimed.ru/catalog.pdf	minimed.ru (PDF-каталог)
